2026-02-08 10:30:54,410 [INFO] Activator:176 - 


2026-02-08 10:30:54,412 [INFO] Activator:177 - !SESSION log4j initialized
2026-02-08 10:31:04,354 [INFO] LogOutputStream:77 - [STDOUT_REDIRECT] 
2026-02-08 10:31:09,352 [INFO] ApplicationProperties:184 - Using Application install path: D:\ST\STM32CubeIDE_1.9.0\STM32CubeIDE\plugins\com.st.stm32cube.common.mx_6.9.0.202307051724
2026-02-08 10:31:09,415 [INFO] DbMcusXml:78 - Set database path to: D:\ST\STM32CubeIDE_1.9.0\STM32CubeIDE\plugins\com.st.stm32cube.common.mx_6.9.0.202307051724\\db\/mcu/
2026-02-08 10:31:09,415 [INFO] ApiDb:274 - Set plugin database path to: D:\ST\STM32CubeIDE_1.9.0\STM32CubeIDE\plugins\com.st.stm32cube.common.mx_6.9.0.202307051724\\db\/plugins/boardmanager/
2026-02-08 10:31:09,416 [WARN] ApiDb:259 - Overriding images path with different value:  => D:\ST\STM32CubeIDE_1.9.0\STM32CubeIDE\plugins\com.st.stm32cube.common.mx_6.9.0.202307051724\\db\/plugins/mcufinder/images/
2026-02-08 10:31:09,500 [INFO] ApiDb:250 - Set database path to: C:\Users\soumy\.stmcufinder\plugins\mcufinder//mcu/
2026-02-08 10:31:09,501 [INFO] DbMcusAds:125 - Set database path to: C:\Users\soumy\.stmcufinder\plugins\mcufinder//mcu/
2026-02-08 10:31:09,503 [INFO] CrossReferenceDbSqlite:203 - Set database path to: C:\Users\soumy\.stmcufinder\plugins\mcufinder//mcu/cs/
2026-02-08 10:31:09,655 [INFO] RulesReader:64 - Compatibility file has been processed (293 Rules)
2026-02-08 10:31:09,897 [INFO] DbMcusXml:78 - Set database path to: D:\ST\STM32CubeIDE_1.9.0\STM32CubeIDE\plugins\com.st.stm32cube.common.mx_6.9.0.202307051724\\db\/mcu/
2026-02-08 10:31:09,897 [INFO] ApiDb:274 - Set plugin database path to: D:\ST\STM32CubeIDE_1.9.0\STM32CubeIDE\plugins\com.st.stm32cube.common.mx_6.9.0.202307051724\\db\/plugins/boardmanager/
2026-02-08 10:31:09,897 [INFO] ApiDb:261 - Set plugin images path to: D:\ST\STM32CubeIDE_1.9.0\STM32CubeIDE\plugins\com.st.stm32cube.common.mx_6.9.0.202307051724\\db\/plugins/mcufinder/images/
2026-02-08 10:31:09,897 [WARN] DbFile:41 - Overriding database path with different value: C:\Users\soumy\.stmcufinder\plugins\mcufinder/ => C:\Users\soumy\.stmcufinder\plugins\mcufinder
2026-02-08 10:31:09,897 [INFO] ApiDb:250 - Set database path to: C:\Users\soumy\.stmcufinder\plugins\mcufinder//mcu/
2026-02-08 10:31:09,897 [WARN] DbFile:41 - Overriding database path with different value: C:\Users\soumy\.stmcufinder\plugins\mcufinder/ => C:\Users\soumy\.stmcufinder\plugins\mcufinder
2026-02-08 10:31:09,897 [INFO] DbMcusAds:125 - Set database path to: C:\Users\soumy\.stmcufinder\plugins\mcufinder//mcu/
2026-02-08 10:31:09,897 [WARN] DbFile:41 - Overriding database path with different value: C:\Users\soumy\.stmcufinder\plugins\mcufinder/ => C:\Users\soumy\.stmcufinder\plugins\mcufinder
2026-02-08 10:31:09,898 [WARN] DbFile:41 - Overriding database path with different value: C:\Users\soumy\.stmcufinder\plugins\mcufinder/ => C:\Users\soumy\.stmcufinder\plugins\mcufinder
2026-02-08 10:31:09,898 [INFO] CrossReferenceDbSqlite:203 - Set database path to: C:\Users\soumy\.stmcufinder\plugins\mcufinder//mcu/cs/
2026-02-08 10:31:10,180 [INFO] MainPanel:262 - HeapMemory: 268435456
2026-02-08 10:31:10,428 [INFO] DbMcusXml:78 - Set database path to: D:\ST\STM32CubeIDE_1.9.0\STM32CubeIDE\plugins\com.st.stm32cube.common.mx_6.9.0.202307051724\\db\/mcu/
2026-02-08 10:31:10,428 [INFO] ApiDb:274 - Set plugin database path to: D:\ST\STM32CubeIDE_1.9.0\STM32CubeIDE\plugins\com.st.stm32cube.common.mx_6.9.0.202307051724\\db\/plugins/boardmanager/
2026-02-08 10:31:10,428 [INFO] ApiDb:261 - Set plugin images path to: D:\ST\STM32CubeIDE_1.9.0\STM32CubeIDE\plugins\com.st.stm32cube.common.mx_6.9.0.202307051724\\db\/plugins/mcufinder/images/
2026-02-08 10:31:10,442 [WARN] DbFile:41 - Overriding database path with different value: C:\Users\soumy\.stmcufinder\plugins\mcufinder/ => C:\Users\soumy\.stmcufinder\plugins\mcufinder
2026-02-08 10:31:10,443 [INFO] ApiDb:250 - Set database path to: C:\Users\soumy\.stmcufinder\plugins\mcufinder//mcu/
2026-02-08 10:31:10,443 [WARN] DbFile:41 - Overriding database path with different value: C:\Users\soumy\.stmcufinder\plugins\mcufinder/ => C:\Users\soumy\.stmcufinder\plugins\mcufinder
2026-02-08 10:31:10,443 [INFO] DbMcusAds:125 - Set database path to: C:\Users\soumy\.stmcufinder\plugins\mcufinder//mcu/
2026-02-08 10:31:10,443 [WARN] DbFile:41 - Overriding database path with different value: C:\Users\soumy\.stmcufinder\plugins\mcufinder/ => C:\Users\soumy\.stmcufinder\plugins\mcufinder
2026-02-08 10:31:10,443 [WARN] DbFile:41 - Overriding database path with different value: C:\Users\soumy\.stmcufinder\plugins\mcufinder/ => C:\Users\soumy\.stmcufinder\plugins\mcufinder
2026-02-08 10:31:10,443 [INFO] CrossReferenceDbSqlite:203 - Set database path to: C:\Users\soumy\.stmcufinder\plugins\mcufinder//mcu/cs/
2026-02-08 10:31:10,476 [INFO] ApplicationProperties:184 - Using Application install path: D:\ST\STM32CubeIDE_1.9.0\STM32CubeIDE\plugins\com.st.stm32cube.common.mx_6.9.0.202307051724
2026-02-08 10:31:10,477 [INFO] PluginManage:196 - Search for loadable plugins [exclusion list=, ]
2026-02-08 10:31:10,478 [INFO] PluginManage:310 - Check plugin analytics
2026-02-08 10:31:10,839 [INFO] AnalyticsPlugin:253 - Accepted Software Licenses: STM32CubeMX.6.15.0
2026-02-08 10:31:10,839 [INFO] AnalyticsPlugin:255 - Accepted CMSIS Pack Licenses: 
2026-02-08 10:31:10,839 [INFO] AnalyticsPlugin:257 - Accepted Firmware Licenses: FW.F4.1.28.0,FW.H5.1.5.0
2026-02-08 10:31:10,842 [INFO] PluginManage:359 - Loaded plugin analytics (category:tool,tabindex:-1)
2026-02-08 10:31:10,842 [INFO] PluginManage:310 - Check plugin cadmodel
2026-02-08 10:31:10,895 [INFO] CADModel:105 - Init CAD model plugin
2026-02-08 10:31:10,895 [INFO] PluginManage:359 - Loaded plugin cadmodel (category:power,tabindex:5)
2026-02-08 10:31:10,895 [INFO] PluginManage:310 - Check plugin clock
2026-02-08 10:31:10,939 [INFO] PluginManage:359 - Loaded plugin clock (category:base,tabindex:2)
2026-02-08 10:31:10,939 [INFO] PluginManage:310 - Check plugin ddr
2026-02-08 10:31:10,960 [INFO] PluginManage:359 - Loaded plugin ddr (category:tool,tabindex:6)
2026-02-08 10:31:10,961 [INFO] PluginManage:310 - Check plugin filemanager
2026-02-08 10:31:11,530 [INFO] PluginManage:359 - Loaded plugin filemanager (category:base,tabindex:10)
2026-02-08 10:31:11,530 [INFO] PluginManage:310 - Check plugin ipmanager
2026-02-08 10:31:11,566 [INFO] PluginManage:359 - Loaded plugin ipmanager (category:base,tabindex:5)
2026-02-08 10:31:11,567 [INFO] PluginManage:310 - Check plugin lpbam
2026-02-08 10:31:11,587 [INFO] PluginManage:359 - Loaded plugin lpbam (category:base,tabindex:0)
2026-02-08 10:31:11,588 [INFO] PluginManage:310 - Check plugin memorymap
2026-02-08 10:31:11,648 [INFO] PluginManage:359 - Loaded plugin memorymap (category:base,tabindex:4)
2026-02-08 10:31:11,648 [INFO] PluginManage:310 - Check plugin pinoutandconfiguration
2026-02-08 10:31:11,692 [INFO] PluginManage:359 - Loaded plugin pinoutandconfiguration (category:base,tabindex:1)
2026-02-08 10:31:11,692 [INFO] PluginManage:310 - Check plugin pinoutconfig
2026-02-08 10:31:11,859 [WARN] SupportedApi:132 - Cannot load RTOS API schema: s4s-elt-must-match.1: The content of 'definitions' must match (annotation?, (simpleType | complexType)?, (unique | key | keyref)*)). A problem was found starting at: attribute.
2026-02-08 10:31:12,167 [INFO] PluginManage:359 - Loaded plugin pinoutconfig (category:base,tabindex:0)
2026-02-08 10:31:12,168 [INFO] PluginManage:310 - Check plugin power
2026-02-08 10:31:12,215 [INFO] PluginManage:359 - Loaded plugin power (category:power,tabindex:4)
2026-02-08 10:31:12,215 [INFO] PluginManage:310 - Check plugin projectmanager
2026-02-08 10:31:12,236 [INFO] PluginManage:359 - Loaded plugin projectmanager (category:projectmanager,tabindex:3)
2026-02-08 10:31:12,236 [INFO] PluginManage:310 - Check plugin thirdparty
2026-02-08 10:31:12,747 [INFO] PluginManage:359 - Loaded plugin thirdparty (category:base,tabindex:-1)
2026-02-08 10:31:12,747 [INFO] PluginManage:310 - Check plugin tools
2026-02-08 10:31:12,747 [WARN] IntegrityCheckThread:84 - waiting for thirdparty lock release [integrity check]
2026-02-08 10:31:12,747 [INFO] IntegrityCheckThread:86 - entering critical section [integrity check]
2026-02-08 10:31:12,747 [INFO] ThirdPartyUpdaterWithRetryManager:70 - Updater plugin not ready yet. [1/15]
2026-02-08 10:31:12,767 [INFO] PluginManage:359 - Loaded plugin tools (category:base,tabindex:7)
2026-02-08 10:31:12,767 [INFO] PluginManage:310 - Check plugin tutovideos
2026-02-08 10:31:13,012 [INFO] PluginManage:359 - Loaded plugin tutovideos (category:base,tabindex:-1)
2026-02-08 10:31:13,012 [INFO] PluginManage:310 - Check plugin updater
2026-02-08 10:31:13,038 [INFO] PluginManage:359 - Loaded plugin updater (category:base,tabindex:12)
2026-02-08 10:31:13,038 [INFO] PluginManage:310 - Check plugin userauth
2026-02-08 10:31:13,067 [INFO] UserAuth:113 - Init User Auth plugin
2026-02-08 10:31:13,067 [INFO] PluginManage:359 - Loaded plugin userauth (category:base,tabindex:14)
2026-02-08 10:31:13,067 [INFO] PluginManage:283 - PluginManage : Loaded plugins [17]
2026-02-08 10:31:13,822 [INFO] PinOutPanel:1499 - setPackage(No Configuration,No Configuration)
2026-02-08 10:31:14,032 [INFO] CADModel:165 - CPN selected for project level
2026-02-08 10:31:14,032 [INFO] CADModel:114 - Register for checkConnection events
2026-02-08 10:31:14,140 [INFO] IPUIPlugin:80 - create IPUIPlugin
2026-02-08 10:31:14,141 [INFO] PluginManager:220 - loadIPPluginJar : add adc
2026-02-08 10:31:14,163 [INFO] IPUIPlugin:80 - create IPUIPlugin
2026-02-08 10:31:14,163 [INFO] PluginManager:220 - loadIPPluginJar : add aes
2026-02-08 10:31:14,175 [INFO] IPUIPlugin:80 - create IPUIPlugin
2026-02-08 10:31:14,175 [INFO] PluginManager:220 - loadIPPluginJar : add can
2026-02-08 10:31:14,194 [INFO] IPUIPlugin:80 - create IPUIPlugin
2026-02-08 10:31:14,194 [INFO] PluginManager:220 - loadIPPluginJar : add comp
2026-02-08 10:31:14,209 [INFO] IPUIPlugin:80 - create IPUIPlugin
2026-02-08 10:31:14,209 [INFO] PluginManager:220 - loadIPPluginJar : add cryp
2026-02-08 10:31:14,211 [INFO] IPUIPlugin:80 - create IPUIPlugin
2026-02-08 10:31:14,211 [INFO] PluginManager:220 - loadIPPluginJar : add dfsdm
2026-02-08 10:31:14,230 [INFO] IPUIPlugin:80 - create IPUIPlugin
2026-02-08 10:31:14,248 [INFO] PluginManager:220 - loadIPPluginJar : add dma
2026-02-08 10:31:14,251 [INFO] IPUIPlugin:80 - create IPUIPlugin
2026-02-08 10:31:14,251 [INFO] PluginManager:220 - loadIPPluginJar : add dma3
2026-02-08 10:31:14,266 [INFO] IPUIPlugin:80 - create IPUIPlugin
2026-02-08 10:31:14,266 [INFO] PluginManager:220 - loadIPPluginJar : add fatfs
2026-02-08 10:31:14,280 [INFO] IPUIPlugin:80 - create IPUIPlugin
2026-02-08 10:31:14,280 [INFO] PluginManager:220 - loadIPPluginJar : add fmc
2026-02-08 10:31:14,307 [INFO] IPUIPlugin:80 - create IPUIPlugin
2026-02-08 10:31:14,307 [INFO] PluginManager:220 - loadIPPluginJar : add freertos
2026-02-08 10:31:14,326 [INFO] IPUIPlugin:80 - create IPUIPlugin
2026-02-08 10:31:14,326 [INFO] PluginManager:220 - loadIPPluginJar : add genericplugin
2026-02-08 10:31:14,328 [INFO] IPUIPlugin:80 - create IPUIPlugin
2026-02-08 10:31:14,328 [INFO] PluginManager:220 - loadIPPluginJar : add gfxmmu
2026-02-08 10:31:14,338 [INFO] IPUIPlugin:80 - create IPUIPlugin
2026-02-08 10:31:14,338 [INFO] PluginManager:220 - loadIPPluginJar : add gic
2026-02-08 10:31:14,375 [INFO] IPUIPlugin:80 - create IPUIPlugin
2026-02-08 10:31:14,375 [INFO] PluginManager:220 - loadIPPluginJar : add gpio
2026-02-08 10:31:14,411 [INFO] IPUIPlugin:80 - create IPUIPlugin
2026-02-08 10:31:14,411 [INFO] PluginManager:220 - loadIPPluginJar : add gtzc
2026-02-08 10:31:14,413 [INFO] IPUIPlugin:80 - create IPUIPlugin
2026-02-08 10:31:14,413 [INFO] PluginManager:220 - loadIPPluginJar : add hash
2026-02-08 10:31:14,422 [INFO] IPUIPlugin:80 - create IPUIPlugin
2026-02-08 10:31:14,422 [INFO] PluginManager:220 - loadIPPluginJar : add i2c
2026-02-08 10:31:14,434 [INFO] IPUIPlugin:80 - create IPUIPlugin
2026-02-08 10:31:14,434 [INFO] PluginManager:220 - loadIPPluginJar : add i2s
2026-02-08 10:31:14,450 [INFO] IPUIPlugin:80 - create IPUIPlugin
2026-02-08 10:31:14,451 [INFO] PluginManager:220 - loadIPPluginJar : add i3c
2026-02-08 10:31:14,454 [INFO] IPUIPlugin:80 - create IPUIPlugin
2026-02-08 10:31:14,454 [INFO] PluginManager:220 - loadIPPluginJar : add ipddr
2026-02-08 10:31:14,487 [INFO] IPUIPlugin:80 - create IPUIPlugin
2026-02-08 10:31:14,487 [INFO] PluginManager:220 - loadIPPluginJar : add linkedlist
2026-02-08 10:31:14,504 [INFO] IPUIPlugin:80 - create IPUIPlugin
2026-02-08 10:31:14,504 [INFO] PluginManager:220 - loadIPPluginJar : add lorawan
2026-02-08 10:31:14,505 [INFO] IPUIPlugin:80 - create IPUIPlugin
2026-02-08 10:31:14,505 [INFO] PluginManager:220 - loadIPPluginJar : add ltdc
2026-02-08 10:31:14,523 [INFO] IPUIPlugin:80 - create IPUIPlugin
2026-02-08 10:31:14,524 [INFO] PluginManager:220 - loadIPPluginJar : add mdma
2026-02-08 10:31:14,539 [INFO] IPUIPlugin:80 - create IPUIPlugin
2026-02-08 10:31:14,539 [INFO] PluginManager:220 - loadIPPluginJar : add nvic
2026-02-08 10:31:14,555 [INFO] IPUIPlugin:80 - create IPUIPlugin
2026-02-08 10:31:14,555 [INFO] PluginManager:220 - loadIPPluginJar : add opamp
2026-02-08 10:31:14,575 [INFO] IPUIPlugin:80 - create IPUIPlugin
2026-02-08 10:31:14,576 [INFO] PluginManager:220 - loadIPPluginJar : add openamp
2026-02-08 10:31:14,591 [INFO] IPUIPlugin:80 - create IPUIPlugin
2026-02-08 10:31:14,591 [INFO] PluginManager:220 - loadIPPluginJar : add pdm2pcm
2026-02-08 10:31:14,609 [INFO] IPUIPlugin:80 - create IPUIPlugin
2026-02-08 10:31:14,611 [INFO] PluginManager:220 - loadIPPluginJar : add plateformsettings
2026-02-08 10:31:14,622 [INFO] IPUIPlugin:80 - create IPUIPlugin
2026-02-08 10:31:14,622 [INFO] PluginManager:220 - loadIPPluginJar : add quadspi
2026-02-08 10:31:14,759 [INFO] IPUIPlugin:80 - create IPUIPlugin
2026-02-08 10:31:14,759 [INFO] PluginManager:220 - loadIPPluginJar : add resmgrutility
2026-02-08 10:31:14,786 [INFO] IPUIPlugin:80 - create IPUIPlugin
2026-02-08 10:31:14,786 [INFO] PluginManager:220 - loadIPPluginJar : add sai
2026-02-08 10:31:14,798 [INFO] IPUIPlugin:80 - create IPUIPlugin
2026-02-08 10:31:14,798 [INFO] PluginManager:220 - loadIPPluginJar : add spi
2026-02-08 10:31:14,845 [INFO] IPUIPlugin:80 - create IPUIPlugin
2026-02-08 10:31:14,845 [INFO] PluginManager:220 - loadIPPluginJar : add stm32_wpan
2026-02-08 10:31:14,859 [INFO] IPUIPlugin:80 - create IPUIPlugin
2026-02-08 10:31:14,859 [INFO] PluginManager:220 - loadIPPluginJar : add tim
2026-02-08 10:31:14,876 [INFO] IPUIPlugin:80 - create IPUIPlugin
2026-02-08 10:31:14,876 [INFO] PluginManager:220 - loadIPPluginJar : add touchsensing
2026-02-08 10:31:14,878 [INFO] IPUIPlugin:80 - create IPUIPlugin
2026-02-08 10:31:14,878 [INFO] PluginManager:220 - loadIPPluginJar : add tracer_emb
2026-02-08 10:31:14,880 [INFO] IPUIPlugin:80 - create IPUIPlugin
2026-02-08 10:31:14,881 [INFO] PluginManager:220 - loadIPPluginJar : add ts
2026-02-08 10:31:14,882 [INFO] IPUIPlugin:80 - create IPUIPlugin
2026-02-08 10:31:14,882 [INFO] PluginManager:220 - loadIPPluginJar : add tsc
2026-02-08 10:31:14,884 [INFO] IPUIPlugin:80 - create IPUIPlugin
2026-02-08 10:31:14,884 [INFO] PluginManager:220 - loadIPPluginJar : add ucpd
2026-02-08 10:31:14,886 [INFO] IPUIPlugin:80 - create IPUIPlugin
2026-02-08 10:31:14,886 [INFO] PluginManager:220 - loadIPPluginJar : add usart
2026-02-08 10:31:14,888 [INFO] IPUIPlugin:80 - create IPUIPlugin
2026-02-08 10:31:14,888 [INFO] PluginManager:220 - loadIPPluginJar : add usbx
2026-02-08 10:31:15,192 [INFO] CADModel:165 - CPN selected for project level
2026-02-08 10:31:15,192 [INFO] CADModel:114 - Register for checkConnection events
2026-02-08 10:31:15,193 [FATAL] Updater:308 - Updater called before beeing initialized
2026-02-08 10:31:15,193 [ERROR] CADModel:125 - Updater not yet initialized, retry later 
2026-02-08 10:31:15,727 [INFO] CADModel:165 - CPN selected for project level
2026-02-08 10:31:15,727 [INFO] CADModel:114 - Register for checkConnection events
2026-02-08 10:31:15,727 [FATAL] Updater:308 - Updater called before beeing initialized
2026-02-08 10:31:15,727 [ERROR] CADModel:125 - Updater not yet initialized, retry later 
2026-02-08 10:31:15,742 [FATAL] Updater:308 - Updater called before beeing initialized
2026-02-08 10:31:15,750 [INFO] ThirdPartyUpdaterWithRetryManager:70 - Updater plugin not ready yet. [2/15]
2026-02-08 10:31:16,294 [FATAL] Updater:308 - Updater called before beeing initialized
2026-02-08 10:31:16,313 [INFO] DbMcusAds:53 - JSON generation date=Thu Jan 08 21:27:51 IST 2026 (1767887871456)
2026-02-08 10:31:16,313 [FATAL] Updater:308 - Updater called before beeing initialized
2026-02-08 10:31:16,733 [WARN] DetailPanel:346 - Failed to get advertising image, set to default
2026-02-08 10:31:16,855 [FATAL] Updater:308 - Updater called before beeing initialized
2026-02-08 10:31:16,857 [FATAL] Updater:308 - Updater called before beeing initialized
2026-02-08 10:31:16,857 [FATAL] Updater:308 - Updater called before beeing initialized
2026-02-08 10:31:16,858 [WARN] DetailPanel:346 - Failed to get advertising image, set to default
2026-02-08 10:31:16,858 [FATAL] Updater:308 - Updater called before beeing initialized
2026-02-08 10:31:17,000 [ERROR] Updater:1120 - MainUpdater not yet initialized. External WinMGr cannot be set.
2026-02-08 10:31:17,012 [INFO] Updater:1056 - Updater Version found : 6.9.0
2026-02-08 10:31:17,055 [INFO] ApplicationProperties:184 - Using Application install path: D:\ST\STM32CubeIDE_1.9.0\STM32CubeIDE\plugins\com.st.stm32cube.common.mx_6.9.0.202307051724
2026-02-08 10:31:17,130 [INFO] MainUpdater:521 - Copy updater definitions from MX database
2026-02-08 10:31:17,242 [INFO] MainUpdater:2868 - connection check result : 10
2026-02-08 10:31:17,242 [INFO] MainUpdater:3562 - Updater definition file requires update
2026-02-08 10:31:17,242 [INFO] MainUpdater:285 - Updater Check For Update Now.
2026-02-08 10:31:17,243 [INFO] MicroXplorer:498 - Change Database Version : DB.6.0.90
2026-02-08 10:31:17,264 [INFO] ServerAccessManage:473 - Download File updaters.zip
2026-02-08 10:31:17,285 [INFO] McuFinderGlobals:63 - Set McuFinder mode to 2 (CubeIDE integrated)
2026-02-08 10:31:17,285 [INFO] UserAuth:179 - activating auth plugin
2026-02-08 10:31:17,298 [INFO] UserAuth:393 - Internet connection configuration mode: 1
2026-02-08 10:31:17,564 [INFO] FileExtend:240 - Unzip File : updaters.zip
2026-02-08 10:31:17,565 [INFO] FileExtend:255 - Standard Zip Deflate
2026-02-08 10:31:17,862 [INFO] JxBrowserEngine:151 - Initiate JxBrowser Engine with user profile folder
2026-02-08 10:31:17,906 [INFO] ServerAccessManage:473 - Download File PacksControlFlags.xml
2026-02-08 10:31:18,024 [INFO] ServerAccessManage:473 - Download File cubemx.pidx
2026-02-08 10:31:18,659 [INFO] LoadServerUpdatesThread:373 - End of LoadServerUpdate Thread
2026-02-08 10:31:18,752 [WARN] MainUpdater:1189 - Updater busy. Cannot search thirdparties
2026-02-08 10:31:18,752 [INFO] ThirdPartyUpdaterWithRetryManager:96 - Updater plugin is busy. [1/15]
2026-02-08 10:31:18,890 [INFO] CheckServerUpdateThread:120 - End of CheckServer Thread
2026-02-08 10:31:22,928 [WARN] PackLoader:240 - Cannot read IP mode file for STMicroelectronics.FP-SNS-MOTENVWB1.1.4.0
2026-02-08 10:31:22,937 [WARN] PackLoader:240 - Cannot read IP mode file for STMicroelectronics.FP-ATR-ASTRA1.2.0.2
2026-02-08 10:31:22,944 [WARN] PackLoader:240 - Cannot read IP mode file for STMicroelectronics.X-CUBE-SMBUS.2.1.0
2026-02-08 10:31:22,948 [ERROR] Engine:466 - C:\Users\soumy\.stm32cubemx\thirdparties\pdsc\STMicroelectronics.X-CUBE-ST60.1.0.0.pdsc: PDSC version is not supported
2026-02-08 10:31:22,984 [WARN] PackLoader:240 - Cannot read IP mode file for STMicroelectronics.X-CUBE-AZRTOS-F7.1.1.0
2026-02-08 10:31:22,994 [ERROR] Engine:466 - C:\Users\soumy\.stm32cubemx\thirdparties\pdsc\STMicroelectronics.FP-SNS-MOTENV1.5.1.0.pdsc: PDSC version is not supported
2026-02-08 10:31:22,997 [ERROR] Engine:466 - C:\Users\soumy\.stm32cubemx\thirdparties\pdsc\WES.I-CUBE-Cesium.1.4.0.pdsc: PDSC version is not supported
2026-02-08 10:31:23,003 [ERROR] Engine:466 - C:\Users\soumy\.stm32cubemx\thirdparties\pdsc\Infineon.AIROC-Wi-Fi-Bluetooth-STM32.1.7.1.pdsc: PDSC version is not supported
2026-02-08 10:31:23,030 [WARN] PackLoader:240 - Cannot read IP mode file for STMicroelectronics.X-CUBE-AZRTOS-H7.3.4.0
2026-02-08 10:31:23,046 [WARN] PackLoader:240 - Cannot read IP mode file for STMicroelectronics.X-CUBE-DISPLAY.3.0.0
2026-02-08 10:31:23,065 [WARN] PackLoader:240 - Cannot read IP mode file for STMicroelectronics.X-CUBE-NFC10.1.0.0
2026-02-08 10:31:23,070 [ERROR] Engine:466 - C:\Users\soumy\.stm32cubemx\thirdparties\pdsc\STMicroelectronics.X-CUBE-ST60.1.1.0.pdsc: PDSC version is not supported
2026-02-08 10:31:23,076 [WARN] PackLoader:240 - Cannot read IP mode file for emotas.I-CUBE-CANOPEN.1.3.0
2026-02-08 10:31:23,084 [WARN] PackLoader:240 - Cannot read IP mode file for STMicroelectronics.X-CUBE-GNSS1.7.1.0
2026-02-08 10:31:23,089 [ERROR] Engine:466 - C:\Users\soumy\.stm32cubemx\thirdparties\pdsc\STMicroelectronics.FP-SNS-STBOX1.2.1.0.pdsc: PDSC version is not supported
2026-02-08 10:31:23,095 [WARN] PackLoader:240 - Cannot read IP mode file for STMicroelectronics.FP-SNS-SMARTAG2.1.2.0
2026-02-08 10:31:23,098 [ERROR] Engine:466 - C:\Users\soumy\.stm32cubemx\thirdparties\pdsc\STMicroelectronics.FP-SNS-FLIGHT1.5.1.0.pdsc: PDSC version is not supported
2026-02-08 10:31:23,109 [INFO] LogOutputStream:77 - [STDOUT_REDIRECT] 1 : Invalid condition id : UX_CORESTACK_Condition cause : null
2026-02-08 10:31:23,110 [INFO] LogOutputStream:77 - [STDOUT_REDIRECT] 1 : Invalid condition id : UX_CORESTACK_Condition cause : null
2026-02-08 10:31:23,111 [INFO] LogOutputStream:77 - [STDOUT_REDIRECT] 1 : Invalid condition id : UX_CORESTACK_Condition cause : null
2026-02-08 10:31:23,113 [INFO] LogOutputStream:77 - [STDOUT_REDIRECT] 1 : Invalid condition id : UX_CORESTACK_Condition cause : null
2026-02-08 10:31:23,114 [INFO] LogOutputStream:77 - [STDOUT_REDIRECT] 1 : Invalid condition id : UX_CORESTACK_Condition cause : null
2026-02-08 10:31:23,120 [WARN] PackLoader:240 - Cannot read IP mode file for STMicroelectronics.X-CUBE-AZRTOS-WL.2.0.0
2026-02-08 10:31:23,127 [WARN] PackLoader:240 - Cannot read IP mode file for STMicroelectronics.FP-SNS-MOTENV1.5.0.0
2026-02-08 10:31:23,148 [WARN] PackLoader:240 - Cannot read IP mode file for STMicroelectronics.X-CUBE-AZRTOS-H7RS.1.2.0
2026-02-08 10:31:23,156 [WARN] PackLoader:240 - Cannot read IP mode file for STMicroelectronics.X-CUBE-BLE2.3.3.0
2026-02-08 10:31:23,159 [ERROR] Engine:466 - C:\Users\soumy\.stm32cubemx\thirdparties\pdsc\Avnet-IOTCONNECT.X-CUBE-iotc-st67-sdk.1.0.0.pdsc: PDSC version is not supported
2026-02-08 10:31:23,230 [WARN] PackLoader:240 - Cannot read IP mode file for STMicroelectronics.X-CUBE-NFC9.1.0.0
2026-02-08 10:31:23,236 [WARN] PackLoader:240 - Cannot read IP mode file for wolfSSL.I-CUBE-wolfSSL.5.8.2
2026-02-08 10:31:23,240 [WARN] PackLoader:240 - Cannot read IP mode file for STMicroelectronics.X-CUBE-BLE1.7.1.0
2026-02-08 10:31:23,243 [WARN] PackLoader:240 - Cannot read IP mode file for wolfSSL.I-CUBE-wolfMQTT.1.19.2
2026-02-08 10:31:23,246 [ERROR] Engine:466 - C:\Users\soumy\.stm32cubemx\thirdparties\pdsc\STMicroelectronics.X-CUBE-FREERTOS.1.4.0.pdsc: PDSC version is not supported
2026-02-08 10:31:23,251 [WARN] PackLoader:240 - Cannot read IP mode file for STMicroelectronics.X-CUBE-EEPRMA1.5.2.0
2026-02-08 10:31:23,255 [ERROR] Engine:466 - C:\Users\soumy\.stm32cubemx\thirdparties\pdsc\STMicroelectronics.X-CUBE-ST67W61.1.1.0.pdsc: PDSC version is not supported
2026-02-08 10:31:23,348 [WARN] PackLoader:240 - Cannot read IP mode file for STMicroelectronics.X-CUBE-MEMS1.12.0.0
2026-02-08 10:31:23,496 [WARN] PackLoader:240 - Cannot read IP mode file for STMicroelectronics.X-CUBE-AZRTOS-G0.1.1.0
2026-02-08 10:31:23,506 [WARN] PackLoader:240 - Cannot read IP mode file for STMicroelectronics.X-CUBE-SAFEA1.1.2.2
2026-02-08 10:31:23,513 [WARN] PackLoader:240 - Cannot read IP mode file for STMicroelectronics.X-CUBE-NFC4.3.0.0
2026-02-08 10:31:23,516 [ERROR] Engine:466 - C:\Users\soumy\.stm32cubemx\thirdparties\pdsc\EmbeddedOffice.I-CUBE-FS-RTOS.1.0.1.pdsc: PDSC version is not supported
2026-02-08 10:31:23,523 [WARN] PackLoader:240 - Cannot read IP mode file for STMicroelectronics.X-CUBE-WB05N.2.0.0
2026-02-08 10:31:23,529 [WARN] PackLoader:240 - Cannot read IP mode file for wolfSSL.I-CUBE-wolfTPM.3.8.0
2026-02-08 10:31:23,533 [ERROR] Engine:466 - C:\Users\soumy\.stm32cubemx\thirdparties\pdsc\STMicroelectronics.X-CUBE-TCPP.4.2.0.pdsc: PDSC version is not supported
2026-02-08 10:31:23,535 [ERROR] Engine:466 - C:\Users\soumy\.stm32cubemx\thirdparties\pdsc\RealThread.X-CUBE-RT-Thread_Nano.4.1.1.pdsc: PDSC version is not supported
2026-02-08 10:31:23,540 [WARN] PackLoader:240 - Cannot read IP mode file for STMicroelectronics.FP-ATR-SIGFOX1.3.2.0
2026-02-08 10:31:23,546 [WARN] PackLoader:240 - Cannot read IP mode file for ITTIA_DB.I-CUBE-ITTIADB.8.9.0
2026-02-08 10:31:23,555 [WARN] PackLoader:240 - Cannot read IP mode file for STMicroelectronics.X-CUBE-NFC6.3.2.0
2026-02-08 10:31:23,562 [ERROR] Engine:466 - C:\Users\soumy\.stm32cubemx\thirdparties\pdsc\STMicroelectronics.X-CUBE-ST67W61.1.0.0.pdsc: PDSC version is not supported
2026-02-08 10:31:23,566 [WARN] PackLoader:240 - Cannot read IP mode file for STMicroelectronics.X-CUBE-AI.10.2.0
2026-02-08 10:31:23,662 [WARN] PackLoader:240 - Cannot read IP mode file for SEGGER.I-CUBE-embOS.1.3.1
2026-02-08 10:31:23,779 [WARN] PackLoader:240 - Cannot read IP mode file for STMicroelectronics.X-CUBE-ALGOBUILD.1.4.0
2026-02-08 10:31:23,836 [WARN] PackLoader:240 - Cannot read IP mode file for STMicroelectronics.X-CUBE-MEMS1.11.3.0
2026-02-08 10:31:24,004 [WARN] PackLoader:240 - Cannot read IP mode file for STMicroelectronics.X-CUBE-PM33A1.1.0.0
2026-02-08 10:31:24,022 [WARN] PackLoader:240 - Cannot read IP mode file for STMicroelectronics.X-CUBE-AZRTOS-F4.1.1.0
2026-02-08 10:31:24,027 [ERROR] Engine:466 - C:\Users\soumy\.stm32cubemx\thirdparties\pdsc\Avnet-IotConnect.X-CUBE-IoTC-DA16k-PMOD.1.0.0.pdsc: PDSC version is not supported
2026-02-08 10:31:24,031 [WARN] PackLoader:240 - Cannot read IP mode file for STMicroelectronics.X-CUBE-ISPU.2.1.0
2026-02-08 10:31:24,200 [ERROR] Engine:466 - C:\Users\soumy\.stm32cubemx\thirdparties\pdsc\STMicroelectronics.X-CUBE-IPS.3.2.0.pdsc: PDSC version is not supported
2026-02-08 10:31:24,252 [WARN] PackLoader:240 - Cannot read IP mode file for STMicroelectronics.X-CUBE-NFC12.1.0.0
2026-02-08 10:31:24,278 [WARN] PackLoader:240 - Cannot read IP mode file for STMicroelectronics.X-CUBE-AZRTOS-L5.2.0.0
2026-02-08 10:31:24,310 [WARN] PackLoader:240 - Cannot read IP mode file for STMicroelectronics.X-CUBE-NFC6.3.1.0
2026-02-08 10:31:24,327 [WARN] PackLoader:240 - Cannot read IP mode file for STMicroelectronics.X-CUBE-FREERTOS.1.3.1
2026-02-08 10:31:24,496 [WARN] PackLoader:240 - Cannot read IP mode file for STMicroelectronics.X-CUBE-TOUCHGFX.4.26.0
2026-02-08 10:31:24,498 [ERROR] Engine:466 - C:\Users\soumy\.stm32cubemx\thirdparties\pdsc\STMicroelectronics.FP-SNS-STAIOTCFT.1.0.0.pdsc: PDSC version is not supported
2026-02-08 10:31:24,500 [ERROR] Engine:466 - C:\Users\soumy\.stm32cubemx\thirdparties\pdsc\STMicroelectronics.X-CUBE-DPower.1.3.0.pdsc: PDSC version is not supported
2026-02-08 10:31:24,514 [WARN] ConditionMgr:438 - getConditionDescription Invalid condition id : LAN8742 Phy interface Condition cause : null
2026-02-08 10:31:24,514 [WARN] PackLoader:240 - Cannot read IP mode file for STMicroelectronics.X-CUBE-AZRTOS-L4.2.0.0
2026-02-08 10:31:24,515 [WARN] ConditionMgr:1039 - genDependencies : Invalid condition id : LAN8742 Phy interface Condition cause : null
2026-02-08 10:31:24,515 [WARN] ConditionMgr:1039 - genDependencies : Invalid condition id : LAN8742 Phy interface Condition cause : null
2026-02-08 10:31:24,515 [WARN] ConditionMgr:1039 - genDependencies : Invalid condition id : LAN8742 Phy interface Condition cause : null
2026-02-08 10:31:24,521 [WARN] PackLoader:240 - Cannot read IP mode file for STMicroelectronics.X-CUBE-SFXS2LP1.4.0.0
2026-02-08 10:31:24,525 [ERROR] Engine:466 - C:\Users\soumy\.stm32cubemx\thirdparties\pdsc\STMicroelectronics.X-CUBE-ST67W61.1.2.0.pdsc: PDSC version is not supported
2026-02-08 10:31:24,528 [ERROR] Engine:466 - C:\Users\soumy\.stm32cubemx\thirdparties\pdsc\STMicroelectronics.X-CUBE-BLEMGR.4.1.0.pdsc: PDSC version is not supported
2026-02-08 10:31:24,544 [WARN] ConditionMgr:438 - getConditionDescription Invalid condition id : UX DEVICE CLASS RTOS Condition cause : null
2026-02-08 10:31:24,544 [WARN] ConditionMgr:438 - getConditionDescription Invalid condition id : UX DEVICE CLASS RTOS Condition cause : null
2026-02-08 10:31:24,581 [WARN] PackLoader:240 - Cannot read IP mode file for STMicroelectronics.X-CUBE-AZRTOS-WB.2.0.0
2026-02-08 10:31:24,582 [WARN] ConditionMgr:1039 - genDependencies : Invalid condition id : UX DEVICE CLASS RTOS Condition cause : null
2026-02-08 10:31:24,582 [WARN] ConditionMgr:1039 - genDependencies : Invalid condition id : UX DEVICE CLASS RTOS Condition cause : null
2026-02-08 10:31:24,582 [WARN] ConditionMgr:1039 - genDependencies : Invalid condition id : UX DEVICE CLASS RTOS Condition cause : null
2026-02-08 10:31:24,583 [WARN] ConditionMgr:1039 - genDependencies : Invalid condition id : UX DEVICE CLASS RTOS Condition cause : null
2026-02-08 10:31:24,583 [WARN] ConditionMgr:1039 - genDependencies : Invalid condition id : UX DEVICE CLASS RTOS Condition cause : null
2026-02-08 10:31:24,588 [WARN] PackLoader:240 - Cannot read IP mode file for STMicroelectronics.X-CUBE-GNSS1.7.0.1
2026-02-08 10:31:24,593 [WARN] PackLoader:240 - Cannot read IP mode file for STMicroelectronics.X-CUBE-TOUCHGFX.4.25.0
2026-02-08 10:31:24,595 [ERROR] Engine:466 - C:\Users\soumy\.stm32cubemx\thirdparties\pdsc\quantropi.X-CUBE-qispace-sdk-base.2.1.0.pdsc: PDSC version is not supported
2026-02-08 10:31:24,600 [WARN] PackLoader:240 - Cannot read IP mode file for STMicroelectronics.X-CUBE-STSE01.2.0.0
2026-02-08 10:31:24,610 [WARN] PackLoader:240 - Cannot read IP mode file for STMicroelectronics.X-CUBE-SUBG2.5.0.0
2026-02-08 10:31:24,631 [WARN] PackLoader:240 - Cannot read IP mode file for STMicroelectronics.X-CUBE-AZRTOS-H7RS.1.1.0
2026-02-08 10:31:24,677 [WARN] PackLoader:240 - Cannot read IP mode file for Cesanta.I-CUBE-Mongoose.7.13.0
2026-02-08 10:31:24,690 [WARN] PackLoader:240 - Cannot read IP mode file for STMicroelectronics.X-CUBE-AZRTOS-G4.2.0.0
2026-02-08 10:31:24,727 [WARN] PackLoader:240 - Cannot read IP mode file for wolfSSL.I-CUBE-wolfSSH.1.4.20
2026-02-08 10:31:24,732 [WARN] PackLoader:240 - Cannot read IP mode file for STMicroelectronics.X-CUBE-NFC7.2.0.0
2026-02-08 10:31:24,738 [ERROR] Engine:466 - C:\Users\soumy\.stm32cubemx\thirdparties\pdsc\STMicroelectronics.X-CUBE-IPS.3.1.0.pdsc: PDSC version is not supported
2026-02-08 10:31:24,743 [WARN] PackLoader:240 - Cannot read IP mode file for STMicroelectronics.X-CUBE-ALS.1.0.2
2026-02-08 10:31:24,748 [WARN] PackLoader:240 - Cannot read IP mode file for STMicroelectronics.X-CUBE-STSE01.1.0.0
2026-02-08 10:31:24,752 [ERROR] Engine:466 - C:\Users\soumy\.stm32cubemx\thirdparties\pdsc\STMicroelectronics.X-CUBE-TOF1.3.4.3.pdsc: PDSC version is not supported
2026-02-08 10:31:24,753 [INFO] ThirdParty:978 - Integrity check success = true
2026-02-08 10:31:24,753 [INFO] IntegrityCheckThread:100 - exiting critical section [integrity check]
2026-02-08 10:31:24,753 [INFO] IntegrityCheckThread:103 - End integrity checks thread
2026-02-08 10:31:28,610 [INFO] WebApp:157 - Instantiating new browser for Auth
2026-02-08 10:31:30,397 [INFO] WebApp:753 - Register for checkConnection events
2026-02-08 10:31:30,397 [INFO] WebApp:390 - Apply proxy settings
2026-02-08 10:31:30,397 [INFO] WebApp:475 - Chromium requires no authentication
2026-02-08 10:31:30,413 [INFO] WebApp:418 - Direct internet connection detected
2026-02-08 10:31:30,916 [INFO] WebApp:188 - Starting web application
2026-02-08 10:31:30,916 [INFO] WebApp:520 - Web application path used D:\ST\STM32CubeIDE_1.9.0\STM32CubeIDE\plugins\com.st.stm32cube.common.mx_6.9.0.202307051724\db\plugins\mcufinder\reactClient1\index.html
2026-02-08 10:32:26,285 [INFO] McuFinderGlobals:63 - Set McuFinder mode to 2 (CubeIDE integrated)
2026-02-08 10:32:26,330 [INFO] MainUpdater:2868 - connection check result : 10
2026-02-08 10:32:26,384 [INFO] McuFinderGlobals:76 - Set McuFinderConnectedMode to true
2026-02-08 10:32:26,869 [INFO] ServerAccessManage:473 - Download File mcusAds.json._tmp_
2026-02-08 10:32:27,099 [INFO] LoadUrlFilesThread:156 - End of LoadUrlFiles Thread
2026-02-08 10:32:28,573 [INFO] ServerAccessManage:473 - Download File cube-finder-db.zip
2026-02-08 10:32:31,463 [INFO] FileExtend:240 - Unzip File : cube-finder-db.zip
2026-02-08 10:32:31,463 [INFO] FileExtend:255 - Standard Zip Deflate
2026-02-08 10:32:32,201 [INFO] LoadUrlFilesThread:156 - End of LoadUrlFiles Thread
2026-02-08 10:32:33,333 [INFO] ServerAccessManage:473 - Download File crdb.zip
2026-02-08 10:32:34,447 [INFO] FileExtend:240 - Unzip File : crdb.zip
2026-02-08 10:32:34,447 [INFO] FileExtend:255 - Standard Zip Deflate
2026-02-08 10:32:34,567 [INFO] LoadUrlFilesThread:156 - End of LoadUrlFiles Thread
2026-02-08 10:32:34,696 [INFO] ServerAccessManage:473 - Download File tutoVideoDB.zip
2026-02-08 10:32:34,704 [INFO] FileExtend:240 - Unzip File : tutoVideoDB.zip
2026-02-08 10:32:34,704 [INFO] FileExtend:255 - Standard Zip Deflate
2026-02-08 10:32:34,813 [INFO] LoadUrlFilesThread:156 - End of LoadUrlFiles Thread
2026-02-08 10:32:34,815 [WARN] DbFile:41 - Overriding database path with different value: C:\Users\soumy\.stmcufinder\plugins\mcufinder/ => C:\Users\soumy\.stmcufinder\plugins\mcufinder
2026-02-08 10:32:34,843 [INFO] ServerAccessManage:473 - Download File api_config.json
2026-02-08 10:32:34,950 [INFO] LoadUrlFilesThread:156 - End of LoadUrlFiles Thread
2026-02-08 10:32:34,950 [INFO] DbMcusAds:53 - JSON generation date=Thu Jan 08 21:27:51 IST 2026 (1767887871456)
2026-02-08 10:32:35,060 [INFO] LoadUrlFilesThread:185 - End of LoadServerUrlFiles without Thread
2026-02-08 10:32:35,060 [INFO] TargetSelectorAdapter:259 - Refresh data is successful
2026-02-08 10:32:36,425 [INFO] ApiDb:581 - Connected to CubeFinder SQLite database (C:\Users\soumy\.stmcufinder\plugins\mcufinder\mcu\cube-finder-db.db)
2026-02-08 10:32:36,525 [INFO] ApiDb:668 - CubeFinder database Data Model version=2.1
2026-02-08 10:32:36,525 [INFO] ApiDb:669 - CubeFinder database Configuration version=3.0.39
2026-02-08 10:32:36,525 [INFO] ApiDb:670 - CubeFinder database generation date=2025-12-22 (1766407740)
2026-02-08 10:32:36,526 [INFO] ApiDb:671 - CubeFinder database FW Pack versions=[FP-ATR-ASTRA1_V2.0.0, FP-SNS-FLIGHT1_V5.1.0, FP-SNS-MOTENV1_V5.1.0, FP-SNS-MOTENVWB1_V1.4.0, FP-SNS-SMARTAG2_V1.2.0, FP-SNS-STBOX1_V2.1.0, STM32Cube_FW_C0_V1.4.0, STM32Cube_FW_F4_V1.28.3, STM32Cube_FW_F7_V1.17.4, STM32Cube_FW_G0_V1.6.2, STM32Cube_FW_G4_V1.6.1, STM32Cube_FW_H5_V1.5.1, STM32Cube_FW_H7RS_V1.3.0, STM32Cube_FW_H7_V1.12.1, STM32Cube_FW_L0_V1.12.2, STM32Cube_FW_L4_V1.18.1, STM32Cube_FW_L5_V1.6.0, STM32Cube_FW_N6_V1.3.0, STM32Cube_FW_U0_V1.3.0, STM32Cube_FW_U3_V1.2.1, STM32Cube_FW_U5_V1.8.0, STM32Cube_FW_WB0_V1.4.0, STM32Cube_FW_WBA_V1.8.0, STM32Cube_FW_WB_V1.24.0, STM32Cube_FW_WL3_V1.3.0, STM32Cube_FW_WL_V1.4.0, X-CUBE-ALGOBUILD_V1.4.0, X-CUBE-ALS_V1.0.2, X-CUBE-AZRTOS-F4_V1.1.0, X-CUBE-AZRTOS-F7_V1.1.0, X-CUBE-AZRTOS-G0_V1.1.0, X-CUBE-AZRTOS-G4_V2.0.0, X-CUBE-AZRTOS-H7RS_V1.1.0, X-CUBE-AZRTOS-H7_V3.4.0, X-CUBE-AZRTOS-L4_V2.0.0, X-CUBE-AZRTOS-L5_V2.0.0, X-CUBE-AZRTOS-WB_V2.0.0, X-CUBE-AZRTOS-WL_V2.0.0, X-CUBE-BLE1_V7.1.0, X-CUBE-BLE2_V3.3.0, X-CUBE-BLEMGR_V4.1.0, X-CUBE-EEPRMA1_V5.2.0, X-CUBE-FREERTOS_V1.3.1, X-CUBE-GNSS1_V6.0.0, X-CUBE-MEMS1_V12.0.0, X-CUBE-NFC4_V3.0.0, X-CUBE-NFC7_V2.0.0, X-CUBE-SFXS2LP1_V4.0.0, X-CUBE-ST67W61_V1.1.0, X-CUBE-SUBG2_V5.0.0, X-CUBE-TOF1_V3.4.3]
2026-02-08 10:32:38,675 [INFO] ApiDb:240 - Found 323 in-development CPN: [B-G473E-ZEST1S, B-WB1M-WPAN1, B-WL5M-SUBG1, NUCLEO-C031C6, NUCLEO-H503RB, NUCLEO-H563ZI, NUCLEO-U545RE-Q, NUCLEO-U5A5ZJ-Q, NUCLEO-WBA52CG, STEVAL-PROTEUS1, STEVAL-SMARTAG2, STEVAL-STWINBX1, STM320518-EVAL, STM32C0116-DK, STM32C011D6Y3TR, STM32C011D6Y6TR, STM32C011F4P3, STM32C011F4P6, STM32C011F4U3, STM32C011F4U6TR, STM32C011F6P3, STM32C011F6P6, STM32C011F6U3, STM32C011F6U6TR, STM32C011J4M3, STM32C011J4M6, STM32C011J6M3, STM32C011J6M6, STM32C0316-DK, STM32C031C4T3, STM32C031C4T6, STM32C031C4U3, STM32C031C4U6, STM32C031C6T3, STM32C031C6T6, STM32C031C6U3, STM32C031C6U6, STM32C031F4P3, STM32C031F4P6, STM32C031F6P3, STM32C031F6P6, STM32C031G4U3, STM32C031G4U6, STM32C031G6U3, STM32C031G6U6, STM32C031K4T3, STM32C031K4T6, STM32C031K4U3, STM32C031K4U6, STM32C031K6T3, STM32C031K6T6, STM32C031K6U3, STM32C031K6U6, STM32G071K8TXN, STM32G071K8UXN, STM32G081GBU6N, STM32G081KBT6N, STM32G081KBUXN, STM32G0B1CCT6N, STM32G0B1KCT6, STM32G0B1NEY6TR, STM32G0B1RCT6N, STM32G0C1CCT6, STM32G0C1CCT6N, STM32G0C1CCU6N, STM32G0C1CET6N, STM32G0C1CEU6N, STM32G0C1KCT6, STM32G0C1NEY6TR, STM32G0C1RCI6N, STM32G0C1RCT6N, STM32G0C1REI6N, STM32G0C1RET6N, STM32G0C1VCI6, STM32G0C1VEI6, STM32G471CCT6, STM32G471CCU6, STM32G471CET3, STM32G471CET6, STM32G471CEU3, STM32G471CEU6, STM32G471MCT6, STM32G471MET3, STM32G471MET6, STM32G471MEY6TR, STM32G471QCT6, STM32G471QET3, STM32G471RCT6, STM32G471RET3, STM32G471RET6, STM32G471VCH6, STM32G471VCI6, STM32G471VCT6, STM32G471VEH3, STM32G471VEH6, STM32G471VEI3, STM32G471VEI6, STM32G471VET3, STM32G471VET6, STM32G474CCT6, STM32H503CBT6, STM32H503CBU6, STM32H503EBY6TR, STM32H503KBU6, STM32H503RBT6, STM32H562AGI6, STM32H562AII6, STM32H562IGK6, STM32H562IGT6, STM32H562IIK6, STM32H562IIT6, STM32H562RGT6, STM32H562RGV6, STM32H562RIT6, STM32H562RIV6, STM32H562VGT6, STM32H562VIT6, STM32H562ZGT6, STM32H562ZIT6, STM32H563AGI6, STM32H563AII3Q, STM32H563AII6, STM32H563IGK6, STM32H563IGT6, STM32H563IIK3Q, STM32H563IIK6, STM32H563IIT3Q, STM32H563IIT6, STM32H563MIY3QTR, STM32H563RGT6, STM32H563RGV6, STM32H563RIT6, STM32H563RIV6, STM32H563VGT6, STM32H563VIT3Q, STM32H563VIT6, STM32H563ZGT6, STM32H563ZIT3Q, STM32H563ZIT6, STM32H573AII3Q, STM32H573AII6, STM32H573I-DK, STM32H573IIK3Q, STM32H573IIK6, STM32H573IIT3Q, STM32H573IIT6, STM32H573MIY3QTR, STM32H573RIT6, STM32H573RIV6, STM32H573VIT3Q, STM32H573VIT6, STM32H573ZIT3Q, STM32H573ZIT6, STM32L4R5QGI6STR, STM32MP131AAE3, STM32MP131AAF3, STM32MP131AAG3, STM32MP131CAE3, STM32MP131CAF3, STM32MP131CAG3, STM32MP131DAE7, STM32MP131DAF7, STM32MP131DAG7, STM32MP131FAE7, STM32MP131FAF7, STM32MP131FAG7, STM32MP133AAE3, STM32MP133AAF3, STM32MP133AAG3, STM32MP133CAE3, STM32MP133CAF3, STM32MP133CAG3, STM32MP133DAE7, STM32MP133DAF7, STM32MP133DAG7, STM32MP133FAE7, STM32MP133FAF7, STM32MP133FAG7, STM32MP135AAE3, STM32MP135AAF3, STM32MP135AAG3, STM32MP135CAE3, STM32MP135CAF3, STM32MP135CAG3, STM32MP135DAE7, STM32MP135DAF7, STM32MP135DAG7, STM32MP135F-DK, STM32MP135FAE7, STM32MP135FAF7, STM32MP135FAF7T, STM32MP135FAF7U, STM32MP135FAG7, STM32U535CBT6, STM32U535CBT6Q, STM32U535CBU6, STM32U535CBU6Q, STM32U535CCT6, STM32U535CCT6Q, STM32U535CCU6, STM32U535CCU6Q, STM32U535CET6, STM32U535CET6Q, STM32U535CEU6, STM32U535CEU6Q, STM32U535JEY6QTR, STM32U535NCY6QTR, STM32U535NEY6QTR, STM32U535RBI6, STM32U535RBI6Q, STM32U535RBT6, STM32U535RBT6Q, STM32U535RCI6, STM32U535RCI6Q, STM32U535RCT6, STM32U535RCT6Q, STM32U535REI6, STM32U535REI6Q, STM32U535RET6, STM32U535RET6Q, STM32U535VCI6, STM32U535VCI6Q, STM32U535VCT6, STM32U535VCT6Q, STM32U535VEI6, STM32U535VEI6Q, STM32U535VET6, STM32U535VET6Q, STM32U545CET6, STM32U545CET6Q, STM32U545CEU6, STM32U545CEU6Q, STM32U545JEY6QTR, STM32U545NEY6QTR, STM32U545REI6, STM32U545REI6Q, STM32U545RET6, STM32U545RET6Q, STM32U545VEI6, STM32U545VEI6Q, STM32U545VET6, STM32U545VET6Q, STM32U595AIH6, STM32U595AIH6Q, STM32U595AJH6, STM32U595AJH6Q, STM32U595QII6, STM32U595QII6Q, STM32U595QJI6, STM32U595QJI6Q, STM32U595RIT6, STM32U595RIT6Q, STM32U595RJT6, STM32U595RJT6Q, STM32U595VIT6, STM32U595VIT6Q, STM32U595VJT6, STM32U595VJT6Q, STM32U595ZIT6, STM32U595ZIT6Q, STM32U595ZIY6QTR, STM32U595ZJT6, STM32U595ZJT6Q, STM32U595ZJY6QTR, STM32U599BJY6QTR, STM32U599NIH6Q, STM32U599NJH6Q, STM32U599VIT6Q, STM32U599VJT6, STM32U599VJT6Q, STM32U599ZIT6Q, STM32U599ZIY6QTR, STM32U599ZJT6Q, STM32U599ZJY6QTR, STM32U5A5AJH6, STM32U5A5AJH6Q, STM32U5A5QJI6, STM32U5A5QJI6Q, STM32U5A5RJT6, STM32U5A5RJT6Q, STM32U5A5VJT6, STM32U5A5VJT6Q, STM32U5A5ZJT6, STM32U5A5ZJT6Q, STM32U5A5ZJY6QTR, STM32U5A9BJY6QTR, STM32U5A9J-DK, STM32U5A9NJH6Q, STM32U5A9VJT6Q, STM32U5A9ZJT6Q, STM32U5A9ZJY6QTR, STM32U5F7VIT6, STM32U5F7VIT6Q, STM32U5F7VJT6, STM32U5F7VJT6Q, STM32U5F9BJY6QTR, STM32U5F9NJH6Q, STM32U5F9VIT6Q, STM32U5F9VJT6Q, STM32U5F9ZIJ6QTR, STM32U5F9ZIT6Q, STM32U5F9ZJJ6QTR, STM32U5F9ZJT6Q, STM32U5G7VJT6, STM32U5G7VJT6Q, STM32U5G9BJY6QTR, STM32U5G9J-DK1, STM32U5G9J-DK2, STM32U5G9NJH6Q, STM32U5G9VJT6Q, STM32U5G9ZJJ6QTR, STM32U5G9ZJT6Q, STM32WB1MMCH6, STM32WBA52CEU6, STM32WBA52CEU6T, STM32WBA52CGU6, STM32WBA52CGU6T, STM32WBA52KEU6, STM32WBA52KEU6T, STM32WBA52KGU6, STM32WBA52KGU6T, STM32WL5MOCH6, STM32WL5MOCH6TR]
2026-02-08 10:32:38,683 [INFO] DbMcus:217 - Found 4801 MCUs, 4801 are supported
2026-02-08 10:32:38,685 [INFO] ApiDb:423 - Load user favorites file C:\Users\soumy/.stm32cubeide/favorites.mcus.txt: 0 item(s)
2026-02-08 10:32:38,685 [INFO] ApiDb:427 - User favorites MCUs=[]
2026-02-08 10:32:38,685 [INFO] DbMcus:223 - Set 0 / 0 favorites MCUs
2026-02-08 10:32:39,084 [INFO] ApiDb:668 - CubeFinder database Data Model version=2.1
2026-02-08 10:32:39,084 [INFO] ApiDb:669 - CubeFinder database Configuration version=3.0.39
2026-02-08 10:32:39,084 [INFO] ApiDb:670 - CubeFinder database generation date=2025-12-22 (1766407740)
2026-02-08 10:32:39,084 [INFO] ApiDb:671 - CubeFinder database FW Pack versions=[FP-ATR-ASTRA1_V2.0.0, FP-SNS-FLIGHT1_V5.1.0, FP-SNS-MOTENV1_V5.1.0, FP-SNS-MOTENVWB1_V1.4.0, FP-SNS-SMARTAG2_V1.2.0, FP-SNS-STBOX1_V2.1.0, STM32Cube_FW_C0_V1.4.0, STM32Cube_FW_F4_V1.28.3, STM32Cube_FW_F7_V1.17.4, STM32Cube_FW_G0_V1.6.2, STM32Cube_FW_G4_V1.6.1, STM32Cube_FW_H5_V1.5.1, STM32Cube_FW_H7RS_V1.3.0, STM32Cube_FW_H7_V1.12.1, STM32Cube_FW_L0_V1.12.2, STM32Cube_FW_L4_V1.18.1, STM32Cube_FW_L5_V1.6.0, STM32Cube_FW_N6_V1.3.0, STM32Cube_FW_U0_V1.3.0, STM32Cube_FW_U3_V1.2.1, STM32Cube_FW_U5_V1.8.0, STM32Cube_FW_WB0_V1.4.0, STM32Cube_FW_WBA_V1.8.0, STM32Cube_FW_WB_V1.24.0, STM32Cube_FW_WL3_V1.3.0, STM32Cube_FW_WL_V1.4.0, X-CUBE-ALGOBUILD_V1.4.0, X-CUBE-ALS_V1.0.2, X-CUBE-AZRTOS-F4_V1.1.0, X-CUBE-AZRTOS-F7_V1.1.0, X-CUBE-AZRTOS-G0_V1.1.0, X-CUBE-AZRTOS-G4_V2.0.0, X-CUBE-AZRTOS-H7RS_V1.1.0, X-CUBE-AZRTOS-H7_V3.4.0, X-CUBE-AZRTOS-L4_V2.0.0, X-CUBE-AZRTOS-L5_V2.0.0, X-CUBE-AZRTOS-WB_V2.0.0, X-CUBE-AZRTOS-WL_V2.0.0, X-CUBE-BLE1_V7.1.0, X-CUBE-BLE2_V3.3.0, X-CUBE-BLEMGR_V4.1.0, X-CUBE-EEPRMA1_V5.2.0, X-CUBE-FREERTOS_V1.3.1, X-CUBE-GNSS1_V6.0.0, X-CUBE-MEMS1_V12.0.0, X-CUBE-NFC4_V3.0.0, X-CUBE-NFC7_V2.0.0, X-CUBE-SFXS2LP1_V4.0.0, X-CUBE-ST67W61_V1.1.0, X-CUBE-SUBG2_V5.0.0, X-CUBE-TOF1_V3.4.3]
2026-02-08 10:32:39,141 [INFO] DbBoardsSqlite:226 - include board P-NUCLEO-WB55-NUCLEO as a kit item of type 'Nucleo-64'
2026-02-08 10:32:39,142 [INFO] DbBoardsSqlite:226 - include board P-NUCLEO-WB55-USBDONGLE as a kit item of type 'Nucleo USB Dongle'
2026-02-08 10:32:39,142 [INFO] DbBoardsSqlite:226 - include board STEVAL-IDP005V1 as a kit item of type 'Evaluation Board'
2026-02-08 10:32:39,142 [INFO] DbBoardsSqlite:226 - include board STEVAL-IDP005V2 as a kit item of type 'Evaluation Board'
2026-02-08 10:32:39,210 [INFO] ApiDb:240 - Found 323 in-development CPN: [B-G473E-ZEST1S, B-WB1M-WPAN1, B-WL5M-SUBG1, NUCLEO-C031C6, NUCLEO-H503RB, NUCLEO-H563ZI, NUCLEO-U545RE-Q, NUCLEO-U5A5ZJ-Q, NUCLEO-WBA52CG, STEVAL-PROTEUS1, STEVAL-SMARTAG2, STEVAL-STWINBX1, STM320518-EVAL, STM32C0116-DK, STM32C011D6Y3TR, STM32C011D6Y6TR, STM32C011F4P3, STM32C011F4P6, STM32C011F4U3, STM32C011F4U6TR, STM32C011F6P3, STM32C011F6P6, STM32C011F6U3, STM32C011F6U6TR, STM32C011J4M3, STM32C011J4M6, STM32C011J6M3, STM32C011J6M6, STM32C0316-DK, STM32C031C4T3, STM32C031C4T6, STM32C031C4U3, STM32C031C4U6, STM32C031C6T3, STM32C031C6T6, STM32C031C6U3, STM32C031C6U6, STM32C031F4P3, STM32C031F4P6, STM32C031F6P3, STM32C031F6P6, STM32C031G4U3, STM32C031G4U6, STM32C031G6U3, STM32C031G6U6, STM32C031K4T3, STM32C031K4T6, STM32C031K4U3, STM32C031K4U6, STM32C031K6T3, STM32C031K6T6, STM32C031K6U3, STM32C031K6U6, STM32G071K8TXN, STM32G071K8UXN, STM32G081GBU6N, STM32G081KBT6N, STM32G081KBUXN, STM32G0B1CCT6N, STM32G0B1KCT6, STM32G0B1NEY6TR, STM32G0B1RCT6N, STM32G0C1CCT6, STM32G0C1CCT6N, STM32G0C1CCU6N, STM32G0C1CET6N, STM32G0C1CEU6N, STM32G0C1KCT6, STM32G0C1NEY6TR, STM32G0C1RCI6N, STM32G0C1RCT6N, STM32G0C1REI6N, STM32G0C1RET6N, STM32G0C1VCI6, STM32G0C1VEI6, STM32G471CCT6, STM32G471CCU6, STM32G471CET3, STM32G471CET6, STM32G471CEU3, STM32G471CEU6, STM32G471MCT6, STM32G471MET3, STM32G471MET6, STM32G471MEY6TR, STM32G471QCT6, STM32G471QET3, STM32G471RCT6, STM32G471RET3, STM32G471RET6, STM32G471VCH6, STM32G471VCI6, STM32G471VCT6, STM32G471VEH3, STM32G471VEH6, STM32G471VEI3, STM32G471VEI6, STM32G471VET3, STM32G471VET6, STM32G474CCT6, STM32H503CBT6, STM32H503CBU6, STM32H503EBY6TR, STM32H503KBU6, STM32H503RBT6, STM32H562AGI6, STM32H562AII6, STM32H562IGK6, STM32H562IGT6, STM32H562IIK6, STM32H562IIT6, STM32H562RGT6, STM32H562RGV6, STM32H562RIT6, STM32H562RIV6, STM32H562VGT6, STM32H562VIT6, STM32H562ZGT6, STM32H562ZIT6, STM32H563AGI6, STM32H563AII3Q, STM32H563AII6, STM32H563IGK6, STM32H563IGT6, STM32H563IIK3Q, STM32H563IIK6, STM32H563IIT3Q, STM32H563IIT6, STM32H563MIY3QTR, STM32H563RGT6, STM32H563RGV6, STM32H563RIT6, STM32H563RIV6, STM32H563VGT6, STM32H563VIT3Q, STM32H563VIT6, STM32H563ZGT6, STM32H563ZIT3Q, STM32H563ZIT6, STM32H573AII3Q, STM32H573AII6, STM32H573I-DK, STM32H573IIK3Q, STM32H573IIK6, STM32H573IIT3Q, STM32H573IIT6, STM32H573MIY3QTR, STM32H573RIT6, STM32H573RIV6, STM32H573VIT3Q, STM32H573VIT6, STM32H573ZIT3Q, STM32H573ZIT6, STM32L4R5QGI6STR, STM32MP131AAE3, STM32MP131AAF3, STM32MP131AAG3, STM32MP131CAE3, STM32MP131CAF3, STM32MP131CAG3, STM32MP131DAE7, STM32MP131DAF7, STM32MP131DAG7, STM32MP131FAE7, STM32MP131FAF7, STM32MP131FAG7, STM32MP133AAE3, STM32MP133AAF3, STM32MP133AAG3, STM32MP133CAE3, STM32MP133CAF3, STM32MP133CAG3, STM32MP133DAE7, STM32MP133DAF7, STM32MP133DAG7, STM32MP133FAE7, STM32MP133FAF7, STM32MP133FAG7, STM32MP135AAE3, STM32MP135AAF3, STM32MP135AAG3, STM32MP135CAE3, STM32MP135CAF3, STM32MP135CAG3, STM32MP135DAE7, STM32MP135DAF7, STM32MP135DAG7, STM32MP135F-DK, STM32MP135FAE7, STM32MP135FAF7, STM32MP135FAF7T, STM32MP135FAF7U, STM32MP135FAG7, STM32U535CBT6, STM32U535CBT6Q, STM32U535CBU6, STM32U535CBU6Q, STM32U535CCT6, STM32U535CCT6Q, STM32U535CCU6, STM32U535CCU6Q, STM32U535CET6, STM32U535CET6Q, STM32U535CEU6, STM32U535CEU6Q, STM32U535JEY6QTR, STM32U535NCY6QTR, STM32U535NEY6QTR, STM32U535RBI6, STM32U535RBI6Q, STM32U535RBT6, STM32U535RBT6Q, STM32U535RCI6, STM32U535RCI6Q, STM32U535RCT6, STM32U535RCT6Q, STM32U535REI6, STM32U535REI6Q, STM32U535RET6, STM32U535RET6Q, STM32U535VCI6, STM32U535VCI6Q, STM32U535VCT6, STM32U535VCT6Q, STM32U535VEI6, STM32U535VEI6Q, STM32U535VET6, STM32U535VET6Q, STM32U545CET6, STM32U545CET6Q, STM32U545CEU6, STM32U545CEU6Q, STM32U545JEY6QTR, STM32U545NEY6QTR, STM32U545REI6, STM32U545REI6Q, STM32U545RET6, STM32U545RET6Q, STM32U545VEI6, STM32U545VEI6Q, STM32U545VET6, STM32U545VET6Q, STM32U595AIH6, STM32U595AIH6Q, STM32U595AJH6, STM32U595AJH6Q, STM32U595QII6, STM32U595QII6Q, STM32U595QJI6, STM32U595QJI6Q, STM32U595RIT6, STM32U595RIT6Q, STM32U595RJT6, STM32U595RJT6Q, STM32U595VIT6, STM32U595VIT6Q, STM32U595VJT6, STM32U595VJT6Q, STM32U595ZIT6, STM32U595ZIT6Q, STM32U595ZIY6QTR, STM32U595ZJT6, STM32U595ZJT6Q, STM32U595ZJY6QTR, STM32U599BJY6QTR, STM32U599NIH6Q, STM32U599NJH6Q, STM32U599VIT6Q, STM32U599VJT6, STM32U599VJT6Q, STM32U599ZIT6Q, STM32U599ZIY6QTR, STM32U599ZJT6Q, STM32U599ZJY6QTR, STM32U5A5AJH6, STM32U5A5AJH6Q, STM32U5A5QJI6, STM32U5A5QJI6Q, STM32U5A5RJT6, STM32U5A5RJT6Q, STM32U5A5VJT6, STM32U5A5VJT6Q, STM32U5A5ZJT6, STM32U5A5ZJT6Q, STM32U5A5ZJY6QTR, STM32U5A9BJY6QTR, STM32U5A9J-DK, STM32U5A9NJH6Q, STM32U5A9VJT6Q, STM32U5A9ZJT6Q, STM32U5A9ZJY6QTR, STM32U5F7VIT6, STM32U5F7VIT6Q, STM32U5F7VJT6, STM32U5F7VJT6Q, STM32U5F9BJY6QTR, STM32U5F9NJH6Q, STM32U5F9VIT6Q, STM32U5F9VJT6Q, STM32U5F9ZIJ6QTR, STM32U5F9ZIT6Q, STM32U5F9ZJJ6QTR, STM32U5F9ZJT6Q, STM32U5G7VJT6, STM32U5G7VJT6Q, STM32U5G9BJY6QTR, STM32U5G9J-DK1, STM32U5G9J-DK2, STM32U5G9NJH6Q, STM32U5G9VJT6Q, STM32U5G9ZJJ6QTR, STM32U5G9ZJT6Q, STM32WB1MMCH6, STM32WBA52CEU6, STM32WBA52CEU6T, STM32WBA52CGU6, STM32WBA52CGU6T, STM32WBA52KEU6, STM32WBA52KEU6T, STM32WBA52KGU6, STM32WBA52KGU6T, STM32WL5MOCH6, STM32WL5MOCH6TR]
2026-02-08 10:32:39,317 [INFO] BoardInfo:880 - No configuration file found for board B-WBA5M-WPAN
2026-02-08 10:32:39,318 [INFO] DbBoards:157 - Board is not supported: B-WBA5M-WPAN
2026-02-08 10:32:39,320 [INFO] BoardInfo:880 - No configuration file found for board NUCLEO-C051C8
2026-02-08 10:32:39,320 [INFO] DbBoards:157 - Board is not supported: NUCLEO-C051C8
2026-02-08 10:32:39,322 [INFO] BoardInfo:880 - No configuration file found for board NUCLEO-C071RB
2026-02-08 10:32:39,322 [INFO] DbBoards:157 - Board is not supported: NUCLEO-C071RB
2026-02-08 10:32:39,323 [INFO] BoardInfo:880 - No configuration file found for board NUCLEO-C092RC
2026-02-08 10:32:39,323 [INFO] DbBoards:157 - Board is not supported: NUCLEO-C092RC
2026-02-08 10:32:39,353 [INFO] BoardInfo:880 - No configuration file found for board NUCLEO-H533RE
2026-02-08 10:32:39,353 [INFO] DbBoards:157 - Board is not supported: NUCLEO-H533RE
2026-02-08 10:32:39,359 [INFO] BoardInfo:880 - No configuration file found for board NUCLEO-H7S3L8
2026-02-08 10:32:39,359 [INFO] DbBoards:157 - Board is not supported: NUCLEO-H7S3L8
2026-02-08 10:32:39,372 [INFO] BoardInfo:880 - No configuration file found for board NUCLEO-N657X0-Q
2026-02-08 10:32:39,372 [INFO] DbBoards:157 - Board is not supported: NUCLEO-N657X0-Q
2026-02-08 10:32:39,373 [INFO] BoardInfo:880 - No configuration file found for board NUCLEO-U031R8
2026-02-08 10:32:39,373 [INFO] DbBoards:157 - Board is not supported: NUCLEO-U031R8
2026-02-08 10:32:39,374 [INFO] BoardInfo:880 - No configuration file found for board NUCLEO-U083RC
2026-02-08 10:32:39,374 [INFO] DbBoards:157 - Board is not supported: NUCLEO-U083RC
2026-02-08 10:32:39,375 [INFO] BoardInfo:880 - No configuration file found for board NUCLEO-U385RG-Q
2026-02-08 10:32:39,375 [INFO] DbBoards:157 - Board is not supported: NUCLEO-U385RG-Q
2026-02-08 10:32:39,377 [INFO] BoardInfo:880 - No configuration file found for board NUCLEO-WB05KZ
2026-02-08 10:32:39,377 [INFO] DbBoards:157 - Board is not supported: NUCLEO-WB05KZ
2026-02-08 10:32:39,378 [INFO] BoardInfo:880 - No configuration file found for board NUCLEO-WB07CC
2026-02-08 10:32:39,378 [INFO] DbBoards:157 - Board is not supported: NUCLEO-WB07CC
2026-02-08 10:32:39,379 [INFO] BoardInfo:880 - No configuration file found for board NUCLEO-WB09KE
2026-02-08 10:32:39,379 [INFO] DbBoards:157 - Board is not supported: NUCLEO-WB09KE
2026-02-08 10:32:39,381 [INFO] BoardInfo:880 - No configuration file found for board NUCLEO-WBA55CG
2026-02-08 10:32:39,381 [INFO] DbBoards:157 - Board is not supported: NUCLEO-WBA55CG
2026-02-08 10:32:39,382 [INFO] BoardInfo:880 - No configuration file found for board NUCLEO-WBA65RI
2026-02-08 10:32:39,382 [INFO] DbBoards:157 - Board is not supported: NUCLEO-WBA65RI
2026-02-08 10:32:39,383 [INFO] BoardInfo:880 - No configuration file found for board NUCLEO-WL33CC1
2026-02-08 10:32:39,383 [INFO] DbBoards:157 - Board is not supported: NUCLEO-WL33CC1
2026-02-08 10:32:39,384 [INFO] BoardInfo:880 - No configuration file found for board NUCLEO-WL33CC2
2026-02-08 10:32:39,384 [INFO] DbBoards:157 - Board is not supported: NUCLEO-WL33CC2
2026-02-08 10:32:39,387 [INFO] BoardInfo:880 - No configuration file found for board P-NUCLEO-WB55
2026-02-08 10:32:39,387 [INFO] DbBoards:157 - Kit is not supported: P-NUCLEO-WB55
2026-02-08 10:32:39,389 [INFO] BoardInfo:880 - No configuration file found for board STEVAL-BFA001V1B
2026-02-08 10:32:39,389 [INFO] DbBoards:157 - Kit is not supported: STEVAL-BFA001V1B
2026-02-08 10:32:39,390 [INFO] BoardInfo:880 - No configuration file found for board STEVAL-BFA001V2B
2026-02-08 10:32:39,391 [INFO] DbBoards:157 - Kit is not supported: STEVAL-BFA001V2B
2026-02-08 10:32:39,394 [INFO] BoardInfo:880 - No configuration file found for board STEVAL-MKBOXPRO
2026-02-08 10:32:39,394 [INFO] DbBoards:157 - Board is not supported: STEVAL-MKBOXPRO
2026-02-08 10:32:39,439 [INFO] BoardInfo:880 - No configuration file found for board STM32H7S78-DK
2026-02-08 10:32:39,439 [INFO] DbBoards:157 - Board is not supported: STM32H7S78-DK
2026-02-08 10:32:39,452 [INFO] BoardInfo:880 - No configuration file found for board STM32MP257F-DK
2026-02-08 10:32:39,452 [INFO] DbBoards:157 - Board is not supported: STM32MP257F-DK
2026-02-08 10:32:39,453 [INFO] BoardInfo:880 - No configuration file found for board STM32MP257F-EV1
2026-02-08 10:32:39,453 [INFO] DbBoards:157 - Board is not supported: STM32MP257F-EV1
2026-02-08 10:32:39,453 [INFO] BoardInfo:880 - No configuration file found for board STM32N6570-DK
2026-02-08 10:32:39,454 [INFO] DbBoards:157 - Board is not supported: STM32N6570-DK
2026-02-08 10:32:39,454 [INFO] BoardInfo:880 - No configuration file found for board STM32U083C-DK
2026-02-08 10:32:39,454 [INFO] DbBoards:157 - Board is not supported: STM32U083C-DK
2026-02-08 10:32:39,459 [INFO] BoardInfo:880 - No configuration file found for board STM32WBA55G-DK1
2026-02-08 10:32:39,459 [INFO] DbBoards:157 - Board is not supported: STM32WBA55G-DK1
2026-02-08 10:32:39,460 [INFO] BoardInfo:880 - No configuration file found for board STM32WBA65I-DK1
2026-02-08 10:32:39,460 [INFO] DbBoards:157 - Board is not supported: STM32WBA65I-DK1
2026-02-08 10:32:39,460 [INFO] DbBoards:161 - Found 211 boards, 183 are supported
2026-02-08 10:32:39,462 [INFO] ApiDb:423 - Load user favorites file C:\Users\soumy/.stm32cubeide/favorites.boards.txt: 2 item(s)
2026-02-08 10:32:39,462 [INFO] ApiDb:427 - User favorites Boards=[STM32F407G-DISC1, STM32F429I-DISC1]
2026-02-08 10:32:39,463 [INFO] DbBoards:190 - Set 2 / 2 favorites Boards
2026-02-08 10:32:39,477 [INFO] ApiDb:668 - CubeFinder database Data Model version=2.1
2026-02-08 10:32:39,477 [INFO] ApiDb:669 - CubeFinder database Configuration version=3.0.39
2026-02-08 10:32:39,477 [INFO] ApiDb:670 - CubeFinder database generation date=2025-12-22 (1766407740)
2026-02-08 10:32:39,477 [INFO] ApiDb:671 - CubeFinder database FW Pack versions=[FP-ATR-ASTRA1_V2.0.0, FP-SNS-FLIGHT1_V5.1.0, FP-SNS-MOTENV1_V5.1.0, FP-SNS-MOTENVWB1_V1.4.0, FP-SNS-SMARTAG2_V1.2.0, FP-SNS-STBOX1_V2.1.0, STM32Cube_FW_C0_V1.4.0, STM32Cube_FW_F4_V1.28.3, STM32Cube_FW_F7_V1.17.4, STM32Cube_FW_G0_V1.6.2, STM32Cube_FW_G4_V1.6.1, STM32Cube_FW_H5_V1.5.1, STM32Cube_FW_H7RS_V1.3.0, STM32Cube_FW_H7_V1.12.1, STM32Cube_FW_L0_V1.12.2, STM32Cube_FW_L4_V1.18.1, STM32Cube_FW_L5_V1.6.0, STM32Cube_FW_N6_V1.3.0, STM32Cube_FW_U0_V1.3.0, STM32Cube_FW_U3_V1.2.1, STM32Cube_FW_U5_V1.8.0, STM32Cube_FW_WB0_V1.4.0, STM32Cube_FW_WBA_V1.8.0, STM32Cube_FW_WB_V1.24.0, STM32Cube_FW_WL3_V1.3.0, STM32Cube_FW_WL_V1.4.0, X-CUBE-ALGOBUILD_V1.4.0, X-CUBE-ALS_V1.0.2, X-CUBE-AZRTOS-F4_V1.1.0, X-CUBE-AZRTOS-F7_V1.1.0, X-CUBE-AZRTOS-G0_V1.1.0, X-CUBE-AZRTOS-G4_V2.0.0, X-CUBE-AZRTOS-H7RS_V1.1.0, X-CUBE-AZRTOS-H7_V3.4.0, X-CUBE-AZRTOS-L4_V2.0.0, X-CUBE-AZRTOS-L5_V2.0.0, X-CUBE-AZRTOS-WB_V2.0.0, X-CUBE-AZRTOS-WL_V2.0.0, X-CUBE-BLE1_V7.1.0, X-CUBE-BLE2_V3.3.0, X-CUBE-BLEMGR_V4.1.0, X-CUBE-EEPRMA1_V5.2.0, X-CUBE-FREERTOS_V1.3.1, X-CUBE-GNSS1_V6.0.0, X-CUBE-MEMS1_V12.0.0, X-CUBE-NFC4_V3.0.0, X-CUBE-NFC7_V2.0.0, X-CUBE-SFXS2LP1_V4.0.0, X-CUBE-ST67W61_V1.1.0, X-CUBE-SUBG2_V5.0.0, X-CUBE-TOF1_V3.4.3]
2026-02-08 10:32:40,106 [ERROR] DbExamplesSqlite:437 - Missing JSON key: board_cpn
2026-02-08 10:32:40,106 [ERROR] DbExamplesSqlite:437 - Missing JSON key: board_cpn
2026-02-08 10:32:40,106 [ERROR] DbExamplesSqlite:437 - Missing JSON key: board_cpn
2026-02-08 10:32:40,106 [ERROR] DbExamplesSqlite:437 - Missing JSON key: board_cpn
2026-02-08 10:32:40,391 [ERROR] DbExamplesSqlite:437 - Missing JSON key: board_cpn
2026-02-08 10:32:40,391 [ERROR] DbExamplesSqlite:437 - Missing JSON key: board_cpn
2026-02-08 10:32:40,403 [INFO] DbExamplesSqlite:395 - Ignored 42 examples not supported by CubeIDE
2026-02-08 10:32:40,403 [INFO] DbExamplesSqlite:396 - Found 10819 examples active
2026-02-08 10:32:40,403 [INFO] DbExamplesSqlite:397 - Found 0 examples obsolete
2026-02-08 10:32:40,404 [INFO] DbExamplesSqlite:398 - Found 0 examples under development
2026-02-08 10:32:40,404 [INFO] DbExamplesSqlite:399 - Found 85 examples not building
2026-02-08 10:32:40,406 [INFO] DbExamples:125 - Found 10862 examples
2026-02-08 10:32:40,440 [ERROR] DbExamples:208 - Found 73 examples with invalid data (board or MCU)
2026-02-08 10:32:40,440 [INFO] DbExamples:222 - Found 134 boards with related examples
2026-02-08 10:32:40,441 [INFO] DbExamples:235 - Found 111 MCUs with related examples
2026-02-08 10:32:40,461 [INFO] ApiDb:423 - Load user favorites file C:\Users\soumy/.stm32cubeide/favorites.examples.txt: 9 item(s)
2026-02-08 10:32:40,461 [INFO] ApiDb:427 - User favorites Examples=[STM32CUBEF4-SWX-12738, STM32CUBEF4-SWX-13044, STM32CUBEF4-SWX-13054, STM32CUBEF4-SWX-13057, STM32CUBEF4-SWX-13062, STM32CUBEF4-SWX-13066, STM32CUBEF4-SWX-13100, STM32CUBEF4-SWX-20575, STM32CUBEF4-SWX-20586]
2026-02-08 10:32:40,461 [INFO] DbExamples:250 - Set 9 / 9 favorites Examples
2026-02-08 10:32:40,985 [INFO] McuFinderGlobals:76 - Set McuFinderConnectedMode to true
2026-02-08 10:32:41,003 [INFO] MultiScanPanel:200 - Auto-refresh data requested => check proxy status ongoing
2026-02-08 10:32:41,007 [INFO] FinderPluginLoader:95 - Searching for filters in installed packs
2026-02-08 10:32:42,934 [INFO] LoadUrlFilesThread:185 - End of LoadServerUrlFiles without Thread
2026-02-08 10:32:42,996 [INFO] DetailPanel:341 - Set advertising image to C:/Users/soumy/STM32Cube/Repository/\en.prom-stm32mp21-0126.png
2026-02-08 10:35:34,285 [INFO] McuResultTable:1395 - Mark MCU STM32F103RBT6 as favorite
2026-02-08 10:35:40,474 [INFO] ServerAccessManage:473 - Download File DS5319.pdf
2026-02-08 10:35:41,066 [INFO] LoadUrlFilesThread:156 - End of LoadUrlFiles Thread
2026-02-08 10:35:41,728 [INFO] McuAction:140 - Datasheet
2026-02-08 10:38:33,253 [INFO] MainUpdater:2868 - connection check result : 10
2026-02-08 10:38:33,253 [INFO] MainUpdater:2868 - connection check result : 10
2026-02-08 10:38:33,447 [INFO] MicroXplorer:468 - Change Database Path : 
2026-02-08 10:38:33,447 [INFO] MicroXplorer:498 - Change Database Version : DB.6.0.90
2026-02-08 10:38:33,526 [WARN] ThirdParty:871 - waiting for thirdparty lock release [close project]
2026-02-08 10:38:33,526 [INFO] ThirdParty:873 - entering critical section [close project]
2026-02-08 10:38:33,527 [INFO] ThirdParty:883 - exiting critical section [close project]
2026-02-08 10:38:33,561 [INFO] PinOutPanel:1499 - setPackage(No Configuration,No Configuration)
2026-02-08 10:38:33,565 [INFO] UtilMem:75 - Begin LoadConfig() Used Memory: 388820072 Bytes (593494016)
2026-02-08 10:38:33,604 [INFO] MicroXplorer:468 - Change Database Path : 
2026-02-08 10:38:33,604 [INFO] MicroXplorer:498 - Change Database Version : DB.6.0.90
2026-02-08 10:38:33,604 [INFO] OpenFileManager:308 - Change cursor
2026-02-08 10:38:34,093 [INFO] Mcu:1946 - Initializing MCU STM32F103RBTx STM32F103RBTx STM32F103RBT6
2026-02-08 10:38:35,283 [INFO] Context:659 - Trying to add GPIOservice into a context  which must be forbidden
2026-02-08 10:38:35,520 [INFO] ImportTextPane:194 - (OptionalMessage_ERROR) Unable to find key (Mcu.ThirdPartyNb) in loaded IOC file
2026-02-08 10:38:35,521 [INFO] ImportTextPane:194 - (OptionalMessage_ERROR) Unable to find key (Mcu.PinsNb) in loaded IOC file
2026-02-08 10:38:35,521 [INFO] ImportTextPane:194 - (OptionalMessage_ERROR) Unable to find key (Mcu.IPNb) in loaded IOC file
2026-02-08 10:38:35,716 [INFO] RtosManager:555 - Registered RTOS mode: class=CMSIS, group=RTOS, mode=CMSIS_V1, owner=FREERTOS
2026-02-08 10:38:35,716 [INFO] RtosManager:555 - Registered RTOS mode: class=CMSIS, group=RTOS2, mode=CMSIS_V2, owner=FREERTOS
2026-02-08 10:38:35,716 [INFO] RtosManager:555 - Registered RTOS mode: class=RTOS, group=Core, mode=CMSIS_V1, owner=FREERTOS
2026-02-08 10:38:35,716 [INFO] RtosManager:555 - Registered RTOS mode: class=RTOS, group=Core, mode=CMSIS_V2, owner=FREERTOS
2026-02-08 10:38:35,716 [WARN] ModelIntegratedComponent:184 - Missing modes for component STMicroelectronics:FreeRTOS:0.0.1:STMicroelectronics:RTOS:FreeRTOS:Core:::10.2.0:
2026-02-08 10:38:35,727 [WARN] ModelIntegratedComponent:63 - No mode defined for component null
2026-02-08 10:38:35,727 [WARN] ModelIntegratedComponent:63 - No mode defined for component null
2026-02-08 10:38:35,728 [WARN] ModelIntegratedComponent:63 - No mode defined for component null
2026-02-08 10:38:35,728 [WARN] ModelIntegratedComponent:63 - No mode defined for component null
2026-02-08 10:38:35,728 [WARN] ModelIntegratedComponent:63 - No mode defined for component null
2026-02-08 10:38:35,728 [WARN] ModelIntegratedComponent:63 - No mode defined for component null
2026-02-08 10:38:35,728 [WARN] ModelIntegratedComponent:63 - No mode defined for component null
2026-02-08 10:38:35,728 [WARN] ModelIntegratedComponent:63 - No mode defined for component null
2026-02-08 10:38:35,728 [WARN] ModelIntegratedComponent:63 - No mode defined for component null
2026-02-08 10:38:35,728 [WARN] ModelIntegratedComponent:63 - No mode defined for component null
2026-02-08 10:38:35,728 [WARN] ModelIntegratedComponent:63 - No mode defined for component null
2026-02-08 10:38:35,728 [WARN] ModelIntegratedComponent:63 - No mode defined for component null
2026-02-08 10:38:35,728 [WARN] ModelIntegratedComponent:63 - No mode defined for component null
2026-02-08 10:38:35,728 [WARN] ModelIntegratedComponent:63 - No mode defined for component null
2026-02-08 10:38:35,728 [WARN] ModelIntegratedComponent:63 - No mode defined for component null
2026-02-08 10:38:35,728 [WARN] ModelIntegratedComponent:63 - No mode defined for component null
2026-02-08 10:38:35,728 [WARN] ModelIntegratedComponent:63 - No mode defined for component null
2026-02-08 10:38:35,728 [WARN] ModelIntegratedComponent:63 - No mode defined for component null
2026-02-08 10:38:35,728 [WARN] ModelIntegratedComponent:63 - No mode defined for component null
2026-02-08 10:38:35,728 [WARN] ModelIntegratedComponent:63 - No mode defined for component null
2026-02-08 10:38:35,728 [WARN] ModelIntegratedComponent:63 - No mode defined for component null
2026-02-08 10:38:35,728 [WARN] ModelIntegratedComponent:63 - No mode defined for component null
2026-02-08 10:38:35,728 [WARN] ModelIntegratedComponent:63 - No mode defined for component null
2026-02-08 10:38:35,728 [WARN] ModelIntegratedComponent:63 - No mode defined for component null
2026-02-08 10:38:35,729 [WARN] ModelIntegratedComponent:63 - No mode defined for component null
2026-02-08 10:38:35,729 [WARN] ModelIntegratedComponent:63 - No mode defined for component null
2026-02-08 10:38:35,729 [WARN] ModelIntegratedComponent:63 - No mode defined for component null
2026-02-08 10:38:35,729 [WARN] ModelIntegratedComponent:63 - No mode defined for component null
2026-02-08 10:38:35,729 [WARN] ModelIntegratedComponent:63 - No mode defined for component null
2026-02-08 10:38:35,729 [WARN] ModelIntegratedComponent:63 - No mode defined for component null
2026-02-08 10:38:35,729 [WARN] ModelIntegratedComponent:63 - No mode defined for component null
2026-02-08 10:38:35,729 [WARN] ModelIntegratedComponent:63 - No mode defined for component null
2026-02-08 10:38:35,729 [WARN] ModelIntegratedComponent:63 - No mode defined for component null
2026-02-08 10:38:35,966 [INFO] ThirdPartyModel:298 - Start build external matchings
2026-02-08 10:38:36,515 [INFO] ThirdPartyModel:316 - End build external matchings
2026-02-08 10:38:36,700 [INFO] UtilMem:75 - End LoadConfig() Used Memory: 345160040 Bytes (593494016)
2026-02-08 10:38:36,775 [WARN] ThirdParty:833 - waiting for thirdparty lock release [change project]
2026-02-08 10:38:36,776 [INFO] ThirdParty:835 - entering critical section [change project]
2026-02-08 10:38:36,776 [INFO] ThirdParty:1030 - CMSIS Pack Vendor :STMicroelectronics X-CUBE-PM33A1 1.0.0
2026-02-08 10:38:36,776 [INFO] ThirdParty:1030 - CMSIS Pack Vendor :STMicroelectronics USBPD 4.1
2026-02-08 10:38:36,776 [INFO] ThirdParty:1030 - CMSIS Pack Vendor :STMicroelectronics X-CUBE-NFC9 1.0.0
2026-02-08 10:38:36,776 [INFO] ThirdParty:1030 - CMSIS Pack Vendor :STMicroelectronics USB_HOST 2.0.0
2026-02-08 10:38:36,776 [INFO] ThirdParty:1030 - CMSIS Pack Vendor :STMicroelectronics FP-SNS-MOTENVWB1 1.4.0
2026-02-08 10:38:36,776 [INFO] ThirdParty:1030 - CMSIS Pack Vendor :STMicroelectronics X-CUBE-AZRTOS-F4 1.1.0
2026-02-08 10:38:36,776 [INFO] ThirdParty:1030 - CMSIS Pack Vendor :STMicroelectronics LIBJPEG 8.0.0
2026-02-08 10:38:36,776 [INFO] ThirdParty:1030 - CMSIS Pack Vendor :STMicroelectronics FP-ATR-ASTRA1 2.0.2
2026-02-08 10:38:36,776 [INFO] ThirdParty:1030 - CMSIS Pack Vendor :wolfSSL I-CUBE-wolfSSL 5.8.2
2026-02-08 10:38:36,776 [INFO] ThirdParty:1030 - CMSIS Pack Vendor :STMicroelectronics X-CUBE-BLE1 7.1.0
2026-02-08 10:38:36,776 [INFO] ThirdParty:1030 - CMSIS Pack Vendor :STMicroelectronics X-CUBE-SMBUS 2.1.0
2026-02-08 10:38:36,776 [INFO] ThirdParty:1030 - CMSIS Pack Vendor :wolfSSL I-CUBE-wolfMQTT 1.19.2
2026-02-08 10:38:36,776 [INFO] ThirdParty:1030 - CMSIS Pack Vendor :STMicroelectronics USB_DEVICE 3.0.0
2026-02-08 10:38:36,776 [INFO] ThirdParty:1030 - CMSIS Pack Vendor :STMicroelectronics X-CUBE-ISPU 2.1.0
2026-02-08 10:38:36,776 [INFO] ThirdParty:1030 - CMSIS Pack Vendor :STMicroelectronics X-CUBE-EEPRMA1 5.2.0
2026-02-08 10:38:36,776 [INFO] ThirdParty:1030 - CMSIS Pack Vendor :STMicroelectronics X-CUBE-AZRTOS-WB 2.0.0
2026-02-08 10:38:36,776 [INFO] ThirdParty:1030 - CMSIS Pack Vendor :STMicroelectronics X-CUBE-GNSS1 7.0.1
2026-02-08 10:38:36,777 [INFO] ThirdParty:1030 - CMSIS Pack Vendor :STMicroelectronics X-CUBE-NFC12 1.0.0
2026-02-08 10:38:36,777 [INFO] ThirdParty:1030 - CMSIS Pack Vendor :STMicroelectronics X-CUBE-AZRTOS-F7 1.1.0
2026-02-08 10:38:36,777 [INFO] ThirdParty:1030 - CMSIS Pack Vendor :STMicroelectronics X-CUBE-AZRTOS-L5 2.0.0
2026-02-08 10:38:36,777 [INFO] ThirdParty:1030 - CMSIS Pack Vendor :STMicroelectronics X-CUBE-TOUCHGFX 4.25.0
2026-02-08 10:38:36,777 [INFO] ThirdParty:1030 - CMSIS Pack Vendor :STMicroelectronics USB_DEVICE 2.0.0
2026-02-08 10:38:36,777 [INFO] ThirdParty:1030 - CMSIS Pack Vendor :STMicroelectronics X-CUBE-NFC6 3.1.0
2026-02-08 10:38:36,777 [INFO] ThirdParty:1030 - CMSIS Pack Vendor :STMicroelectronics X-CUBE-MEMS1 12.0.0
2026-02-08 10:38:36,777 [INFO] ThirdParty:1030 - CMSIS Pack Vendor :STMicroelectronics X-CUBE-STSE01 2.0.0
2026-02-08 10:38:36,777 [INFO] ThirdParty:1030 - CMSIS Pack Vendor :STMicroelectronics FreeRTOS 0.0.1
2026-02-08 10:38:36,777 [INFO] ThirdParty:1030 - CMSIS Pack Vendor :STMicroelectronics X-CUBE-AZRTOS-G0 1.1.0
2026-02-08 10:38:36,777 [INFO] ThirdParty:1030 - CMSIS Pack Vendor :STMicroelectronics X-CUBE-SAFEA1 1.2.2
2026-02-08 10:38:36,777 [INFO] ThirdParty:1030 - CMSIS Pack Vendor :STMicroelectronics X-CUBE-NFC4 3.0.0
2026-02-08 10:38:36,777 [INFO] ThirdParty:1030 - CMSIS Pack Vendor :STMicroelectronics X-CUBE-SUBG2 5.0.0
2026-02-08 10:38:36,777 [INFO] ThirdParty:1030 - CMSIS Pack Vendor :STMicroelectronics X-CUBE-AZRTOS-H7RS 1.1.0
2026-02-08 10:38:36,777 [INFO] ThirdParty:1030 - CMSIS Pack Vendor :STMicroelectronics STM32_WPAN 1.0.0
2026-02-08 10:38:36,777 [INFO] ThirdParty:1030 - CMSIS Pack Vendor :STMicroelectronics lwIP 2.0.3
2026-02-08 10:38:36,777 [INFO] ThirdParty:1030 - CMSIS Pack Vendor :Cesanta I-CUBE-Mongoose 7.13.0
2026-02-08 10:38:36,777 [INFO] ThirdParty:1030 - CMSIS Pack Vendor :STMicroelectronics USB_HOST 1.0.0
2026-02-08 10:38:36,777 [INFO] ThirdParty:1030 - CMSIS Pack Vendor :STMicroelectronics X-CUBE-AZRTOS-G4 2.0.0
2026-02-08 10:38:36,777 [INFO] ThirdParty:1030 - CMSIS Pack Vendor :STMicroelectronics X-CUBE-WB05N 2.0.0
2026-02-08 10:38:36,778 [INFO] ThirdParty:1030 - CMSIS Pack Vendor :STMicroelectronics PDM2PCM 3.1.0
2026-02-08 10:38:36,778 [INFO] ThirdParty:1030 - CMSIS Pack Vendor :STMicroelectronics PDM2PCM 3.3.0
2026-02-08 10:38:36,778 [INFO] ThirdParty:1030 - CMSIS Pack Vendor :wolfSSL I-CUBE-wolfTPM 3.8.0
2026-02-08 10:38:36,778 [INFO] ThirdParty:1030 - CMSIS Pack Vendor :STMicroelectronics X-CUBE-AZRTOS-H7 3.4.0
2026-02-08 10:38:36,778 [INFO] ThirdParty:1030 - CMSIS Pack Vendor :STMicroelectronics X-CUBE-DISPLAY 3.0.0
2026-02-08 10:38:36,778 [INFO] ThirdParty:1030 - CMSIS Pack Vendor :wolfSSL I-CUBE-wolfSSH 1.4.20
2026-02-08 10:38:36,778 [INFO] ThirdParty:1030 - CMSIS Pack Vendor :STMicroelectronics X-CUBE-NFC7 2.0.0
2026-02-08 10:38:36,778 [INFO] ThirdParty:1030 - CMSIS Pack Vendor :STMicroelectronics FP-ATR-SIGFOX1 3.2.0
2026-02-08 10:38:36,778 [INFO] ThirdParty:1030 - CMSIS Pack Vendor :STMicroelectronics X-CUBE-NFC10 1.0.0
2026-02-08 10:38:36,778 [INFO] ThirdParty:1030 - CMSIS Pack Vendor :STMicroelectronics X-CUBE-FREERTOS 1.3.1
2026-02-08 10:38:36,778 [INFO] ThirdParty:1030 - CMSIS Pack Vendor :STMicroelectronics HAL Drivers 0.0.0
2026-02-08 10:38:36,778 [INFO] ThirdParty:1030 - CMSIS Pack Vendor :STMicroelectronics MBEDTLS 2.16.2
2026-02-08 10:38:36,778 [INFO] ThirdParty:1030 - CMSIS Pack Vendor :STMicroelectronics X-CUBE-ALS 1.0.2
2026-02-08 10:38:36,778 [INFO] ThirdParty:1030 - CMSIS Pack Vendor :emotas I-CUBE-CANOPEN 1.3.0
2026-02-08 10:38:36,778 [INFO] ThirdParty:1030 - CMSIS Pack Vendor :STMicroelectronics MBEDTLS 2.14.1
2026-02-08 10:38:36,778 [INFO] ThirdParty:1030 - CMSIS Pack Vendor :STMicroelectronics X-CUBE-GNSS1 7.1.0
2026-02-08 10:38:36,778 [INFO] ThirdParty:1030 - CMSIS Pack Vendor :ITTIA_DB I-CUBE-ITTIADB 8.9.0
2026-02-08 10:38:36,778 [INFO] ThirdParty:1030 - CMSIS Pack Vendor :STMicroelectronics X-CUBE-TOUCHGFX 4.26.0
2026-02-08 10:38:36,778 [INFO] ThirdParty:1030 - CMSIS Pack Vendor :STMicroelectronics X-CUBE-STSE01 1.0.0
2026-02-08 10:38:36,778 [INFO] ThirdParty:1030 - CMSIS Pack Vendor :STMicroelectronics X-CUBE-NFC6 3.2.0
2026-02-08 10:38:36,779 [INFO] ThirdParty:1030 - CMSIS Pack Vendor :STMicroelectronics X-CUBE-AI 10.2.0
2026-02-08 10:38:36,779 [INFO] ThirdParty:1030 - CMSIS Pack Vendor :STMicroelectronics ThreadX 1.0.0
2026-02-08 10:38:36,779 [INFO] ThirdParty:1030 - CMSIS Pack Vendor :STMicroelectronics FP-SNS-SMARTAG2 1.2.0
2026-02-08 10:38:36,779 [INFO] ThirdParty:1030 - CMSIS Pack Vendor :STMicroelectronics X-CUBE-AZRTOS-WL 2.0.0
2026-02-08 10:38:36,779 [INFO] ThirdParty:1030 - CMSIS Pack Vendor :SEGGER I-CUBE-embOS 1.3.1
2026-02-08 10:38:36,779 [INFO] ThirdParty:1030 - CMSIS Pack Vendor :STMicroelectronics X-CUBE-ALGOBUILD 1.4.0
2026-02-08 10:38:36,779 [INFO] ThirdParty:1030 - CMSIS Pack Vendor :STMicroelectronics X-CUBE-MEMS1 11.3.0
2026-02-08 10:38:36,779 [INFO] ThirdParty:1030 - CMSIS Pack Vendor :STMicroelectronics FP-SNS-MOTENV1 5.0.0
2026-02-08 10:38:36,779 [INFO] ThirdParty:1030 - CMSIS Pack Vendor :STMicroelectronics USB_DEVICE 1.0.0
2026-02-08 10:38:36,779 [INFO] ThirdParty:1030 - CMSIS Pack Vendor :STMicroelectronics X-CUBE-AZRTOS-H7RS 1.2.0
2026-02-08 10:38:36,779 [INFO] ThirdParty:1030 - CMSIS Pack Vendor :STMicroelectronics X-CUBE-AZRTOS-L4 2.0.0
2026-02-08 10:38:36,779 [INFO] ThirdParty:1030 - CMSIS Pack Vendor :STMicroelectronics ThreadX 0.0.2
2026-02-08 10:38:36,779 [INFO] ThirdParty:1030 - CMSIS Pack Vendor :STMicroelectronics lwIP 2.1.2
2026-02-08 10:38:36,779 [INFO] ThirdParty:1030 - CMSIS Pack Vendor :STMicroelectronics X-CUBE-SFXS2LP1 4.0.0
2026-02-08 10:38:36,779 [INFO] ThirdParty:1030 - CMSIS Pack Vendor :STMicroelectronics X-CUBE-BLE2 3.3.0
2026-02-08 10:38:36,779 [INFO] ThirdParty:1030 - CMSIS Pack Vendor :STMicroelectronics PDM2PCM 3.2.0
2026-02-08 10:38:36,779 [INFO] ThirdParty:841 - exiting critical section [change project]
2026-02-08 10:38:37,115 [INFO] PinOutPanel:1499 - setPackage(No Configuration,No Configuration)
2026-02-08 10:38:37,116 [INFO] PinOutPanel:1499 - setPackage(STM32F103RBTx,LQFP64)
2026-02-08 10:38:37,650 [INFO] UtilMem:75 - Before build in PCC Used Memory: 477628408 Bytes (593494016)
2026-02-08 10:38:38,712 [INFO] UtilMem:75 - After build in PCC Used Memory: 376174984 Bytes (593494016)
2026-02-08 10:38:38,758 [INFO] IPUIPlugin:80 - create IPUIPlugin
2026-02-08 10:38:38,758 [INFO] IPUIPlugin:80 - create IPUIPlugin
2026-02-08 10:38:38,758 [INFO] IPUIPlugin:80 - create IPUIPlugin
2026-02-08 10:38:38,759 [INFO] IPUIPlugin:80 - create IPUIPlugin
2026-02-08 10:38:38,759 [INFO] IPUIPlugin:80 - create IPUIPlugin
2026-02-08 10:38:38,759 [INFO] IPUIPlugin:80 - create IPUIPlugin
2026-02-08 10:38:38,759 [INFO] IPUIPlugin:80 - create IPUIPlugin
2026-02-08 10:38:38,759 [INFO] IPUIPlugin:80 - create IPUIPlugin
2026-02-08 10:38:38,759 [INFO] IPUIPlugin:80 - create IPUIPlugin
2026-02-08 10:38:38,759 [INFO] IPUIPlugin:80 - create IPUIPlugin
2026-02-08 10:38:38,759 [INFO] IPUIPlugin:80 - create IPUIPlugin
2026-02-08 10:38:38,759 [INFO] IPUIPlugin:80 - create IPUIPlugin
2026-02-08 10:38:38,759 [INFO] IPUIPlugin:80 - create IPUIPlugin
2026-02-08 10:38:38,760 [INFO] IPUIPlugin:80 - create IPUIPlugin
2026-02-08 10:38:38,760 [INFO] IPUIPlugin:80 - create IPUIPlugin
2026-02-08 10:38:38,760 [INFO] IPUIPlugin:80 - create IPUIPlugin
2026-02-08 10:38:38,760 [INFO] IPUIPlugin:80 - create IPUIPlugin
2026-02-08 10:38:38,760 [INFO] IPUIPlugin:80 - create IPUIPlugin
2026-02-08 10:38:38,760 [INFO] IPUIPlugin:80 - create IPUIPlugin
2026-02-08 10:38:38,760 [INFO] IPUIPlugin:80 - create IPUIPlugin
2026-02-08 10:38:38,761 [INFO] IPUIPlugin:80 - create IPUIPlugin
2026-02-08 10:38:38,761 [INFO] IPUIPlugin:80 - create IPUIPlugin
2026-02-08 10:38:38,761 [INFO] IPUIPlugin:80 - create IPUIPlugin
2026-02-08 10:38:38,761 [INFO] IPUIPlugin:80 - create IPUIPlugin
2026-02-08 10:38:38,761 [INFO] IPUIPlugin:80 - create IPUIPlugin
2026-02-08 10:38:38,761 [INFO] IPUIPlugin:80 - create IPUIPlugin
2026-02-08 10:38:38,762 [INFO] IPUIPlugin:80 - create IPUIPlugin
2026-02-08 10:38:39,370 [INFO] CADModel:165 - CPN selected for project levelSTM32F103RBT6
2026-02-08 10:38:39,370 [INFO] CADModel:114 - Register for checkConnection events
2026-02-08 10:38:39,414 [INFO] OpenFileManager:328 - Restore cursor
2026-02-08 10:38:41,292 [INFO] UtilMem:75 - End SaveConfig() Used Memory: 292651944 Bytes (593494016)
2026-02-08 10:38:52,825 [INFO] McuFinderGlobals:76 - Set McuFinderConnectedMode to true
2026-02-08 10:38:52,829 [INFO] ApiDb:448 - Save user favorites file C:\Users\soumy/.stm32cubeide/favorites.mcus.txt: 1 item(s)
2026-02-08 10:38:52,830 [INFO] ApiDb:452 - User favorites MCUs=[STM32F103RBT6]
2026-02-08 10:38:55,940 [INFO] McuFinderGlobals:63 - Set McuFinder mode to 2 (CubeIDE integrated)
2026-02-08 10:38:55,941 [INFO] UserAuth:179 - activating auth plugin
2026-02-08 10:38:55,977 [INFO] UserAuth:393 - Internet connection configuration mode: 1
2026-02-08 10:40:18,527 [INFO] WebApp:586 - userauth.ini created with success
2026-02-08 10:41:19,759 [INFO] NvicIntPanel:101 - NVIC parent = com.st.microxplorer.plugins.ip.nvic.MultiNvicIntPanel[,0,0,524x254,layout=javax.swing.BoxLayout,alignmentX=0.0,alignmentY=0.0,border=,flags=9,maximumSize=,minimumSize=,preferredSize=]
2026-02-08 10:41:22,295 [INFO] NvicIntPanel:101 - NVIC parent = com.st.microxplorer.plugins.ip.nvic.MultiNvicIntPanel[,0,0,0x0,invalid,layout=javax.swing.BoxLayout,alignmentX=0.0,alignmentY=0.0,border=,flags=9,maximumSize=,minimumSize=,preferredSize=]
2026-02-08 10:41:27,445 [INFO] NvicIntPanel:101 - NVIC parent = com.st.microxplorer.plugins.ip.nvic.MultiNvicIntPanel[,0,0,0x0,invalid,layout=javax.swing.BoxLayout,alignmentX=0.0,alignmentY=0.0,border=,flags=9,maximumSize=,minimumSize=,preferredSize=]
2026-02-08 10:44:30,130 [INFO] NvicIntPanel:101 - NVIC parent = com.st.microxplorer.plugins.ip.nvic.MultiNvicIntPanel[,0,0,524x254,layout=javax.swing.BoxLayout,alignmentX=0.0,alignmentY=0.0,border=,flags=9,maximumSize=,minimumSize=,preferredSize=]
2026-02-08 10:45:10,347 [INFO] DmaTabbedPanel:205 - Cannot restore the selected Tab for DMA
2026-02-08 10:45:11,943 [INFO] Gpio:273 - dependency for GPIO [SPI1, USART1]
2026-02-08 10:45:39,941 [INFO] Gpio:273 - dependency for GPIO [SPI1, USART1]
2026-02-08 10:45:40,018 [INFO] Gpio:273 - dependency for GPIO [SPI1, USART1]
2026-02-08 10:45:54,035 [INFO] Gpio:273 - dependency for GPIO [SPI1, USART1]
2026-02-08 10:46:29,292 [INFO] UtilMem:75 - End SaveConfig() Used Memory: 376989712 Bytes (593494016)
2026-02-08 10:46:33,959 [INFO] ServerAccessManage:473 - Download File stm32cube_fw_f1_v180.zip
2026-02-08 10:46:44,093 [ERROR] FileExtend:455 - File entry not found
2026-02-08 10:46:44,094 [INFO] FileExtend:240 - Unzip File : stm32cube_fw_f1_v180.zip
2026-02-08 10:46:44,094 [INFO] FileExtend:255 - Standard Zip Deflate
2026-02-08 10:47:40,753 [INFO] ServerAccessManage:473 - Download File stm32cube_fw_f1_v186.zip
2026-02-08 10:47:44,779 [INFO] FileExtend:240 - Unzip File : stm32cube_fw_f1_v186.zip
2026-02-08 10:47:44,779 [INFO] FileExtend:255 - Standard Zip Deflate
2026-02-08 10:48:00,293 [INFO] LoadServerPackagesThread:196 - End of LoadServerPackages Thread
2026-02-08 10:48:00,555 [INFO] ThirdPartyModel:298 - Start build external matchings
2026-02-08 10:48:00,559 [INFO] UtilMem:75 - End SaveConfig() Used Memory: 211519048 Bytes (593494016)
2026-02-08 10:48:01,103 [INFO] ThirdPartyModel:316 - End build external matchings
2026-02-08 10:48:01,109 [INFO] CheckServerUpdateThread:120 - End of CheckServer Thread
2026-02-08 10:48:02,238 [INFO] BlockDiagram:2759 - set Specific Code input for plugin: SPI
2026-02-08 10:48:02,238 [INFO] BlockDiagram:2759 - set Specific Code input for plugin: NVIC
2026-02-08 10:48:02,238 [INFO] BlockDiagram:2759 - set Specific Code input for plugin: USART
2026-02-08 10:48:02,239 [INFO] BlockDiagram:2759 - set Specific Code input for plugin: GPIO
2026-02-08 10:48:02,239 [INFO] BlockDiagram:2759 - set Specific Code input for plugin: RCC
2026-02-08 10:48:02,239 [INFO] CodeGenerator:799 - code generatio: config db path: D:\ST\STM32CubeIDE_1.9.0\STM32CubeIDE\plugins\com.st.stm32cube.common.mx_6.9.0.202307051724\\db\
2026-02-08 10:48:03,877 [INFO] CodeEngine:255 - oldGeneratedFile, D:\Users\soumy\GitHub\Learn_embedded_software_dev\EmbeddedProjects\Embedded_Displays\1_Emulation_SPI_If\MXTmpFiles\license.tmp_save
2026-02-08 10:48:06,692 [INFO] CodeEngine:279 - Generated code: D:\Users\soumy\GitHub\Learn_embedded_software_dev\EmbeddedProjects\Embedded_Displays\1_Emulation_SPI_If\MXTmpFiles\license.tmp
2026-02-08 10:48:07,920 [INFO] CodeEngine:255 - oldGeneratedFile, D:\Users\soumy\GitHub\Learn_embedded_software_dev\EmbeddedProjects\Embedded_Displays\1_Emulation_SPI_If\MXTmpFiles\gpio.tmp_save
2026-02-08 10:48:08,032 [INFO] CodeEngine:279 - Generated code: D:\Users\soumy\GitHub\Learn_embedded_software_dev\EmbeddedProjects\Embedded_Displays\1_Emulation_SPI_If\MXTmpFiles\gpio.tmp
2026-02-08 10:48:08,619 [INFO] CodeEngine:255 - oldGeneratedFile, D:\Users\soumy\GitHub\Learn_embedded_software_dev\EmbeddedProjects\Embedded_Displays\1_Emulation_SPI_If\Core\Src\stm32f1xx_it.c_save
2026-02-08 10:48:08,982 [INFO] CodeEngine:279 - Generated code: D:\Users\soumy\GitHub\Learn_embedded_software_dev\EmbeddedProjects\Embedded_Displays\1_Emulation_SPI_If\Core\Src\stm32f1xx_it.c
2026-02-08 10:48:09,232 [INFO] CodeEngine:255 - oldGeneratedFile, D:\Users\soumy\GitHub\Learn_embedded_software_dev\EmbeddedProjects\Embedded_Displays\1_Emulation_SPI_If\Core\Inc\stm32f1xx_it.h_save
2026-02-08 10:48:09,301 [INFO] CodeEngine:279 - Generated code: D:\Users\soumy\GitHub\Learn_embedded_software_dev\EmbeddedProjects\Embedded_Displays\1_Emulation_SPI_If\Core\Inc\stm32f1xx_it.h
2026-02-08 10:48:09,654 [INFO] CodeEngine:255 - oldGeneratedFile, D:\Users\soumy\GitHub\Learn_embedded_software_dev\EmbeddedProjects\Embedded_Displays\1_Emulation_SPI_If\Core\Src\stm32f1xx_hal_msp.c_save
2026-02-08 10:48:09,869 [INFO] CodeEngine:279 - Generated code: D:\Users\soumy\GitHub\Learn_embedded_software_dev\EmbeddedProjects\Embedded_Displays\1_Emulation_SPI_If\Core\Src\stm32f1xx_hal_msp.c
2026-02-08 10:48:09,917 [INFO] CodeEngine:255 - oldGeneratedFile, D:\Users\soumy\GitHub\Learn_embedded_software_dev\EmbeddedProjects\Embedded_Displays\1_Emulation_SPI_If\MXTmpFiles\system.tmp_save
2026-02-08 10:48:09,973 [INFO] CodeEngine:279 - Generated code: D:\Users\soumy\GitHub\Learn_embedded_software_dev\EmbeddedProjects\Embedded_Displays\1_Emulation_SPI_If\MXTmpFiles\system.tmp
2026-02-08 10:48:10,100 [INFO] CodeEngine:311 - oldGeneratedFile, D:\Users\soumy\GitHub\Learn_embedded_software_dev\EmbeddedProjects\Embedded_Displays\1_Emulation_SPI_If\Core\Inc\stm32f1xx_hal_conf.h_save
2026-02-08 10:48:10,166 [INFO] CodeEngine:335 - Generated code: D:\Users\soumy\GitHub\Learn_embedded_software_dev\EmbeddedProjects\Embedded_Displays\1_Emulation_SPI_If\Core\Inc\stm32f1xx_hal_conf.h
2026-02-08 10:48:10,499 [INFO] CodeEngine:255 - oldGeneratedFile, D:\Users\soumy\GitHub\Learn_embedded_software_dev\EmbeddedProjects\Embedded_Displays\1_Emulation_SPI_If\Core\Inc\main.h_save
2026-02-08 10:48:10,566 [INFO] CodeEngine:279 - Generated code: D:\Users\soumy\GitHub\Learn_embedded_software_dev\EmbeddedProjects\Embedded_Displays\1_Emulation_SPI_If\Core\Inc\main.h
2026-02-08 10:48:10,604 [INFO] CodeEngine:255 - oldGeneratedFile, D:\Users\soumy\GitHub\Learn_embedded_software_dev\EmbeddedProjects\Embedded_Displays\1_Emulation_SPI_If\Core\Src\main.c_save
2026-02-08 10:48:10,793 [INFO] CodeEngine:279 - Generated code: D:\Users\soumy\GitHub\Learn_embedded_software_dev\EmbeddedProjects\Embedded_Displays\1_Emulation_SPI_If\Core\Src\main.c
2026-02-08 10:48:13,233 [INFO] ProjectBuilder:3064 - Time for Copy HAL[1] : 716mS.
2026-02-08 10:48:13,252 [INFO] ProjectBuilder:4404 - Project Generator version: 4.1.0
2026-02-08 10:48:13,685 [INFO] ConfigFileManager:1457 - The Die is : DIE410
2026-02-08 10:48:13,936 [INFO] ApiDbMcu:507 - Load IP Config File for FATFS
2026-02-08 10:48:14,020 [INFO] ApiDbMcu:507 - Load IP Config File for FREERTOS
2026-02-08 10:48:14,161 [INFO] ApiDbMcu:507 - Load IP Config File for USB_DEVICE
2026-02-08 10:48:17,443 [INFO] LogOutputStream:77 - [STDOUT_REDIRECT] 
2026-02-08 10:48:44,571 [INFO] ProjectBuilder:4626 - Time for Generating toolchain IDE Files: 31318mS.
2026-02-08 10:48:44,571 [INFO] ProjectBuilder:2935 - Time for Copy CMSIS : 0mS.
2026-02-08 10:48:44,573 [INFO] ProjectBuilder:2935 - Time for Copy CMSIS : 0mS.
2026-02-08 11:09:54,200 [ERROR] LogOutputStream:75 - [STDERR_REDIRECT] SLF4J: Failed to load class "org.slf4j.impl.StaticLoggerBinder".
2026-02-08 11:09:54,201 [ERROR] LogOutputStream:75 - [STDERR_REDIRECT] SLF4J: Defaulting to no-operation (NOP) logger implementation
2026-02-08 11:09:54,202 [ERROR] LogOutputStream:75 - [STDERR_REDIRECT] SLF4J: See http://www.slf4j.org/codes.html#StaticLoggerBinder for further details.
2026-02-08 12:43:27,603 [INFO] MainUpdater:2868 - connection check result : 10
2026-02-08 12:43:28,862 [INFO] McuFinderGlobals:76 - Set McuFinderConnectedMode to true
2026-02-08 12:43:29,373 [INFO] MultiScanPanel:200 - Auto-refresh data requested => check proxy status ongoing
2026-02-08 12:43:29,608 [INFO] FinderPluginLoader:95 - Searching for filters in installed packs
2026-02-08 12:43:35,382 [INFO] LoadUrlFilesThread:185 - End of LoadServerUrlFiles without Thread
2026-02-08 12:43:35,382 [INFO] DetailPanel:341 - Set advertising image to C:/Users/soumy/STM32Cube/Repository/\en.prom-stm32mp21-0126.png
2026-02-08 12:59:20,012 [INFO] MultiScanPanel:200 - Auto-refresh data requested => check proxy status ongoing
2026-02-08 12:59:21,442 [INFO] LoadUrlFilesThread:185 - End of LoadServerUrlFiles without Thread
2026-02-08 12:59:21,442 [INFO] DetailPanel:341 - Set advertising image to C:/Users/soumy/STM32Cube/Repository/\en.prom-stm32mp21-0126.png
2026-02-08 12:59:21,476 [INFO] DbBoards:634 - Loading board mini-images...
2026-02-08 12:59:44,830 [INFO] DbBoards:657 - Loaded 211 board mini-images
2026-02-08 13:00:10,062 [INFO] ApiDb:581 - Connected to CubeFinder SQLite database (C:\Users\soumy\.stmcufinder\plugins\mcufinder\mcu\cube-finder-db.db)
2026-02-08 13:03:04,171 [INFO] McuFinderGlobals:76 - Set McuFinderConnectedMode to true
2026-02-08 13:03:05,072 [INFO] ApiDb:448 - Save user favorites file C:\Users\soumy/.stm32cubeide/favorites.mcus.txt: 1 item(s)
2026-02-08 13:03:05,072 [INFO] ApiDb:452 - User favorites MCUs=[STM32F103RBT6]
2026-02-08 13:03:05,073 [INFO] ApiDb:448 - Save user favorites file C:\Users\soumy/.stm32cubeide/favorites.boards.txt: 2 item(s)
2026-02-08 13:03:05,073 [INFO] ApiDb:452 - User favorites Boards=[STM32F407G-DISC1, STM32F429I-DISC1]
2026-02-08 13:03:15,596 [INFO] MainUpdater:2868 - connection check result : 10
2026-02-08 13:03:15,696 [INFO] McuFinderGlobals:76 - Set McuFinderConnectedMode to true
2026-02-08 13:03:15,696 [INFO] MultiScanPanel:200 - Auto-refresh data requested => check proxy status ongoing
2026-02-08 13:03:15,697 [INFO] FinderPluginLoader:95 - Searching for filters in installed packs
2026-02-08 13:03:17,278 [INFO] LoadUrlFilesThread:185 - End of LoadServerUrlFiles without Thread
2026-02-08 13:03:17,278 [INFO] DetailPanel:341 - Set advertising image to C:/Users/soumy/STM32Cube/Repository/\en.prom-stm32mp21-0126.png
2026-02-08 13:03:51,431 [INFO] McuResultTable:1395 - Mark MCU STM32F429ZIT6 as favorite
2026-02-08 13:04:33,648 [INFO] MainUpdater:2868 - connection check result : 10
2026-02-08 13:04:33,648 [INFO] MainUpdater:2868 - connection check result : 10
2026-02-08 13:04:34,150 [INFO] MicroXplorer:468 - Change Database Path : 
2026-02-08 13:04:34,150 [INFO] MicroXplorer:498 - Change Database Version : DB.6.0.90
2026-02-08 13:04:34,918 [WARN] ThirdParty:871 - waiting for thirdparty lock release [close project]
2026-02-08 13:04:34,919 [INFO] ThirdParty:873 - entering critical section [close project]
2026-02-08 13:04:34,919 [INFO] ThirdParty:883 - exiting critical section [close project]
2026-02-08 13:04:34,952 [INFO] PinOutPanel:1499 - setPackage(No Configuration,No Configuration)
2026-02-08 13:04:35,134 [INFO] UtilMem:75 - Begin LoadConfig() Used Memory: 832606528 Bytes (1073741824)
2026-02-08 13:04:35,135 [INFO] MicroXplorer:468 - Change Database Path : 
2026-02-08 13:04:35,135 [INFO] MicroXplorer:498 - Change Database Version : DB.6.0.90
2026-02-08 13:04:35,135 [INFO] OpenFileManager:308 - Change cursor
2026-02-08 13:04:35,283 [INFO] RulesReader:64 - Compatibility file has been processed (293 Rules)
2026-02-08 13:04:35,390 [INFO] Mcu:1946 - Initializing MCU STM32F429ZITx STM32F429ZITx STM32F429ZIT6
2026-02-08 13:04:40,582 [INFO] Context:659 - Trying to add GPIOservice into a context  which must be forbidden
2026-02-08 13:04:42,750 [INFO] ImportTextPane:194 - (OptionalMessage_ERROR) Unable to find key (Mcu.ThirdPartyNb) in loaded IOC file
2026-02-08 13:04:42,750 [INFO] ImportTextPane:194 - (OptionalMessage_ERROR) Unable to find key (Mcu.PinsNb) in loaded IOC file
2026-02-08 13:04:42,750 [INFO] ImportTextPane:194 - (OptionalMessage_ERROR) Unable to find key (Mcu.IPNb) in loaded IOC file
2026-02-08 13:04:42,869 [INFO] RtosManager:555 - Registered RTOS mode: class=CMSIS, group=RTOS, mode=CMSIS_V1, owner=FREERTOS
2026-02-08 13:04:42,869 [INFO] RtosManager:555 - Registered RTOS mode: class=CMSIS, group=RTOS2, mode=CMSIS_V2, owner=FREERTOS
2026-02-08 13:04:42,869 [INFO] RtosManager:555 - Registered RTOS mode: class=RTOS, group=Core, mode=CMSIS_V1, owner=FREERTOS
2026-02-08 13:04:42,869 [INFO] RtosManager:555 - Registered RTOS mode: class=RTOS, group=Core, mode=CMSIS_V2, owner=FREERTOS
2026-02-08 13:04:42,869 [WARN] ModelIntegratedComponent:184 - Missing modes for component STMicroelectronics:FreeRTOS:0.0.1:STMicroelectronics:RTOS:FreeRTOS:Core:::10.2.0:
2026-02-08 13:04:42,876 [WARN] ModelIntegratedComponent:63 - No mode defined for component null
2026-02-08 13:04:42,876 [WARN] ModelIntegratedComponent:63 - No mode defined for component null
2026-02-08 13:04:42,876 [WARN] ModelIntegratedComponent:63 - No mode defined for component null
2026-02-08 13:04:42,876 [WARN] ModelIntegratedComponent:63 - No mode defined for component null
2026-02-08 13:04:42,876 [WARN] ModelIntegratedComponent:63 - No mode defined for component null
2026-02-08 13:04:42,876 [WARN] ModelIntegratedComponent:63 - No mode defined for component null
2026-02-08 13:04:42,876 [WARN] ModelIntegratedComponent:63 - No mode defined for component null
2026-02-08 13:04:42,876 [WARN] ModelIntegratedComponent:63 - No mode defined for component null
2026-02-08 13:04:42,876 [WARN] ModelIntegratedComponent:63 - No mode defined for component null
2026-02-08 13:04:42,877 [WARN] ModelIntegratedComponent:63 - No mode defined for component null
2026-02-08 13:04:42,877 [WARN] ModelIntegratedComponent:63 - No mode defined for component null
2026-02-08 13:04:42,877 [WARN] ModelIntegratedComponent:63 - No mode defined for component null
2026-02-08 13:04:42,877 [WARN] ModelIntegratedComponent:63 - No mode defined for component null
2026-02-08 13:04:42,877 [WARN] ModelIntegratedComponent:63 - No mode defined for component null
2026-02-08 13:04:42,877 [WARN] ModelIntegratedComponent:63 - No mode defined for component null
2026-02-08 13:04:42,877 [WARN] ModelIntegratedComponent:63 - No mode defined for component null
2026-02-08 13:04:42,877 [WARN] ModelIntegratedComponent:63 - No mode defined for component null
2026-02-08 13:04:42,877 [WARN] ModelIntegratedComponent:63 - No mode defined for component null
2026-02-08 13:04:42,877 [WARN] ModelIntegratedComponent:63 - No mode defined for component null
2026-02-08 13:04:42,877 [WARN] ModelIntegratedComponent:63 - No mode defined for component null
2026-02-08 13:04:42,877 [WARN] ModelIntegratedComponent:63 - No mode defined for component null
2026-02-08 13:04:42,877 [WARN] ModelIntegratedComponent:63 - No mode defined for component null
2026-02-08 13:04:42,877 [WARN] ModelIntegratedComponent:63 - No mode defined for component null
2026-02-08 13:04:42,877 [WARN] ModelIntegratedComponent:63 - No mode defined for component null
2026-02-08 13:04:42,877 [WARN] ModelIntegratedComponent:63 - No mode defined for component null
2026-02-08 13:04:42,877 [WARN] ModelIntegratedComponent:63 - No mode defined for component null
2026-02-08 13:04:42,877 [WARN] ModelIntegratedComponent:63 - No mode defined for component null
2026-02-08 13:04:42,877 [WARN] ModelIntegratedComponent:63 - No mode defined for component null
2026-02-08 13:04:42,877 [WARN] ModelIntegratedComponent:63 - No mode defined for component null
2026-02-08 13:04:42,877 [WARN] ModelIntegratedComponent:63 - No mode defined for component null
2026-02-08 13:04:42,877 [WARN] ModelIntegratedComponent:63 - No mode defined for component null
2026-02-08 13:04:42,877 [WARN] ModelIntegratedComponent:63 - No mode defined for component null
2026-02-08 13:04:42,877 [WARN] ModelIntegratedComponent:63 - No mode defined for component null
2026-02-08 13:04:43,599 [INFO] ThirdPartyModel:298 - Start build external matchings
2026-02-08 13:04:45,887 [INFO] ThirdPartyModel:316 - End build external matchings
2026-02-08 13:04:46,804 [INFO] UtilMem:75 - End LoadConfig() Used Memory: 735230384 Bytes (1073741824)
2026-02-08 13:04:46,865 [WARN] ThirdParty:833 - waiting for thirdparty lock release [change project]
2026-02-08 13:04:46,865 [INFO] ThirdParty:835 - entering critical section [change project]
2026-02-08 13:04:46,865 [INFO] ThirdParty:1030 - CMSIS Pack Vendor :STMicroelectronics X-CUBE-PM33A1 1.0.0
2026-02-08 13:04:46,865 [INFO] ThirdParty:1030 - CMSIS Pack Vendor :STMicroelectronics USBPD 4.1
2026-02-08 13:04:46,865 [INFO] ThirdParty:1030 - CMSIS Pack Vendor :STMicroelectronics X-CUBE-NFC9 1.0.0
2026-02-08 13:04:46,865 [INFO] ThirdParty:1030 - CMSIS Pack Vendor :STMicroelectronics USB_HOST 2.0.0
2026-02-08 13:04:46,865 [INFO] ThirdParty:1030 - CMSIS Pack Vendor :STMicroelectronics FP-SNS-MOTENVWB1 1.4.0
2026-02-08 13:04:46,865 [INFO] ThirdParty:1030 - CMSIS Pack Vendor :STMicroelectronics X-CUBE-AZRTOS-F4 1.1.0
2026-02-08 13:04:46,865 [INFO] ThirdParty:1030 - CMSIS Pack Vendor :STMicroelectronics LIBJPEG 8.0.0
2026-02-08 13:04:46,865 [INFO] ThirdParty:1030 - CMSIS Pack Vendor :STMicroelectronics FP-ATR-ASTRA1 2.0.2
2026-02-08 13:04:46,865 [INFO] ThirdParty:1030 - CMSIS Pack Vendor :wolfSSL I-CUBE-wolfSSL 5.8.2
2026-02-08 13:04:46,865 [INFO] ThirdParty:1030 - CMSIS Pack Vendor :STMicroelectronics X-CUBE-BLE1 7.1.0
2026-02-08 13:04:46,865 [INFO] ThirdParty:1030 - CMSIS Pack Vendor :STMicroelectronics X-CUBE-SMBUS 2.1.0
2026-02-08 13:04:46,865 [INFO] ThirdParty:1030 - CMSIS Pack Vendor :wolfSSL I-CUBE-wolfMQTT 1.19.2
2026-02-08 13:04:46,865 [INFO] ThirdParty:1030 - CMSIS Pack Vendor :STMicroelectronics USB_DEVICE 3.0.0
2026-02-08 13:04:46,865 [INFO] ThirdParty:1030 - CMSIS Pack Vendor :STMicroelectronics X-CUBE-ISPU 2.1.0
2026-02-08 13:04:46,865 [INFO] ThirdParty:1030 - CMSIS Pack Vendor :STMicroelectronics X-CUBE-EEPRMA1 5.2.0
2026-02-08 13:04:46,865 [INFO] ThirdParty:1030 - CMSIS Pack Vendor :STMicroelectronics X-CUBE-AZRTOS-WB 2.0.0
2026-02-08 13:04:46,866 [INFO] ThirdParty:1030 - CMSIS Pack Vendor :STMicroelectronics X-CUBE-GNSS1 7.0.1
2026-02-08 13:04:46,866 [INFO] ThirdParty:1030 - CMSIS Pack Vendor :STMicroelectronics X-CUBE-NFC12 1.0.0
2026-02-08 13:04:46,866 [INFO] ThirdParty:1030 - CMSIS Pack Vendor :STMicroelectronics X-CUBE-AZRTOS-F7 1.1.0
2026-02-08 13:04:46,866 [INFO] ThirdParty:1030 - CMSIS Pack Vendor :STMicroelectronics X-CUBE-AZRTOS-L5 2.0.0
2026-02-08 13:04:46,866 [INFO] ThirdParty:1030 - CMSIS Pack Vendor :STMicroelectronics X-CUBE-TOUCHGFX 4.25.0
2026-02-08 13:04:46,866 [INFO] ThirdParty:1030 - CMSIS Pack Vendor :STMicroelectronics USB_DEVICE 2.0.0
2026-02-08 13:04:46,866 [INFO] ThirdParty:1030 - CMSIS Pack Vendor :STMicroelectronics X-CUBE-NFC6 3.1.0
2026-02-08 13:04:46,866 [INFO] ThirdParty:1030 - CMSIS Pack Vendor :STMicroelectronics X-CUBE-MEMS1 12.0.0
2026-02-08 13:04:46,866 [INFO] ThirdParty:1030 - CMSIS Pack Vendor :STMicroelectronics X-CUBE-STSE01 2.0.0
2026-02-08 13:04:46,866 [INFO] ThirdParty:1030 - CMSIS Pack Vendor :STMicroelectronics FreeRTOS 0.0.1
2026-02-08 13:04:46,866 [INFO] ThirdParty:1030 - CMSIS Pack Vendor :STMicroelectronics X-CUBE-AZRTOS-G0 1.1.0
2026-02-08 13:04:46,866 [INFO] ThirdParty:1030 - CMSIS Pack Vendor :STMicroelectronics X-CUBE-SAFEA1 1.2.2
2026-02-08 13:04:46,866 [INFO] ThirdParty:1030 - CMSIS Pack Vendor :STMicroelectronics X-CUBE-NFC4 3.0.0
2026-02-08 13:04:46,866 [INFO] ThirdParty:1030 - CMSIS Pack Vendor :STMicroelectronics X-CUBE-SUBG2 5.0.0
2026-02-08 13:04:46,866 [INFO] ThirdParty:1030 - CMSIS Pack Vendor :STMicroelectronics X-CUBE-AZRTOS-H7RS 1.1.0
2026-02-08 13:04:46,866 [INFO] ThirdParty:1030 - CMSIS Pack Vendor :STMicroelectronics STM32_WPAN 1.0.0
2026-02-08 13:04:46,866 [INFO] ThirdParty:1030 - CMSIS Pack Vendor :STMicroelectronics lwIP 2.0.3
2026-02-08 13:04:46,866 [INFO] ThirdParty:1030 - CMSIS Pack Vendor :Cesanta I-CUBE-Mongoose 7.13.0
2026-02-08 13:04:46,866 [INFO] ThirdParty:1030 - CMSIS Pack Vendor :STMicroelectronics USB_HOST 1.0.0
2026-02-08 13:04:46,866 [INFO] ThirdParty:1030 - CMSIS Pack Vendor :STMicroelectronics X-CUBE-AZRTOS-G4 2.0.0
2026-02-08 13:04:46,866 [INFO] ThirdParty:1030 - CMSIS Pack Vendor :STMicroelectronics X-CUBE-WB05N 2.0.0
2026-02-08 13:04:46,866 [INFO] ThirdParty:1030 - CMSIS Pack Vendor :STMicroelectronics PDM2PCM 3.1.0
2026-02-08 13:04:46,866 [INFO] ThirdParty:1030 - CMSIS Pack Vendor :STMicroelectronics PDM2PCM 3.3.0
2026-02-08 13:04:46,867 [INFO] ThirdParty:1030 - CMSIS Pack Vendor :wolfSSL I-CUBE-wolfTPM 3.8.0
2026-02-08 13:04:46,867 [INFO] ThirdParty:1030 - CMSIS Pack Vendor :STMicroelectronics X-CUBE-AZRTOS-H7 3.4.0
2026-02-08 13:04:46,867 [INFO] ThirdParty:1030 - CMSIS Pack Vendor :STMicroelectronics X-CUBE-DISPLAY 3.0.0
2026-02-08 13:04:46,867 [INFO] ThirdParty:1030 - CMSIS Pack Vendor :wolfSSL I-CUBE-wolfSSH 1.4.20
2026-02-08 13:04:46,867 [INFO] ThirdParty:1030 - CMSIS Pack Vendor :STMicroelectronics X-CUBE-NFC7 2.0.0
2026-02-08 13:04:46,867 [INFO] ThirdParty:1030 - CMSIS Pack Vendor :STMicroelectronics FP-ATR-SIGFOX1 3.2.0
2026-02-08 13:04:46,867 [INFO] ThirdParty:1030 - CMSIS Pack Vendor :STMicroelectronics X-CUBE-NFC10 1.0.0
2026-02-08 13:04:46,867 [INFO] ThirdParty:1030 - CMSIS Pack Vendor :STMicroelectronics X-CUBE-FREERTOS 1.3.1
2026-02-08 13:04:46,867 [INFO] ThirdParty:1030 - CMSIS Pack Vendor :STMicroelectronics HAL Drivers 0.0.0
2026-02-08 13:04:46,867 [INFO] ThirdParty:1030 - CMSIS Pack Vendor :STMicroelectronics MBEDTLS 2.16.2
2026-02-08 13:04:46,867 [INFO] ThirdParty:1030 - CMSIS Pack Vendor :STMicroelectronics X-CUBE-ALS 1.0.2
2026-02-08 13:04:46,867 [INFO] ThirdParty:1030 - CMSIS Pack Vendor :emotas I-CUBE-CANOPEN 1.3.0
2026-02-08 13:04:46,867 [INFO] ThirdParty:1030 - CMSIS Pack Vendor :STMicroelectronics MBEDTLS 2.14.1
2026-02-08 13:04:46,867 [INFO] ThirdParty:1030 - CMSIS Pack Vendor :STMicroelectronics X-CUBE-GNSS1 7.1.0
2026-02-08 13:04:46,867 [INFO] ThirdParty:1030 - CMSIS Pack Vendor :ITTIA_DB I-CUBE-ITTIADB 8.9.0
2026-02-08 13:04:46,867 [INFO] ThirdParty:1030 - CMSIS Pack Vendor :STMicroelectronics X-CUBE-TOUCHGFX 4.26.0
2026-02-08 13:04:46,867 [INFO] ThirdParty:1030 - CMSIS Pack Vendor :STMicroelectronics X-CUBE-STSE01 1.0.0
2026-02-08 13:04:46,867 [INFO] ThirdParty:1030 - CMSIS Pack Vendor :STMicroelectronics X-CUBE-NFC6 3.2.0
2026-02-08 13:04:46,867 [INFO] ThirdParty:1030 - CMSIS Pack Vendor :STMicroelectronics X-CUBE-AI 10.2.0
2026-02-08 13:04:46,867 [INFO] ThirdParty:1030 - CMSIS Pack Vendor :STMicroelectronics ThreadX 1.0.0
2026-02-08 13:04:46,867 [INFO] ThirdParty:1030 - CMSIS Pack Vendor :STMicroelectronics FP-SNS-SMARTAG2 1.2.0
2026-02-08 13:04:46,867 [INFO] ThirdParty:1030 - CMSIS Pack Vendor :STMicroelectronics X-CUBE-AZRTOS-WL 2.0.0
2026-02-08 13:04:46,867 [INFO] ThirdParty:1030 - CMSIS Pack Vendor :SEGGER I-CUBE-embOS 1.3.1
2026-02-08 13:04:46,867 [INFO] ThirdParty:1030 - CMSIS Pack Vendor :STMicroelectronics X-CUBE-ALGOBUILD 1.4.0
2026-02-08 13:04:46,867 [INFO] ThirdParty:1030 - CMSIS Pack Vendor :STMicroelectronics X-CUBE-MEMS1 11.3.0
2026-02-08 13:04:46,868 [INFO] ThirdParty:1030 - CMSIS Pack Vendor :STMicroelectronics FP-SNS-MOTENV1 5.0.0
2026-02-08 13:04:46,868 [INFO] ThirdParty:1030 - CMSIS Pack Vendor :STMicroelectronics USB_DEVICE 1.0.0
2026-02-08 13:04:46,868 [INFO] ThirdParty:1030 - CMSIS Pack Vendor :STMicroelectronics X-CUBE-AZRTOS-H7RS 1.2.0
2026-02-08 13:04:46,868 [INFO] ThirdParty:1030 - CMSIS Pack Vendor :STMicroelectronics X-CUBE-AZRTOS-L4 2.0.0
2026-02-08 13:04:46,868 [INFO] ThirdParty:1030 - CMSIS Pack Vendor :STMicroelectronics ThreadX 0.0.2
2026-02-08 13:04:46,868 [INFO] ThirdParty:1030 - CMSIS Pack Vendor :STMicroelectronics lwIP 2.1.2
2026-02-08 13:04:46,868 [INFO] ThirdParty:1030 - CMSIS Pack Vendor :STMicroelectronics X-CUBE-SFXS2LP1 4.0.0
2026-02-08 13:04:46,868 [INFO] ThirdParty:1030 - CMSIS Pack Vendor :STMicroelectronics X-CUBE-BLE2 3.3.0
2026-02-08 13:04:46,868 [INFO] ThirdParty:1030 - CMSIS Pack Vendor :STMicroelectronics PDM2PCM 3.2.0
2026-02-08 13:04:46,868 [INFO] ThirdParty:841 - exiting critical section [change project]
2026-02-08 13:04:47,404 [INFO] PinOutPanel:1499 - setPackage(No Configuration,No Configuration)
2026-02-08 13:04:47,427 [INFO] PinOutPanel:1499 - setPackage(STM32F429ZITx,LQFP144)
2026-02-08 13:04:47,916 [INFO] UtilMem:75 - Before build in PCC Used Memory: 756346312 Bytes (1073741824)
2026-02-08 13:04:48,654 [INFO] UtilMem:75 - After build in PCC Used Memory: 756270392 Bytes (1073741824)
2026-02-08 13:04:48,689 [INFO] IPUIPlugin:80 - create IPUIPlugin
2026-02-08 13:04:48,689 [INFO] IPUIPlugin:80 - create IPUIPlugin
2026-02-08 13:04:48,689 [INFO] IPUIPlugin:80 - create IPUIPlugin
2026-02-08 13:04:48,689 [INFO] IPUIPlugin:80 - create IPUIPlugin
2026-02-08 13:04:48,689 [INFO] IPUIPlugin:80 - create IPUIPlugin
2026-02-08 13:04:48,697 [INFO] IPUIPlugin:80 - create IPUIPlugin
2026-02-08 13:04:48,697 [INFO] IPUIPlugin:80 - create IPUIPlugin
2026-02-08 13:04:48,697 [INFO] IPUIPlugin:80 - create IPUIPlugin
2026-02-08 13:04:48,697 [INFO] IPUIPlugin:80 - create IPUIPlugin
2026-02-08 13:04:48,697 [INFO] IPUIPlugin:80 - create IPUIPlugin
2026-02-08 13:04:48,698 [INFO] IPUIPlugin:80 - create IPUIPlugin
2026-02-08 13:04:48,698 [INFO] IPUIPlugin:80 - create IPUIPlugin
2026-02-08 13:04:48,716 [INFO] IPUIPlugin:80 - create IPUIPlugin
2026-02-08 13:04:48,716 [INFO] IPUIPlugin:80 - create IPUIPlugin
2026-02-08 13:04:48,716 [INFO] IPUIPlugin:80 - create IPUIPlugin
2026-02-08 13:04:48,717 [INFO] IPUIPlugin:80 - create IPUIPlugin
2026-02-08 13:04:48,717 [INFO] IPUIPlugin:80 - create IPUIPlugin
2026-02-08 13:04:48,717 [INFO] IPUIPlugin:80 - create IPUIPlugin
2026-02-08 13:04:48,717 [INFO] IPUIPlugin:80 - create IPUIPlugin
2026-02-08 13:04:48,717 [INFO] IPUIPlugin:80 - create IPUIPlugin
2026-02-08 13:04:48,717 [INFO] IPUIPlugin:80 - create IPUIPlugin
2026-02-08 13:04:48,718 [INFO] IPUIPlugin:80 - create IPUIPlugin
2026-02-08 13:04:48,718 [INFO] IPUIPlugin:80 - create IPUIPlugin
2026-02-08 13:04:48,718 [INFO] IPUIPlugin:80 - create IPUIPlugin
2026-02-08 13:04:48,719 [INFO] IPUIPlugin:80 - create IPUIPlugin
2026-02-08 13:04:48,719 [INFO] IPUIPlugin:80 - create IPUIPlugin
2026-02-08 13:04:48,721 [INFO] IPUIPlugin:80 - create IPUIPlugin
2026-02-08 13:04:48,722 [INFO] IPUIPlugin:80 - create IPUIPlugin
2026-02-08 13:04:48,722 [INFO] IPUIPlugin:80 - create IPUIPlugin
2026-02-08 13:04:48,722 [INFO] IPUIPlugin:80 - create IPUIPlugin
2026-02-08 13:04:48,723 [INFO] IPUIPlugin:80 - create IPUIPlugin
2026-02-08 13:04:48,723 [INFO] IPUIPlugin:80 - create IPUIPlugin
2026-02-08 13:04:48,723 [INFO] IPUIPlugin:80 - create IPUIPlugin
2026-02-08 13:04:48,723 [INFO] IPUIPlugin:80 - create IPUIPlugin
2026-02-08 13:04:48,724 [INFO] IPUIPlugin:80 - create IPUIPlugin
2026-02-08 13:04:48,724 [INFO] IPUIPlugin:80 - create IPUIPlugin
2026-02-08 13:04:48,724 [INFO] IPUIPlugin:80 - create IPUIPlugin
2026-02-08 13:04:48,724 [INFO] IPUIPlugin:80 - create IPUIPlugin
2026-02-08 13:04:48,725 [INFO] IPUIPlugin:80 - create IPUIPlugin
2026-02-08 13:04:48,725 [INFO] IPUIPlugin:80 - create IPUIPlugin
2026-02-08 13:04:48,725 [INFO] IPUIPlugin:80 - create IPUIPlugin
2026-02-08 13:04:48,726 [INFO] IPUIPlugin:80 - create IPUIPlugin
2026-02-08 13:04:48,726 [INFO] IPUIPlugin:80 - create IPUIPlugin
2026-02-08 13:04:48,726 [INFO] IPUIPlugin:80 - create IPUIPlugin
2026-02-08 13:04:48,726 [INFO] IPUIPlugin:80 - create IPUIPlugin
2026-02-08 13:04:48,727 [INFO] IPUIPlugin:80 - create IPUIPlugin
2026-02-08 13:04:48,727 [INFO] IPUIPlugin:80 - create IPUIPlugin
2026-02-08 13:04:48,727 [INFO] IPUIPlugin:80 - create IPUIPlugin
2026-02-08 13:04:48,728 [INFO] IPUIPlugin:80 - create IPUIPlugin
2026-02-08 13:04:48,728 [INFO] IPUIPlugin:80 - create IPUIPlugin
2026-02-08 13:04:48,728 [INFO] IPUIPlugin:80 - create IPUIPlugin
2026-02-08 13:04:48,729 [INFO] IPUIPlugin:80 - create IPUIPlugin
2026-02-08 13:04:48,735 [INFO] IPUIPlugin:80 - create IPUIPlugin
2026-02-08 13:04:48,736 [INFO] IPUIPlugin:80 - create IPUIPlugin
2026-02-08 13:04:48,736 [INFO] IPUIPlugin:80 - create IPUIPlugin
2026-02-08 13:04:48,736 [INFO] IPUIPlugin:80 - create IPUIPlugin
2026-02-08 13:04:48,737 [INFO] IPUIPlugin:80 - create IPUIPlugin
2026-02-08 13:04:48,737 [INFO] IPUIPlugin:80 - create IPUIPlugin
2026-02-08 13:04:48,738 [INFO] IPUIPlugin:80 - create IPUIPlugin
2026-02-08 13:04:48,738 [INFO] IPUIPlugin:80 - create IPUIPlugin
2026-02-08 13:04:48,739 [INFO] IPUIPlugin:80 - create IPUIPlugin
2026-02-08 13:04:48,739 [INFO] IPUIPlugin:80 - create IPUIPlugin
2026-02-08 13:04:48,740 [INFO] IPUIPlugin:80 - create IPUIPlugin
2026-02-08 13:04:48,741 [INFO] IPUIPlugin:80 - create IPUIPlugin
2026-02-08 13:04:48,741 [INFO] IPUIPlugin:80 - create IPUIPlugin
2026-02-08 13:04:48,742 [INFO] IPUIPlugin:80 - create IPUIPlugin
2026-02-08 13:04:48,907 [INFO] ApiDbMcu:507 - Load IP Config File for PDM2PCM
2026-02-08 13:04:48,934 [INFO] CADModel:165 - CPN selected for project levelSTM32F429ZIT6
2026-02-08 13:04:48,934 [INFO] CADModel:114 - Register for checkConnection events
2026-02-08 13:04:48,980 [INFO] OpenFileManager:328 - Restore cursor
2026-02-08 13:04:49,505 [INFO] UtilMem:75 - End SaveConfig() Used Memory: 742176896 Bytes (1073741824)
2026-02-08 13:04:50,528 [INFO] ServerAccessManage:473 - Download File stm32cube_fw_f4_v1270.zip
2026-02-08 13:06:03,054 [INFO] AnalyticsPlugin:368 - Accepted License(s): [FW.F4.1.27.0]
2026-02-08 13:06:03,055 [INFO] FileExtend:240 - Unzip File : stm32cube_fw_f4_v1270.zip
2026-02-08 13:06:03,055 [INFO] FileExtend:255 - Standard Zip Deflate
2026-02-08 13:08:20,108 [INFO] ServerAccessManage:473 - Download File stm32cube_fw_f4_v1271.zip
2026-02-08 13:08:29,394 [INFO] FileExtend:240 - Unzip File : stm32cube_fw_f4_v1271.zip
2026-02-08 13:08:29,394 [INFO] FileExtend:255 - Standard Zip Deflate
2026-02-08 13:08:30,916 [INFO] LoadServerPackagesThread:196 - End of LoadServerPackages Thread
2026-02-08 13:08:31,162 [INFO] UtilMem:75 - End SaveConfig() Used Memory: 769358840 Bytes (1073741824)
2026-02-08 13:08:31,182 [INFO] ThirdPartyModel:298 - Start build external matchings
2026-02-08 13:08:33,352 [INFO] BlockDiagram:2759 - set Specific Code input for plugin: RCC
2026-02-08 13:08:33,353 [INFO] BlockDiagram:2759 - set Specific Code input for plugin: NVIC
2026-02-08 13:08:33,353 [INFO] CodeGenerator:799 - code generatio: config db path: D:\ST\STM32CubeIDE_1.9.0\STM32CubeIDE\plugins\com.st.stm32cube.common.mx_6.9.0.202307051724\\db\
2026-02-08 13:08:34,122 [INFO] ThirdPartyModel:316 - End build external matchings
2026-02-08 13:08:34,138 [INFO] CheckServerUpdateThread:120 - End of CheckServer Thread
2026-02-08 13:08:34,531 [INFO] CodeEngine:255 - oldGeneratedFile, D:\Users\soumy\GitHub\Learn_embedded_software_dev\EmbeddedProjects\Embedded_Displays\Test_logic_analyzer\MXTmpFiles\license.tmp_save
2026-02-08 13:08:34,741 [INFO] CodeEngine:279 - Generated code: D:\Users\soumy\GitHub\Learn_embedded_software_dev\EmbeddedProjects\Embedded_Displays\Test_logic_analyzer\MXTmpFiles\license.tmp
2026-02-08 13:08:34,798 [INFO] CodeEngine:255 - oldGeneratedFile, D:\Users\soumy\GitHub\Learn_embedded_software_dev\EmbeddedProjects\Embedded_Displays\Test_logic_analyzer\Core\Src\stm32f4xx_it.c_save
2026-02-08 13:08:35,143 [INFO] CodeEngine:279 - Generated code: D:\Users\soumy\GitHub\Learn_embedded_software_dev\EmbeddedProjects\Embedded_Displays\Test_logic_analyzer\Core\Src\stm32f4xx_it.c
2026-02-08 13:08:35,170 [INFO] CodeEngine:255 - oldGeneratedFile, D:\Users\soumy\GitHub\Learn_embedded_software_dev\EmbeddedProjects\Embedded_Displays\Test_logic_analyzer\Core\Inc\stm32f4xx_it.h_save
2026-02-08 13:08:35,282 [INFO] CodeEngine:279 - Generated code: D:\Users\soumy\GitHub\Learn_embedded_software_dev\EmbeddedProjects\Embedded_Displays\Test_logic_analyzer\Core\Inc\stm32f4xx_it.h
2026-02-08 13:08:35,483 [INFO] CodeEngine:255 - oldGeneratedFile, D:\Users\soumy\GitHub\Learn_embedded_software_dev\EmbeddedProjects\Embedded_Displays\Test_logic_analyzer\Core\Src\stm32f4xx_hal_msp.c_save
2026-02-08 13:08:35,610 [INFO] CodeEngine:279 - Generated code: D:\Users\soumy\GitHub\Learn_embedded_software_dev\EmbeddedProjects\Embedded_Displays\Test_logic_analyzer\Core\Src\stm32f4xx_hal_msp.c
2026-02-08 13:08:35,628 [INFO] CodeEngine:255 - oldGeneratedFile, D:\Users\soumy\GitHub\Learn_embedded_software_dev\EmbeddedProjects\Embedded_Displays\Test_logic_analyzer\MXTmpFiles\system.tmp_save
2026-02-08 13:08:35,707 [INFO] CodeEngine:279 - Generated code: D:\Users\soumy\GitHub\Learn_embedded_software_dev\EmbeddedProjects\Embedded_Displays\Test_logic_analyzer\MXTmpFiles\system.tmp
2026-02-08 13:08:35,782 [INFO] CodeEngine:311 - oldGeneratedFile, D:\Users\soumy\GitHub\Learn_embedded_software_dev\EmbeddedProjects\Embedded_Displays\Test_logic_analyzer\Core\Inc\stm32f4xx_hal_conf.h_save
2026-02-08 13:08:35,902 [INFO] CodeEngine:335 - Generated code: D:\Users\soumy\GitHub\Learn_embedded_software_dev\EmbeddedProjects\Embedded_Displays\Test_logic_analyzer\Core\Inc\stm32f4xx_hal_conf.h
2026-02-08 13:08:36,087 [INFO] CodeEngine:255 - oldGeneratedFile, D:\Users\soumy\GitHub\Learn_embedded_software_dev\EmbeddedProjects\Embedded_Displays\Test_logic_analyzer\Core\Inc\main.h_save
2026-02-08 13:08:36,167 [INFO] CodeEngine:279 - Generated code: D:\Users\soumy\GitHub\Learn_embedded_software_dev\EmbeddedProjects\Embedded_Displays\Test_logic_analyzer\Core\Inc\main.h
2026-02-08 13:08:36,233 [INFO] CodeEngine:255 - oldGeneratedFile, D:\Users\soumy\GitHub\Learn_embedded_software_dev\EmbeddedProjects\Embedded_Displays\Test_logic_analyzer\Core\Src\main.c_save
2026-02-08 13:08:36,326 [INFO] CodeEngine:279 - Generated code: D:\Users\soumy\GitHub\Learn_embedded_software_dev\EmbeddedProjects\Embedded_Displays\Test_logic_analyzer\Core\Src\main.c
2026-02-08 13:08:38,471 [INFO] ProjectBuilder:3064 - Time for Copy HAL[1] : 383mS.
2026-02-08 13:08:38,506 [INFO] ProjectBuilder:4404 - Project Generator version: 4.1.0
2026-02-08 13:08:39,079 [INFO] ConfigFileManager:1457 - The Die is : DIE419
2026-02-08 13:08:39,178 [INFO] ApiDbMcu:507 - Load IP Config File for FATFS
2026-02-08 13:08:39,269 [INFO] ApiDbMcu:507 - Load IP Config File for FREERTOS
2026-02-08 13:08:39,417 [INFO] ApiDbMcu:507 - Load IP Config File for LIBJPEG
2026-02-08 13:08:39,499 [INFO] ApiDbMcu:507 - Load IP Config File for LWIP
2026-02-08 13:08:39,659 [INFO] ApiDbMcu:507 - Load IP Config File for MBEDTLS
2026-02-08 13:08:39,764 [INFO] ApiDbMcu:507 - Load IP Config File for USB_DEVICE
2026-02-08 13:08:39,798 [INFO] ApiDbMcu:507 - Load IP Config File for USB_HOST
2026-02-08 13:08:53,533 [INFO] ProjectBuilder:4626 - Time for Generating toolchain IDE Files: 15027mS.
2026-02-08 13:08:53,534 [INFO] ProjectBuilder:2935 - Time for Copy CMSIS : 1mS.
2026-02-08 13:08:53,535 [INFO] ProjectBuilder:2935 - Time for Copy CMSIS : 0mS.
2026-02-08 13:08:54,223 [INFO] McuFinderGlobals:76 - Set McuFinderConnectedMode to true
2026-02-08 13:08:54,225 [INFO] ApiDb:448 - Save user favorites file C:\Users\soumy/.stm32cubeide/favorites.mcus.txt: 2 item(s)
2026-02-08 13:08:54,225 [INFO] ApiDb:452 - User favorites MCUs=[STM32F103RBT6, STM32F429ZIT6]
2026-02-08 13:26:38,230 [INFO] UtilMem:75 - End SaveConfig() Used Memory: 760592208 Bytes (1073741824)
2026-02-08 13:26:40,048 [INFO] UtilMem:75 - End SaveConfig() Used Memory: 743292104 Bytes (1073741824)
2026-02-08 13:26:40,234 [INFO] BlockDiagram:2759 - set Specific Code input for plugin: RCC
2026-02-08 13:26:40,234 [INFO] BlockDiagram:2759 - set Specific Code input for plugin: NVIC
2026-02-08 13:26:40,235 [INFO] BlockDiagram:2759 - set Specific Code input for plugin: GPIO
2026-02-08 13:26:40,235 [INFO] CodeGenerator:799 - code generatio: config db path: D:\ST\STM32CubeIDE_1.9.0\STM32CubeIDE\plugins\com.st.stm32cube.common.mx_6.9.0.202307051724\\db\
2026-02-08 13:26:40,446 [INFO] CodeEngine:255 - oldGeneratedFile, D:\Users\soumy\GitHub\Learn_embedded_software_dev\EmbeddedProjects\Embedded_Displays\Test_logic_analyzer\MXTmpFiles\license.tmp_save
2026-02-08 13:26:40,555 [INFO] CodeEngine:279 - Generated code: D:\Users\soumy\GitHub\Learn_embedded_software_dev\EmbeddedProjects\Embedded_Displays\Test_logic_analyzer\MXTmpFiles\license.tmp
2026-02-08 13:26:41,361 [INFO] CodeEngine:255 - oldGeneratedFile, D:\Users\soumy\GitHub\Learn_embedded_software_dev\EmbeddedProjects\Embedded_Displays\Test_logic_analyzer\MXTmpFiles\gpio.tmp_save
2026-02-08 13:26:41,462 [INFO] CodeEngine:279 - Generated code: D:\Users\soumy\GitHub\Learn_embedded_software_dev\EmbeddedProjects\Embedded_Displays\Test_logic_analyzer\MXTmpFiles\gpio.tmp
2026-02-08 13:26:41,469 [INFO] CodeEngine:255 - oldGeneratedFile, D:\Users\soumy\GitHub\Learn_embedded_software_dev\EmbeddedProjects\Embedded_Displays\Test_logic_analyzer\Core\Src\stm32f4xx_it.c_save
2026-02-08 13:26:41,576 [INFO] CodeEngine:279 - Generated code: D:\Users\soumy\GitHub\Learn_embedded_software_dev\EmbeddedProjects\Embedded_Displays\Test_logic_analyzer\Core\Src\stm32f4xx_it.c
2026-02-08 13:26:41,579 [INFO] CodeEngine:255 - oldGeneratedFile, D:\Users\soumy\GitHub\Learn_embedded_software_dev\EmbeddedProjects\Embedded_Displays\Test_logic_analyzer\Core\Inc\stm32f4xx_it.h_save
2026-02-08 13:26:42,155 [INFO] CodeEngine:279 - Generated code: D:\Users\soumy\GitHub\Learn_embedded_software_dev\EmbeddedProjects\Embedded_Displays\Test_logic_analyzer\Core\Inc\stm32f4xx_it.h
2026-02-08 13:26:42,164 [INFO] CodeEngine:255 - oldGeneratedFile, D:\Users\soumy\GitHub\Learn_embedded_software_dev\EmbeddedProjects\Embedded_Displays\Test_logic_analyzer\Core\Src\stm32f4xx_hal_msp.c_save
2026-02-08 13:26:42,243 [INFO] CodeEngine:279 - Generated code: D:\Users\soumy\GitHub\Learn_embedded_software_dev\EmbeddedProjects\Embedded_Displays\Test_logic_analyzer\Core\Src\stm32f4xx_hal_msp.c
2026-02-08 13:26:42,246 [INFO] CodeEngine:255 - oldGeneratedFile, D:\Users\soumy\GitHub\Learn_embedded_software_dev\EmbeddedProjects\Embedded_Displays\Test_logic_analyzer\MXTmpFiles\system.tmp_save
2026-02-08 13:26:42,312 [INFO] CodeEngine:279 - Generated code: D:\Users\soumy\GitHub\Learn_embedded_software_dev\EmbeddedProjects\Embedded_Displays\Test_logic_analyzer\MXTmpFiles\system.tmp
2026-02-08 13:26:42,319 [INFO] CodeEngine:311 - oldGeneratedFile, D:\Users\soumy\GitHub\Learn_embedded_software_dev\EmbeddedProjects\Embedded_Displays\Test_logic_analyzer\Core\Inc\stm32f4xx_hal_conf.h_save
2026-02-08 13:26:42,388 [INFO] CodeEngine:335 - Generated code: D:\Users\soumy\GitHub\Learn_embedded_software_dev\EmbeddedProjects\Embedded_Displays\Test_logic_analyzer\Core\Inc\stm32f4xx_hal_conf.h
2026-02-08 13:26:42,405 [INFO] CodeEngine:255 - oldGeneratedFile, D:\Users\soumy\GitHub\Learn_embedded_software_dev\EmbeddedProjects\Embedded_Displays\Test_logic_analyzer\Core\Inc\main.h_save
2026-02-08 13:26:42,481 [INFO] CodeEngine:279 - Generated code: D:\Users\soumy\GitHub\Learn_embedded_software_dev\EmbeddedProjects\Embedded_Displays\Test_logic_analyzer\Core\Inc\main.h
2026-02-08 13:26:42,486 [INFO] CodeEngine:255 - oldGeneratedFile, D:\Users\soumy\GitHub\Learn_embedded_software_dev\EmbeddedProjects\Embedded_Displays\Test_logic_analyzer\Core\Src\main.c_save
2026-02-08 13:26:42,575 [INFO] CodeEngine:279 - Generated code: D:\Users\soumy\GitHub\Learn_embedded_software_dev\EmbeddedProjects\Embedded_Displays\Test_logic_analyzer\Core\Src\main.c
2026-02-08 13:26:43,602 [INFO] ProjectBuilder:3064 - Time for Copy HAL[1] : 690mS.
2026-02-08 13:26:43,657 [INFO] ProjectBuilder:4404 - Project Generator version: 4.1.0
2026-02-08 13:26:43,863 [INFO] ConfigFileManager:1457 - The Die is : DIE419
2026-02-08 13:26:47,741 [INFO] ProjectBuilder:4626 - Time for Generating toolchain IDE Files: 4083mS.
2026-02-08 13:26:47,741 [INFO] ProjectBuilder:2935 - Time for Copy CMSIS : 0mS.
2026-02-08 13:26:47,742 [INFO] ProjectBuilder:2935 - Time for Copy CMSIS : 0mS.
2026-02-08 13:51:32,722 [INFO] MainUpdater:2868 - connection check result : 10
2026-02-08 13:51:32,796 [INFO] McuFinderGlobals:76 - Set McuFinderConnectedMode to true
2026-02-08 13:51:32,796 [INFO] MultiScanPanel:200 - Auto-refresh data requested => check proxy status ongoing
2026-02-08 13:51:32,797 [INFO] FinderPluginLoader:95 - Searching for filters in installed packs
2026-02-08 13:51:35,008 [INFO] LoadUrlFilesThread:185 - End of LoadServerUrlFiles without Thread
2026-02-08 13:51:35,009 [INFO] DetailPanel:341 - Set advertising image to C:/Users/soumy/STM32Cube/Repository/\en.prom-stm32mp21-0126.png
2026-02-08 13:52:02,040 [INFO] MultiScanPanel:200 - Auto-refresh data requested => check proxy status ongoing
2026-02-08 13:52:02,075 [INFO] LoadUrlFilesThread:185 - End of LoadServerUrlFiles without Thread
2026-02-08 13:52:02,075 [INFO] DetailPanel:341 - Set advertising image to C:/Users/soumy/STM32Cube/Repository/\en.prom-stm32mp21-0126.png
2026-02-08 13:52:02,193 [INFO] MultiScanPanel:200 - Auto-refresh data requested => check proxy status ongoing
2026-02-08 13:52:02,446 [INFO] ApiDb:668 - CubeFinder database Data Model version=2.1
2026-02-08 13:52:02,446 [INFO] ApiDb:669 - CubeFinder database Configuration version=3.0.39
2026-02-08 13:52:02,446 [INFO] ApiDb:670 - CubeFinder database generation date=2025-12-22 (1766407740)
2026-02-08 13:52:02,446 [INFO] ApiDb:671 - CubeFinder database FW Pack versions=[FP-ATR-ASTRA1_V2.0.0, FP-SNS-FLIGHT1_V5.1.0, FP-SNS-MOTENV1_V5.1.0, FP-SNS-MOTENVWB1_V1.4.0, FP-SNS-SMARTAG2_V1.2.0, FP-SNS-STBOX1_V2.1.0, STM32Cube_FW_C0_V1.4.0, STM32Cube_FW_F4_V1.28.3, STM32Cube_FW_F7_V1.17.4, STM32Cube_FW_G0_V1.6.2, STM32Cube_FW_G4_V1.6.1, STM32Cube_FW_H5_V1.5.1, STM32Cube_FW_H7RS_V1.3.0, STM32Cube_FW_H7_V1.12.1, STM32Cube_FW_L0_V1.12.2, STM32Cube_FW_L4_V1.18.1, STM32Cube_FW_L5_V1.6.0, STM32Cube_FW_N6_V1.3.0, STM32Cube_FW_U0_V1.3.0, STM32Cube_FW_U3_V1.2.1, STM32Cube_FW_U5_V1.8.0, STM32Cube_FW_WB0_V1.4.0, STM32Cube_FW_WBA_V1.8.0, STM32Cube_FW_WB_V1.24.0, STM32Cube_FW_WL3_V1.3.0, STM32Cube_FW_WL_V1.4.0, X-CUBE-ALGOBUILD_V1.4.0, X-CUBE-ALS_V1.0.2, X-CUBE-AZRTOS-F4_V1.1.0, X-CUBE-AZRTOS-F7_V1.1.0, X-CUBE-AZRTOS-G0_V1.1.0, X-CUBE-AZRTOS-G4_V2.0.0, X-CUBE-AZRTOS-H7RS_V1.1.0, X-CUBE-AZRTOS-H7_V3.4.0, X-CUBE-AZRTOS-L4_V2.0.0, X-CUBE-AZRTOS-L5_V2.0.0, X-CUBE-AZRTOS-WB_V2.0.0, X-CUBE-AZRTOS-WL_V2.0.0, X-CUBE-BLE1_V7.1.0, X-CUBE-BLE2_V3.3.0, X-CUBE-BLEMGR_V4.1.0, X-CUBE-EEPRMA1_V5.2.0, X-CUBE-FREERTOS_V1.3.1, X-CUBE-GNSS1_V6.0.0, X-CUBE-MEMS1_V12.0.0, X-CUBE-NFC4_V3.0.0, X-CUBE-NFC7_V2.0.0, X-CUBE-SFXS2LP1_V4.0.0, X-CUBE-ST67W61_V1.1.0, X-CUBE-SUBG2_V5.0.0, X-CUBE-TOF1_V3.4.3]
2026-02-08 13:52:04,425 [ERROR] DbExamplesSqlite:437 - Missing JSON key: board_cpn
2026-02-08 13:52:04,425 [ERROR] DbExamplesSqlite:437 - Missing JSON key: board_cpn
2026-02-08 13:52:04,425 [ERROR] DbExamplesSqlite:437 - Missing JSON key: board_cpn
2026-02-08 13:52:04,425 [ERROR] DbExamplesSqlite:437 - Missing JSON key: board_cpn
2026-02-08 13:52:05,428 [ERROR] DbExamplesSqlite:437 - Missing JSON key: board_cpn
2026-02-08 13:52:05,428 [ERROR] DbExamplesSqlite:437 - Missing JSON key: board_cpn
2026-02-08 13:52:05,444 [INFO] DbExamplesSqlite:395 - Ignored 42 examples not supported by CubeIDE
2026-02-08 13:52:05,444 [INFO] DbExamplesSqlite:396 - Found 10819 examples active
2026-02-08 13:52:05,444 [INFO] DbExamplesSqlite:397 - Found 0 examples obsolete
2026-02-08 13:52:05,444 [INFO] DbExamplesSqlite:398 - Found 0 examples under development
2026-02-08 13:52:05,444 [INFO] DbExamplesSqlite:399 - Found 85 examples not building
2026-02-08 13:52:05,446 [INFO] DbExamples:125 - Found 10862 examples
2026-02-08 13:52:05,464 [ERROR] DbExamples:208 - Found 73 examples with invalid data (board or MCU)
2026-02-08 13:52:05,464 [INFO] DbExamples:222 - Found 134 boards with related examples
2026-02-08 13:52:05,465 [INFO] DbExamples:235 - Found 111 MCUs with related examples
2026-02-08 13:52:05,491 [INFO] ApiDb:423 - Load user favorites file C:\Users\soumy/.stm32cubeide/favorites.examples.txt: 9 item(s)
2026-02-08 13:52:05,491 [INFO] ApiDb:427 - User favorites Examples=[STM32CUBEF4-SWX-12738, STM32CUBEF4-SWX-13044, STM32CUBEF4-SWX-13054, STM32CUBEF4-SWX-13057, STM32CUBEF4-SWX-13062, STM32CUBEF4-SWX-13066, STM32CUBEF4-SWX-13100, STM32CUBEF4-SWX-20575, STM32CUBEF4-SWX-20586]
2026-02-08 13:52:05,491 [INFO] DbExamples:250 - Set 9 / 9 favorites Examples
2026-02-08 13:52:06,720 [INFO] SoftwarePacks:127 - Download is needed for SW pack 'FP-ATR-ASTRA1_V2.0.0'
2026-02-08 13:52:06,720 [INFO] SoftwarePacks:127 - Download is needed for SW pack 'FP-SNS-FLIGHT1_V5.1.0'
2026-02-08 13:52:06,720 [INFO] SoftwarePacks:127 - Download is needed for SW pack 'FP-SNS-MOTENV1_V5.1.0'
2026-02-08 13:52:06,721 [INFO] SoftwarePacks:127 - Download is needed for SW pack 'FP-SNS-MOTENVWB1_V1.4.0'
2026-02-08 13:52:06,721 [INFO] SoftwarePacks:127 - Download is needed for SW pack 'FP-SNS-SMARTAG2_V1.2.0'
2026-02-08 13:52:06,721 [INFO] SoftwarePacks:127 - Download is needed for SW pack 'FP-SNS-STBOX1_V2.1.0'
2026-02-08 13:52:06,727 [INFO] SoftwarePacks:127 - Download is needed for SW pack 'STM32Cube_FW_C0_V1.4.0'
2026-02-08 13:52:06,731 [INFO] SoftwarePacks:131 - Found SW pack 'STM32Cube_FW_F4_V1.28.3' up-to-date on disk.
2026-02-08 13:52:06,735 [INFO] SoftwarePacks:127 - Download is needed for SW pack 'STM32Cube_FW_F7_V1.17.4'
2026-02-08 13:52:06,739 [INFO] SoftwarePacks:127 - Download is needed for SW pack 'STM32Cube_FW_G0_V1.6.2'
2026-02-08 13:52:06,742 [INFO] SoftwarePacks:127 - Download is needed for SW pack 'STM32Cube_FW_G4_V1.6.1'
2026-02-08 13:52:06,747 [INFO] SoftwarePacks:127 - Download is needed for SW pack 'STM32Cube_FW_H5_V1.5.1'
2026-02-08 13:52:06,751 [INFO] SoftwarePacks:127 - Download is needed for SW pack 'STM32Cube_FW_H7RS_V1.3.0'
2026-02-08 13:52:06,754 [INFO] SoftwarePacks:127 - Download is needed for SW pack 'STM32Cube_FW_H7_V1.12.1'
2026-02-08 13:52:06,758 [INFO] SoftwarePacks:127 - Download is needed for SW pack 'STM32Cube_FW_L0_V1.12.2'
2026-02-08 13:52:06,762 [INFO] SoftwarePacks:127 - Download is needed for SW pack 'STM32Cube_FW_L4_V1.18.1'
2026-02-08 13:52:06,766 [INFO] SoftwarePacks:127 - Download is needed for SW pack 'STM32Cube_FW_L5_V1.6.0'
2026-02-08 13:52:06,770 [INFO] SoftwarePacks:127 - Download is needed for SW pack 'STM32Cube_FW_N6_V1.3.0'
2026-02-08 13:52:06,774 [INFO] SoftwarePacks:127 - Download is needed for SW pack 'STM32Cube_FW_U0_V1.3.0'
2026-02-08 13:52:06,779 [INFO] SoftwarePacks:127 - Download is needed for SW pack 'STM32Cube_FW_U3_V1.2.1'
2026-02-08 13:52:06,784 [INFO] SoftwarePacks:127 - Download is needed for SW pack 'STM32Cube_FW_U5_V1.8.0'
2026-02-08 13:52:06,788 [INFO] SoftwarePacks:127 - Download is needed for SW pack 'STM32Cube_FW_WB0_V1.4.0'
2026-02-08 13:52:06,792 [INFO] SoftwarePacks:127 - Download is needed for SW pack 'STM32Cube_FW_WBA_V1.8.0'
2026-02-08 13:52:06,796 [INFO] SoftwarePacks:127 - Download is needed for SW pack 'STM32Cube_FW_WB_V1.24.0'
2026-02-08 13:52:06,799 [INFO] SoftwarePacks:127 - Download is needed for SW pack 'STM32Cube_FW_WL3_V1.3.0'
2026-02-08 13:52:06,803 [INFO] SoftwarePacks:127 - Download is needed for SW pack 'STM32Cube_FW_WL_V1.4.0'
2026-02-08 13:52:06,803 [INFO] SoftwarePacks:127 - Download is needed for SW pack 'X-CUBE-ALGOBUILD_V1.4.0'
2026-02-08 13:52:06,803 [INFO] SoftwarePacks:127 - Download is needed for SW pack 'X-CUBE-ALS_V1.0.2'
2026-02-08 13:52:06,803 [INFO] SoftwarePacks:127 - Download is needed for SW pack 'X-CUBE-AZRTOS-F4_V1.1.0'
2026-02-08 13:52:06,803 [INFO] SoftwarePacks:127 - Download is needed for SW pack 'X-CUBE-AZRTOS-F7_V1.1.0'
2026-02-08 13:52:06,803 [INFO] SoftwarePacks:127 - Download is needed for SW pack 'X-CUBE-AZRTOS-G0_V1.1.0'
2026-02-08 13:52:06,803 [INFO] SoftwarePacks:127 - Download is needed for SW pack 'X-CUBE-AZRTOS-G4_V2.0.0'
2026-02-08 13:52:06,803 [INFO] SoftwarePacks:127 - Download is needed for SW pack 'X-CUBE-AZRTOS-H7RS_V1.1.0'
2026-02-08 13:52:06,804 [INFO] SoftwarePacks:127 - Download is needed for SW pack 'X-CUBE-AZRTOS-H7_V3.4.0'
2026-02-08 13:52:06,804 [INFO] SoftwarePacks:127 - Download is needed for SW pack 'X-CUBE-AZRTOS-L4_V2.0.0'
2026-02-08 13:52:06,804 [INFO] SoftwarePacks:127 - Download is needed for SW pack 'X-CUBE-AZRTOS-L5_V2.0.0'
2026-02-08 13:52:06,804 [INFO] SoftwarePacks:127 - Download is needed for SW pack 'X-CUBE-AZRTOS-WB_V2.0.0'
2026-02-08 13:52:06,804 [INFO] SoftwarePacks:127 - Download is needed for SW pack 'X-CUBE-AZRTOS-WL_V2.0.0'
2026-02-08 13:52:06,804 [INFO] SoftwarePacks:127 - Download is needed for SW pack 'X-CUBE-BLE1_V7.1.0'
2026-02-08 13:52:06,804 [INFO] SoftwarePacks:127 - Download is needed for SW pack 'X-CUBE-BLE2_V3.3.0'
2026-02-08 13:52:06,804 [INFO] SoftwarePacks:127 - Download is needed for SW pack 'X-CUBE-BLEMGR_V4.1.0'
2026-02-08 13:52:06,804 [INFO] SoftwarePacks:127 - Download is needed for SW pack 'X-CUBE-EEPRMA1_V5.2.0'
2026-02-08 13:52:06,804 [INFO] SoftwarePacks:127 - Download is needed for SW pack 'X-CUBE-FREERTOS_V1.3.1'
2026-02-08 13:52:06,804 [INFO] SoftwarePacks:127 - Download is needed for SW pack 'X-CUBE-GNSS1_V6.0.0'
2026-02-08 13:52:06,804 [INFO] SoftwarePacks:127 - Download is needed for SW pack 'X-CUBE-MEMS1_V12.0.0'
2026-02-08 13:52:06,804 [INFO] SoftwarePacks:127 - Download is needed for SW pack 'X-CUBE-NFC4_V3.0.0'
2026-02-08 13:52:06,804 [INFO] SoftwarePacks:127 - Download is needed for SW pack 'X-CUBE-NFC7_V2.0.0'
2026-02-08 13:52:06,804 [INFO] SoftwarePacks:127 - Download is needed for SW pack 'X-CUBE-SFXS2LP1_V4.0.0'
2026-02-08 13:52:06,804 [INFO] SoftwarePacks:127 - Download is needed for SW pack 'X-CUBE-ST67W61_V1.1.0'
2026-02-08 13:52:06,804 [INFO] SoftwarePacks:127 - Download is needed for SW pack 'X-CUBE-SUBG2_V5.0.0'
2026-02-08 13:52:06,805 [INFO] SoftwarePacks:127 - Download is needed for SW pack 'X-CUBE-TOF1_V3.4.3'
2026-02-08 13:52:13,458 [INFO] LoadUrlFilesThread:185 - End of LoadServerUrlFiles without Thread
2026-02-08 13:52:13,458 [INFO] DetailPanel:341 - Set advertising image to C:/Users/soumy/STM32Cube/Repository/\en.prom-stm32mp21-0126.png
2026-02-08 13:52:13,471 [ERROR] AppliInfo:139 - Unknown STM32CubeMX version: 6.13.0
2026-02-08 13:52:13,472 [ERROR] AppliInfo:139 - Unknown STM32CubeMX version: 6.13.0
2026-02-08 13:52:13,472 [ERROR] AppliInfo:139 - Unknown STM32CubeMX version: 6.13.0
2026-02-08 13:52:13,472 [ERROR] AppliInfo:139 - Unknown STM32CubeMX version: 6.13.0
2026-02-08 13:52:13,473 [ERROR] AppliInfo:139 - Unknown STM32CubeMX version: 6.13.0
2026-02-08 13:52:13,473 [ERROR] AppliInfo:139 - Unknown STM32CubeMX version: 6.13.0
2026-02-08 13:52:13,474 [ERROR] AppliInfo:139 - Unknown STM32CubeMX version: 6.13.0
2026-02-08 13:52:13,474 [ERROR] AppliInfo:139 - Unknown STM32CubeMX version: 6.13.0
2026-02-08 13:52:13,475 [ERROR] AppliInfo:139 - Unknown STM32CubeMX version: 6.15.0
2026-02-08 13:52:13,475 [ERROR] AppliInfo:139 - Unknown STM32CubeMX version: 6.15.0
2026-02-08 13:52:13,475 [ERROR] AppliInfo:139 - Unknown STM32CubeMX version: 6.15.0
2026-02-08 13:52:13,476 [ERROR] AppliInfo:139 - Unknown STM32CubeMX version: 6.15.0
2026-02-08 13:52:13,476 [ERROR] AppliInfo:139 - Unknown STM32CubeMX version: 6.15.0
2026-02-08 13:52:13,477 [ERROR] AppliInfo:139 - Unknown STM32CubeMX version: 6.15.0
2026-02-08 13:52:13,477 [ERROR] AppliInfo:139 - Unknown STM32CubeMX version: 6.11.0
2026-02-08 13:52:13,477 [ERROR] AppliInfo:139 - Unknown STM32CubeMX version: 6.11.0
2026-02-08 13:52:13,478 [ERROR] AppliInfo:139 - Unknown STM32CubeMX version: 6.11.0
2026-02-08 13:52:13,481 [ERROR] AppliInfo:139 - Unknown STM32CubeMX version: 6.11.0
2026-02-08 13:52:13,482 [ERROR] AppliInfo:139 - Unknown STM32CubeMX version: 6.14.1
2026-02-08 13:52:13,482 [ERROR] AppliInfo:139 - Unknown STM32CubeMX version: 6.14.1
2026-02-08 13:52:13,482 [ERROR] AppliInfo:139 - Unknown STM32CubeMX version: 6.14.1
2026-02-08 13:52:13,482 [ERROR] AppliInfo:139 - Unknown STM32CubeMX version: 6.14.1
2026-02-08 13:52:13,482 [ERROR] AppliInfo:139 - Unknown STM32CubeMX version: 6.14.1
2026-02-08 13:52:13,482 [ERROR] AppliInfo:139 - Unknown STM32CubeMX version: 6.14.1
2026-02-08 13:52:13,483 [ERROR] AppliInfo:139 - Unknown STM32CubeMX version: 6.14.1
2026-02-08 13:52:13,483 [ERROR] AppliInfo:139 - Unknown STM32CubeMX version: 6.14.1
2026-02-08 13:52:13,483 [ERROR] AppliInfo:139 - Unknown STM32CubeMX version: 6.14.1
2026-02-08 13:52:13,483 [ERROR] AppliInfo:139 - Unknown STM32CubeMX version: 6.14.1
2026-02-08 13:52:13,483 [ERROR] AppliInfo:139 - Unknown STM32CubeMX version: 6.14.1
2026-02-08 13:52:13,483 [ERROR] AppliInfo:139 - Unknown STM32CubeMX version: 6.14.1
2026-02-08 13:52:13,483 [ERROR] AppliInfo:139 - Unknown STM32CubeMX version: 6.14.1
2026-02-08 13:52:13,484 [ERROR] AppliInfo:139 - Unknown STM32CubeMX version: 6.14.1
2026-02-08 13:52:13,484 [ERROR] AppliInfo:139 - Unknown STM32CubeMX version: 6.12.0
2026-02-08 13:52:13,484 [ERROR] AppliInfo:139 - Unknown STM32CubeMX version: 6.12.0
2026-02-08 13:52:13,484 [ERROR] AppliInfo:139 - Unknown STM32CubeMX version: 6.12.0
2026-02-08 13:52:13,484 [ERROR] AppliInfo:139 - Unknown STM32CubeMX version: 6.12.0
2026-02-08 13:52:13,484 [ERROR] AppliInfo:139 - Unknown STM32CubeMX version: 6.12.0
2026-02-08 13:52:13,484 [ERROR] AppliInfo:139 - Unknown STM32CubeMX version: 6.12.0
2026-02-08 13:52:13,484 [ERROR] AppliInfo:139 - Unknown STM32CubeMX version: 6.12.0
2026-02-08 13:52:13,485 [ERROR] AppliInfo:139 - Unknown STM32CubeMX version: 6.12.0
2026-02-08 13:52:13,485 [ERROR] AppliInfo:139 - Unknown STM32CubeMX version: 6.12.0
2026-02-08 13:52:13,485 [ERROR] AppliInfo:139 - Unknown STM32CubeMX version: 6.12.0
2026-02-08 13:52:13,485 [ERROR] AppliInfo:139 - Unknown STM32CubeMX version: 6.12.0
2026-02-08 13:52:13,485 [ERROR] AppliInfo:139 - Unknown STM32CubeMX version: 6.12.0
2026-02-08 13:52:13,485 [ERROR] AppliInfo:139 - Unknown STM32CubeMX version: 6.12.0
2026-02-08 13:52:13,485 [ERROR] AppliInfo:139 - Unknown STM32CubeMX version: 6.12.0
2026-02-08 13:52:13,485 [ERROR] AppliInfo:139 - Unknown STM32CubeMX version: 6.12.0
2026-02-08 13:52:13,485 [ERROR] AppliInfo:139 - Unknown STM32CubeMX version: 6.12.0
2026-02-08 13:52:13,485 [ERROR] AppliInfo:139 - Unknown STM32CubeMX version: 6.12.0
2026-02-08 13:52:13,486 [ERROR] AppliInfo:139 - Unknown STM32CubeMX version: 6.12.0
2026-02-08 13:52:13,486 [ERROR] AppliInfo:139 - Unknown STM32CubeMX version: 6.12.0
2026-02-08 13:52:13,486 [ERROR] AppliInfo:139 - Unknown STM32CubeMX version: 6.12.0
2026-02-08 13:52:13,486 [ERROR] AppliInfo:139 - Unknown STM32CubeMX version: 6.12.0
2026-02-08 13:52:13,486 [ERROR] AppliInfo:139 - Unknown STM32CubeMX version: 6.12.0
2026-02-08 13:52:13,486 [ERROR] AppliInfo:139 - Unknown STM32CubeMX version: 6.12.0
2026-02-08 13:52:13,486 [ERROR] AppliInfo:139 - Unknown STM32CubeMX version: 6.12.0
2026-02-08 13:52:13,486 [ERROR] AppliInfo:139 - Unknown STM32CubeMX version: 6.12.0
2026-02-08 13:52:13,486 [ERROR] AppliInfo:139 - Unknown STM32CubeMX version: 6.12.0
2026-02-08 13:52:13,487 [ERROR] AppliInfo:139 - Unknown STM32CubeMX version: 6.12.0
2026-02-08 13:52:13,487 [ERROR] AppliInfo:139 - Unknown STM32CubeMX version: 6.12.0
2026-02-08 13:52:13,487 [ERROR] AppliInfo:139 - Unknown STM32CubeMX version: 6.12.0
2026-02-08 13:52:13,487 [ERROR] AppliInfo:139 - Unknown STM32CubeMX version: 6.12.0
2026-02-08 13:52:13,487 [ERROR] AppliInfo:139 - Unknown STM32CubeMX version: 6.12.0
2026-02-08 13:52:13,487 [ERROR] AppliInfo:139 - Unknown STM32CubeMX version: 6.12.0
2026-02-08 13:52:13,487 [ERROR] AppliInfo:139 - Unknown STM32CubeMX version: 6.12.0
2026-02-08 13:52:13,487 [ERROR] AppliInfo:139 - Unknown STM32CubeMX version: 6.12.0
2026-02-08 13:52:13,487 [ERROR] AppliInfo:139 - Unknown STM32CubeMX version: 6.12.0
2026-02-08 13:52:13,488 [ERROR] AppliInfo:139 - Unknown STM32CubeMX version: 6.12.0
2026-02-08 13:52:13,488 [ERROR] AppliInfo:139 - Unknown STM32CubeMX version: 6.12.0
2026-02-08 13:52:13,488 [ERROR] AppliInfo:139 - Unknown STM32CubeMX version: 6.12.0
2026-02-08 13:52:13,488 [ERROR] AppliInfo:139 - Unknown STM32CubeMX version: 6.12.0
2026-02-08 13:52:13,488 [ERROR] AppliInfo:139 - Unknown STM32CubeMX version: 6.12.0
2026-02-08 13:52:13,488 [ERROR] AppliInfo:139 - Unknown STM32CubeMX version: 6.12.0
2026-02-08 13:52:13,488 [ERROR] AppliInfo:139 - Unknown STM32CubeMX version: 6.12.0
2026-02-08 13:52:13,488 [ERROR] AppliInfo:139 - Unknown STM32CubeMX version: 6.12.0
2026-02-08 13:52:13,488 [ERROR] AppliInfo:139 - Unknown STM32CubeMX version: 6.12.0
2026-02-08 13:52:13,488 [ERROR] AppliInfo:139 - Unknown STM32CubeMX version: 6.12.0
2026-02-08 13:52:13,489 [ERROR] AppliInfo:139 - Unknown STM32CubeMX version: 6.12.0
2026-02-08 13:52:13,489 [ERROR] AppliInfo:139 - Unknown STM32CubeMX version: 6.12.0
2026-02-08 13:52:13,489 [ERROR] AppliInfo:139 - Unknown STM32CubeMX version: 6.12.0
2026-02-08 13:52:13,489 [ERROR] AppliInfo:139 - Unknown STM32CubeMX version: 6.12.0
2026-02-08 13:52:13,489 [ERROR] AppliInfo:139 - Unknown STM32CubeMX version: 6.12.0
2026-02-08 13:52:13,489 [ERROR] AppliInfo:139 - Unknown STM32CubeMX version: 6.12.0
2026-02-08 13:52:13,489 [ERROR] AppliInfo:139 - Unknown STM32CubeMX version: 6.12.0
2026-02-08 13:52:13,489 [ERROR] AppliInfo:139 - Unknown STM32CubeMX version: 6.12.0
2026-02-08 13:52:13,489 [ERROR] AppliInfo:139 - Unknown STM32CubeMX version: 6.12.0
2026-02-08 13:52:13,490 [ERROR] AppliInfo:139 - Unknown STM32CubeMX version: 6.12.0
2026-02-08 13:52:13,490 [ERROR] AppliInfo:139 - Unknown STM32CubeMX version: 6.12.0
2026-02-08 13:52:13,490 [ERROR] AppliInfo:139 - Unknown STM32CubeMX version: 6.12.0
2026-02-08 13:52:13,490 [ERROR] AppliInfo:139 - Unknown STM32CubeMX version: 6.12.0
2026-02-08 13:52:13,490 [ERROR] AppliInfo:139 - Unknown STM32CubeMX version: 6.12.0
2026-02-08 13:52:13,490 [ERROR] AppliInfo:139 - Unknown STM32CubeMX version: 6.12.0
2026-02-08 13:52:13,490 [ERROR] AppliInfo:139 - Unknown STM32CubeMX version: 6.12.0
2026-02-08 13:52:13,490 [ERROR] AppliInfo:139 - Unknown STM32CubeMX version: 6.12.0
2026-02-08 13:52:13,490 [ERROR] AppliInfo:139 - Unknown STM32CubeMX version: 6.12.0
2026-02-08 13:52:13,491 [ERROR] AppliInfo:139 - Unknown STM32CubeMX version: 6.12.0
2026-02-08 13:52:13,491 [ERROR] AppliInfo:139 - Unknown STM32CubeMX version: 6.12.0
2026-02-08 13:52:13,491 [ERROR] AppliInfo:139 - Unknown STM32CubeMX version: 6.12.0
2026-02-08 13:52:13,491 [ERROR] AppliInfo:139 - Unknown STM32CubeMX version: 6.12.0
2026-02-08 13:52:13,491 [ERROR] AppliInfo:139 - Unknown STM32CubeMX version: 6.12.0
2026-02-08 13:52:13,491 [ERROR] AppliInfo:139 - Unknown STM32CubeMX version: 6.12.0
2026-02-08 13:52:13,491 [ERROR] AppliInfo:139 - Unknown STM32CubeMX version: 6.12.0
2026-02-08 13:52:13,491 [ERROR] AppliInfo:139 - Unknown STM32CubeMX version: 6.12.0
2026-02-08 13:52:13,492 [ERROR] AppliInfo:139 - Unknown STM32CubeMX version: 6.12.0
2026-02-08 13:52:13,492 [ERROR] AppliInfo:139 - Unknown STM32CubeMX version: 6.12.0
2026-02-08 13:52:13,492 [ERROR] AppliInfo:139 - Unknown STM32CubeMX version: 6.12.0
2026-02-08 13:52:13,492 [ERROR] AppliInfo:139 - Unknown STM32CubeMX version: 6.12.0
2026-02-08 13:52:13,492 [ERROR] AppliInfo:139 - Unknown STM32CubeMX version: 6.12.0
2026-02-08 13:52:13,492 [ERROR] AppliInfo:139 - Unknown STM32CubeMX version: 6.12.0
2026-02-08 13:52:13,492 [ERROR] AppliInfo:139 - Unknown STM32CubeMX version: 6.12.0
2026-02-08 13:52:13,492 [ERROR] AppliInfo:139 - Unknown STM32CubeMX version: 6.12.0
2026-02-08 13:52:13,493 [ERROR] AppliInfo:139 - Unknown STM32CubeMX version: 6.12.0
2026-02-08 13:52:13,493 [ERROR] AppliInfo:139 - Unknown STM32CubeMX version: 6.12.0
2026-02-08 13:52:13,493 [ERROR] AppliInfo:139 - Unknown STM32CubeMX version: 6.12.0
2026-02-08 13:52:13,493 [ERROR] AppliInfo:139 - Unknown STM32CubeMX version: 6.12.0
2026-02-08 13:52:13,493 [ERROR] AppliInfo:139 - Unknown STM32CubeMX version: 6.12.0
2026-02-08 13:52:13,493 [ERROR] AppliInfo:139 - Unknown STM32CubeMX version: 6.12.0
2026-02-08 13:52:13,493 [ERROR] AppliInfo:139 - Unknown STM32CubeMX version: 6.12.0
2026-02-08 13:52:13,493 [ERROR] AppliInfo:139 - Unknown STM32CubeMX version: 6.12.0
2026-02-08 13:52:13,493 [ERROR] AppliInfo:139 - Unknown STM32CubeMX version: 6.12.0
2026-02-08 13:52:13,494 [ERROR] AppliInfo:139 - Unknown STM32CubeMX version: 6.12.0
2026-02-08 13:52:13,494 [ERROR] AppliInfo:139 - Unknown STM32CubeMX version: 6.12.0
2026-02-08 13:52:13,494 [ERROR] AppliInfo:139 - Unknown STM32CubeMX version: 6.12.0
2026-02-08 13:52:13,494 [ERROR] AppliInfo:139 - Unknown STM32CubeMX version: 6.12.0
2026-02-08 13:52:13,494 [ERROR] AppliInfo:139 - Unknown STM32CubeMX version: 6.12.0
2026-02-08 13:52:13,494 [ERROR] AppliInfo:139 - Unknown STM32CubeMX version: 6.12.0
2026-02-08 13:52:13,494 [ERROR] AppliInfo:139 - Unknown STM32CubeMX version: 6.12.0
2026-02-08 13:52:13,494 [ERROR] AppliInfo:139 - Unknown STM32CubeMX version: 6.12.0
2026-02-08 13:52:13,494 [ERROR] AppliInfo:139 - Unknown STM32CubeMX version: 6.12.0
2026-02-08 13:52:13,494 [ERROR] AppliInfo:139 - Unknown STM32CubeMX version: 6.12.0
2026-02-08 13:52:13,494 [ERROR] AppliInfo:139 - Unknown STM32CubeMX version: 6.12.0
2026-02-08 13:52:13,495 [ERROR] AppliInfo:139 - Unknown STM32CubeMX version: 6.12.0
2026-02-08 13:52:13,495 [ERROR] AppliInfo:139 - Unknown STM32CubeMX version: 6.12.0
2026-02-08 13:52:13,495 [ERROR] AppliInfo:139 - Unknown STM32CubeMX version: 6.12.0
2026-02-08 13:52:13,495 [ERROR] AppliInfo:139 - Unknown STM32CubeMX version: 6.12.0
2026-02-08 13:52:13,495 [ERROR] AppliInfo:139 - Unknown STM32CubeMX version: 6.12.0
2026-02-08 13:52:13,495 [ERROR] AppliInfo:139 - Unknown STM32CubeMX version: 6.12.0
2026-02-08 13:52:13,495 [ERROR] AppliInfo:139 - Unknown STM32CubeMX version: 6.12.0
2026-02-08 13:52:13,495 [ERROR] AppliInfo:139 - Unknown STM32CubeMX version: 6.12.0
2026-02-08 13:52:13,495 [ERROR] AppliInfo:139 - Unknown STM32CubeMX version: 6.12.0
2026-02-08 13:52:13,495 [ERROR] AppliInfo:139 - Unknown STM32CubeMX version: 6.12.0
2026-02-08 13:52:13,496 [ERROR] AppliInfo:139 - Unknown STM32CubeMX version: 6.12.0
2026-02-08 13:52:13,496 [ERROR] AppliInfo:139 - Unknown STM32CubeMX version: 6.12.0
2026-02-08 13:52:14,190 [ERROR] AppliInfo:139 - Unknown STM32CubeMX version: 6.12.0
2026-02-08 13:52:14,190 [ERROR] AppliInfo:139 - Unknown STM32CubeMX version: 6.12.0
2026-02-08 13:52:14,191 [ERROR] AppliInfo:139 - Unknown STM32CubeMX version: 6.12.0
2026-02-08 13:52:14,191 [ERROR] AppliInfo:139 - Unknown STM32CubeMX version: 6.12.0
2026-02-08 13:52:14,191 [ERROR] AppliInfo:139 - Unknown STM32CubeMX version: 6.12.0
2026-02-08 13:52:14,191 [ERROR] AppliInfo:139 - Unknown STM32CubeMX version: 6.12.0
2026-02-08 13:52:14,191 [ERROR] AppliInfo:139 - Unknown STM32CubeMX version: 6.12.0
2026-02-08 13:52:14,191 [ERROR] AppliInfo:139 - Unknown STM32CubeMX version: 6.12.0
2026-02-08 13:52:14,191 [ERROR] AppliInfo:139 - Unknown STM32CubeMX version: 6.12.0
2026-02-08 13:52:14,192 [ERROR] AppliInfo:139 - Unknown STM32CubeMX version: 6.12.0
2026-02-08 13:52:14,192 [ERROR] AppliInfo:139 - Unknown STM32CubeMX version: 6.12.0
2026-02-08 13:52:14,192 [ERROR] AppliInfo:139 - Unknown STM32CubeMX version: 6.12.0
2026-02-08 13:52:14,192 [ERROR] AppliInfo:139 - Unknown STM32CubeMX version: 6.12.0
2026-02-08 13:52:14,192 [ERROR] AppliInfo:139 - Unknown STM32CubeMX version: 6.12.0
2026-02-08 13:52:14,192 [ERROR] AppliInfo:139 - Unknown STM32CubeMX version: 6.12.0
2026-02-08 13:52:14,192 [ERROR] AppliInfo:139 - Unknown STM32CubeMX version: 6.12.0
2026-02-08 13:52:14,193 [ERROR] AppliInfo:139 - Unknown STM32CubeMX version: 6.12.0
2026-02-08 13:52:14,193 [ERROR] AppliInfo:139 - Unknown STM32CubeMX version: 6.12.0
2026-02-08 13:52:14,193 [ERROR] AppliInfo:139 - Unknown STM32CubeMX version: 6.12.0
2026-02-08 13:52:14,193 [ERROR] AppliInfo:139 - Unknown STM32CubeMX version: 6.12.0
2026-02-08 13:52:14,193 [ERROR] AppliInfo:139 - Unknown STM32CubeMX version: 6.12.0
2026-02-08 13:52:14,193 [ERROR] AppliInfo:139 - Unknown STM32CubeMX version: 6.12.0
2026-02-08 13:52:14,193 [ERROR] AppliInfo:139 - Unknown STM32CubeMX version: 6.12.0
2026-02-08 13:52:14,194 [ERROR] AppliInfo:139 - Unknown STM32CubeMX version: 6.12.0
2026-02-08 13:52:14,194 [ERROR] AppliInfo:139 - Unknown STM32CubeMX version: 6.12.0
2026-02-08 13:52:14,194 [ERROR] AppliInfo:139 - Unknown STM32CubeMX version: 6.12.0
2026-02-08 13:52:14,194 [ERROR] AppliInfo:139 - Unknown STM32CubeMX version: 6.12.0
2026-02-08 13:52:14,194 [ERROR] AppliInfo:139 - Unknown STM32CubeMX version: 6.12.0
2026-02-08 13:52:14,194 [ERROR] AppliInfo:139 - Unknown STM32CubeMX version: 6.12.0
2026-02-08 13:52:14,194 [ERROR] AppliInfo:139 - Unknown STM32CubeMX version: 6.12.0
2026-02-08 13:52:14,194 [ERROR] AppliInfo:139 - Unknown STM32CubeMX version: 6.12.0
2026-02-08 13:52:14,195 [ERROR] AppliInfo:139 - Unknown STM32CubeMX version: 6.12.0
2026-02-08 13:52:14,195 [ERROR] AppliInfo:139 - Unknown STM32CubeMX version: 6.12.0
2026-02-08 13:52:14,195 [ERROR] AppliInfo:139 - Unknown STM32CubeMX version: 6.12.0
2026-02-08 13:52:14,195 [ERROR] AppliInfo:139 - Unknown STM32CubeMX version: 6.12.0
2026-02-08 13:52:14,195 [ERROR] AppliInfo:139 - Unknown STM32CubeMX version: 6.12.0
2026-02-08 13:52:14,195 [ERROR] AppliInfo:139 - Unknown STM32CubeMX version: 6.12.0
2026-02-08 13:52:14,195 [ERROR] AppliInfo:139 - Unknown STM32CubeMX version: 6.12.0
2026-02-08 13:52:14,196 [ERROR] AppliInfo:139 - Unknown STM32CubeMX version: 6.12.0
2026-02-08 13:52:14,196 [ERROR] AppliInfo:139 - Unknown STM32CubeMX version: 6.12.0
2026-02-08 13:52:14,196 [ERROR] AppliInfo:139 - Unknown STM32CubeMX version: 6.12.0
2026-02-08 13:52:14,196 [ERROR] AppliInfo:139 - Unknown STM32CubeMX version: 6.12.0
2026-02-08 13:52:14,196 [ERROR] AppliInfo:139 - Unknown STM32CubeMX version: 6.12.0
2026-02-08 13:52:14,196 [ERROR] AppliInfo:139 - Unknown STM32CubeMX version: 6.12.0
2026-02-08 13:52:14,197 [ERROR] AppliInfo:139 - Unknown STM32CubeMX version: 6.12.0
2026-02-08 13:52:14,197 [ERROR] AppliInfo:139 - Unknown STM32CubeMX version: 6.12.0
2026-02-08 13:52:14,197 [ERROR] AppliInfo:139 - Unknown STM32CubeMX version: 6.12.0
2026-02-08 13:52:14,197 [ERROR] AppliInfo:139 - Unknown STM32CubeMX version: 6.12.0
2026-02-08 13:52:14,197 [ERROR] AppliInfo:139 - Unknown STM32CubeMX version: 6.12.0
2026-02-08 13:52:14,197 [ERROR] AppliInfo:139 - Unknown STM32CubeMX version: 6.12.0
2026-02-08 13:52:14,198 [ERROR] AppliInfo:139 - Unknown STM32CubeMX version: 6.12.0
2026-02-08 13:52:14,198 [ERROR] AppliInfo:139 - Unknown STM32CubeMX version: 6.12.0
2026-02-08 13:52:14,198 [ERROR] AppliInfo:139 - Unknown STM32CubeMX version: 6.12.0
2026-02-08 13:52:14,198 [ERROR] AppliInfo:139 - Unknown STM32CubeMX version: 6.12.0
2026-02-08 13:52:14,198 [ERROR] AppliInfo:139 - Unknown STM32CubeMX version: 6.12.0
2026-02-08 13:52:14,198 [ERROR] AppliInfo:139 - Unknown STM32CubeMX version: 6.12.0
2026-02-08 13:52:14,198 [ERROR] AppliInfo:139 - Unknown STM32CubeMX version: 6.12.0
2026-02-08 13:52:14,198 [ERROR] AppliInfo:139 - Unknown STM32CubeMX version: 6.12.0
2026-02-08 13:52:14,199 [ERROR] AppliInfo:139 - Unknown STM32CubeMX version: 6.12.0
2026-02-08 13:52:14,199 [ERROR] AppliInfo:139 - Unknown STM32CubeMX version: 6.12.0
2026-02-08 13:52:14,199 [ERROR] AppliInfo:139 - Unknown STM32CubeMX version: 6.12.0
2026-02-08 13:52:14,199 [ERROR] AppliInfo:139 - Unknown STM32CubeMX version: 6.13.0
2026-02-08 13:52:14,199 [ERROR] AppliInfo:139 - Unknown STM32CubeMX version: 6.13.0
2026-02-08 13:52:14,199 [ERROR] AppliInfo:139 - Unknown STM32CubeMX version: 6.13.0
2026-02-08 13:52:14,199 [ERROR] AppliInfo:139 - Unknown STM32CubeMX version: 6.13.0
2026-02-08 13:52:14,200 [ERROR] AppliInfo:139 - Unknown STM32CubeMX version: 6.13.0
2026-02-08 13:52:14,200 [ERROR] AppliInfo:139 - Unknown STM32CubeMX version: 6.13.0
2026-02-08 13:52:14,200 [ERROR] AppliInfo:139 - Unknown STM32CubeMX version: 6.13.0
2026-02-08 13:52:14,200 [ERROR] AppliInfo:139 - Unknown STM32CubeMX version: 6.13.0
2026-02-08 13:52:14,200 [ERROR] AppliInfo:139 - Unknown STM32CubeMX version: 6.13.0
2026-02-08 13:52:14,200 [ERROR] AppliInfo:139 - Unknown STM32CubeMX version: 6.13.0
2026-02-08 13:52:14,200 [ERROR] AppliInfo:139 - Unknown STM32CubeMX version: 6.13.0
2026-02-08 13:52:14,201 [ERROR] AppliInfo:139 - Unknown STM32CubeMX version: 6.13.0
2026-02-08 13:52:14,201 [ERROR] AppliInfo:139 - Unknown STM32CubeMX version: 6.13.0
2026-02-08 13:52:14,201 [ERROR] AppliInfo:139 - Unknown STM32CubeMX version: 6.13.0
2026-02-08 13:52:14,201 [ERROR] AppliInfo:139 - Unknown STM32CubeMX version: 6.13.0
2026-02-08 13:52:14,201 [ERROR] AppliInfo:139 - Unknown STM32CubeMX version: 6.13.0
2026-02-08 13:52:14,201 [ERROR] AppliInfo:139 - Unknown STM32CubeMX version: 6.13.0
2026-02-08 13:52:14,201 [ERROR] AppliInfo:139 - Unknown STM32CubeMX version: 6.13.0
2026-02-08 13:52:14,202 [ERROR] AppliInfo:139 - Unknown STM32CubeMX version: 6.13.0
2026-02-08 13:52:14,202 [ERROR] AppliInfo:139 - Unknown STM32CubeMX version: 6.13.0
2026-02-08 13:52:14,202 [ERROR] AppliInfo:139 - Unknown STM32CubeMX version: 6.13.0
2026-02-08 13:52:14,202 [ERROR] AppliInfo:139 - Unknown STM32CubeMX version: 6.13.0
2026-02-08 13:52:14,202 [ERROR] AppliInfo:139 - Unknown STM32CubeMX version: 6.13.0
2026-02-08 13:52:14,202 [ERROR] AppliInfo:139 - Unknown STM32CubeMX version: 6.13.0
2026-02-08 13:52:14,202 [ERROR] AppliInfo:139 - Unknown STM32CubeMX version: 6.13.0
2026-02-08 13:52:14,203 [ERROR] AppliInfo:139 - Unknown STM32CubeMX version: 6.13.0
2026-02-08 13:52:14,203 [ERROR] AppliInfo:139 - Unknown STM32CubeMX version: 6.13.0
2026-02-08 13:52:14,203 [ERROR] AppliInfo:139 - Unknown STM32CubeMX version: 6.13.0
2026-02-08 13:52:14,203 [ERROR] AppliInfo:139 - Unknown STM32CubeMX version: 6.14.0
2026-02-08 13:52:14,203 [ERROR] AppliInfo:139 - Unknown STM32CubeMX version: 6.14.0
2026-02-08 13:52:14,203 [ERROR] AppliInfo:139 - Unknown STM32CubeMX version: 6.14.0
2026-02-08 13:52:14,204 [ERROR] AppliInfo:139 - Unknown STM32CubeMX version: 6.14.0
2026-02-08 13:52:14,204 [ERROR] AppliInfo:139 - Unknown STM32CubeMX version: 6.14.0
2026-02-08 13:52:14,204 [ERROR] AppliInfo:139 - Unknown STM32CubeMX version: 6.14.0
2026-02-08 13:52:14,204 [ERROR] AppliInfo:139 - Unknown STM32CubeMX version: 6.14.0
2026-02-08 13:52:14,204 [ERROR] AppliInfo:139 - Unknown STM32CubeMX version: 6.13.0
2026-02-08 13:52:14,204 [ERROR] AppliInfo:139 - Unknown STM32CubeMX version: 6.13.0
2026-02-08 13:52:14,204 [ERROR] AppliInfo:139 - Unknown STM32CubeMX version: 6.13.0
2026-02-08 13:52:14,205 [ERROR] AppliInfo:139 - Unknown STM32CubeMX version: 6.13.0
2026-02-08 13:52:14,205 [ERROR] AppliInfo:139 - Unknown STM32CubeMX version: 6.13.0
2026-02-08 13:52:14,205 [ERROR] AppliInfo:139 - Unknown STM32CubeMX version: 6.13.0
2026-02-08 13:52:14,205 [ERROR] AppliInfo:139 - Unknown STM32CubeMX version: 6.13.0
2026-02-08 13:52:14,205 [ERROR] AppliInfo:139 - Unknown STM32CubeMX version: 6.13.0
2026-02-08 13:52:14,205 [ERROR] AppliInfo:139 - Unknown STM32CubeMX version: 6.13.0
2026-02-08 13:52:14,205 [ERROR] AppliInfo:139 - Unknown STM32CubeMX version: 6.13.0
2026-02-08 13:52:14,206 [ERROR] AppliInfo:139 - Unknown STM32CubeMX version: 6.13.0
2026-02-08 13:52:14,206 [ERROR] AppliInfo:139 - Unknown STM32CubeMX version: 6.13.0
2026-02-08 13:52:14,206 [ERROR] AppliInfo:139 - Unknown STM32CubeMX version: 6.13.0
2026-02-08 13:52:14,206 [ERROR] AppliInfo:139 - Unknown STM32CubeMX version: 6.13.0
2026-02-08 13:52:14,206 [ERROR] AppliInfo:139 - Unknown STM32CubeMX version: 6.13.0
2026-02-08 13:52:14,206 [ERROR] AppliInfo:139 - Unknown STM32CubeMX version: 6.13.0
2026-02-08 13:52:14,206 [ERROR] AppliInfo:139 - Unknown STM32CubeMX version: 6.13.0
2026-02-08 13:52:14,207 [ERROR] AppliInfo:139 - Unknown STM32CubeMX version: 6.13.0
2026-02-08 13:52:14,207 [ERROR] AppliInfo:139 - Unknown STM32CubeMX version: 6.13.0
2026-02-08 13:52:14,207 [ERROR] AppliInfo:139 - Unknown STM32CubeMX version: 6.13.0
2026-02-08 13:52:14,207 [ERROR] AppliInfo:139 - Unknown STM32CubeMX version: 6.13.0
2026-02-08 13:52:14,207 [ERROR] AppliInfo:139 - Unknown STM32CubeMX version: 6.13.0
2026-02-08 13:52:14,207 [ERROR] AppliInfo:139 - Unknown STM32CubeMX version: 6.13.0
2026-02-08 13:52:14,207 [ERROR] AppliInfo:139 - Unknown STM32CubeMX version: 6.13.0
2026-02-08 13:52:14,207 [ERROR] AppliInfo:139 - Unknown STM32CubeMX version: 6.14.0
2026-02-08 13:52:14,207 [ERROR] AppliInfo:139 - Unknown STM32CubeMX version: 6.14.0
2026-02-08 13:52:14,208 [ERROR] AppliInfo:139 - Unknown STM32CubeMX version: 6.14.0
2026-02-08 13:52:14,208 [ERROR] AppliInfo:139 - Unknown STM32CubeMX version: 6.14.0
2026-02-08 13:52:14,208 [ERROR] AppliInfo:139 - Unknown STM32CubeMX version: 6.14.0
2026-02-08 13:52:14,208 [ERROR] AppliInfo:139 - Unknown STM32CubeMX version: 6.14.0
2026-02-08 13:52:14,208 [ERROR] AppliInfo:139 - Unknown STM32CubeMX version: 6.14.0
2026-02-08 13:52:14,208 [ERROR] AppliInfo:139 - Unknown STM32CubeMX version: 6.14.0
2026-02-08 13:52:14,208 [ERROR] AppliInfo:139 - Unknown STM32CubeMX version: 6.14.0
2026-02-08 13:52:14,208 [ERROR] AppliInfo:139 - Unknown STM32CubeMX version: 6.14.0
2026-02-08 13:52:14,209 [ERROR] AppliInfo:139 - Unknown STM32CubeMX version: 6.14.0
2026-02-08 13:52:14,209 [ERROR] AppliInfo:139 - Unknown STM32CubeMX version: 6.14.0
2026-02-08 13:52:14,209 [ERROR] AppliInfo:139 - Unknown STM32CubeMX version: 6.14.0
2026-02-08 13:52:14,209 [ERROR] AppliInfo:139 - Unknown STM32CubeMX version: 6.14.0
2026-02-08 13:52:14,209 [ERROR] AppliInfo:139 - Unknown STM32CubeMX version: 6.14.0
2026-02-08 13:52:14,209 [ERROR] AppliInfo:139 - Unknown STM32CubeMX version: 6.14.0
2026-02-08 13:52:14,209 [ERROR] AppliInfo:139 - Unknown STM32CubeMX version: 6.14.0
2026-02-08 13:52:14,209 [ERROR] AppliInfo:139 - Unknown STM32CubeMX version: 6.14.0
2026-02-08 13:52:14,209 [ERROR] AppliInfo:139 - Unknown STM32CubeMX version: 6.14.0
2026-02-08 13:52:14,209 [ERROR] AppliInfo:139 - Unknown STM32CubeMX version: 6.14.0
2026-02-08 13:52:14,210 [ERROR] AppliInfo:139 - Unknown STM32CubeMX version: 6.14.0
2026-02-08 13:52:14,210 [ERROR] AppliInfo:139 - Unknown STM32CubeMX version: 6.14.0
2026-02-08 13:52:14,210 [ERROR] AppliInfo:139 - Unknown STM32CubeMX version: 6.14.0
2026-02-08 13:52:14,210 [ERROR] AppliInfo:139 - Unknown STM32CubeMX version: 6.14.0
2026-02-08 13:52:14,210 [ERROR] AppliInfo:139 - Unknown STM32CubeMX version: 6.14.0
2026-02-08 13:52:14,210 [ERROR] AppliInfo:139 - Unknown STM32CubeMX version: 6.14.0
2026-02-08 13:52:14,210 [ERROR] AppliInfo:139 - Unknown STM32CubeMX version: 6.14.0
2026-02-08 13:52:14,210 [ERROR] AppliInfo:139 - Unknown STM32CubeMX version: 6.14.0
2026-02-08 13:52:14,210 [ERROR] AppliInfo:139 - Unknown STM32CubeMX version: 6.14.0
2026-02-08 13:52:14,211 [ERROR] AppliInfo:139 - Unknown STM32CubeMX version: 6.14.0
2026-02-08 13:52:14,211 [ERROR] AppliInfo:139 - Unknown STM32CubeMX version: 6.14.0
2026-02-08 13:52:14,211 [ERROR] AppliInfo:139 - Unknown STM32CubeMX version: 6.14.0
2026-02-08 13:52:14,211 [ERROR] AppliInfo:139 - Unknown STM32CubeMX version: 6.14.0
2026-02-08 13:52:14,211 [ERROR] AppliInfo:139 - Unknown STM32CubeMX version: 6.14.0
2026-02-08 13:52:14,211 [ERROR] AppliInfo:139 - Unknown STM32CubeMX version: 6.14.0
2026-02-08 13:52:14,211 [ERROR] AppliInfo:139 - Unknown STM32CubeMX version: 6.14.0
2026-02-08 13:52:14,211 [ERROR] AppliInfo:139 - Unknown STM32CubeMX version: 6.14.0
2026-02-08 13:52:14,211 [ERROR] AppliInfo:139 - Unknown STM32CubeMX version: 6.14.0
2026-02-08 13:52:14,211 [ERROR] AppliInfo:139 - Unknown STM32CubeMX version: 6.14.0
2026-02-08 13:52:14,212 [ERROR] AppliInfo:139 - Unknown STM32CubeMX version: 6.14.0
2026-02-08 13:52:14,212 [ERROR] AppliInfo:139 - Unknown STM32CubeMX version: 6.14.0
2026-02-08 13:52:14,212 [ERROR] AppliInfo:139 - Unknown STM32CubeMX version: 6.14.0
2026-02-08 13:52:14,212 [ERROR] AppliInfo:139 - Unknown STM32CubeMX version: 6.14.0
2026-02-08 13:52:14,212 [ERROR] AppliInfo:139 - Unknown STM32CubeMX version: 6.14.0
2026-02-08 13:52:14,212 [ERROR] AppliInfo:139 - Unknown STM32CubeMX version: 6.14.0
2026-02-08 13:52:14,212 [ERROR] AppliInfo:139 - Unknown STM32CubeMX version: 6.14.0
2026-02-08 13:52:14,212 [ERROR] AppliInfo:139 - Unknown STM32CubeMX version: 6.14.0
2026-02-08 13:52:14,212 [ERROR] AppliInfo:139 - Unknown STM32CubeMX version: 6.14.0
2026-02-08 13:52:14,213 [ERROR] AppliInfo:139 - Unknown STM32CubeMX version: 6.14.0
2026-02-08 13:52:14,213 [ERROR] AppliInfo:139 - Unknown STM32CubeMX version: 6.14.0
2026-02-08 13:52:14,213 [ERROR] AppliInfo:139 - Unknown STM32CubeMX version: 6.14.0
2026-02-08 13:52:14,213 [ERROR] AppliInfo:139 - Unknown STM32CubeMX version: 6.14.0
2026-02-08 13:52:14,213 [ERROR] AppliInfo:139 - Unknown STM32CubeMX version: 6.14.0
2026-02-08 13:52:14,213 [ERROR] AppliInfo:139 - Unknown STM32CubeMX version: 6.14.0
2026-02-08 13:52:14,213 [ERROR] AppliInfo:139 - Unknown STM32CubeMX version: 6.14.0
2026-02-08 13:52:14,213 [ERROR] AppliInfo:139 - Unknown STM32CubeMX version: 6.14.0
2026-02-08 13:52:14,213 [ERROR] AppliInfo:139 - Unknown STM32CubeMX version: 6.14.0
2026-02-08 13:52:14,213 [ERROR] AppliInfo:139 - Unknown STM32CubeMX version: 6.14.0
2026-02-08 13:52:14,214 [ERROR] AppliInfo:139 - Unknown STM32CubeMX version: 6.14.0
2026-02-08 13:52:15,211 [ERROR] AppliInfo:139 - Unknown STM32CubeMX version: 6.10.0
2026-02-08 13:52:15,211 [ERROR] AppliInfo:139 - Unknown STM32CubeMX version: 6.10.0
2026-02-08 13:52:15,211 [ERROR] AppliInfo:139 - Unknown STM32CubeMX version: 6.10.0
2026-02-08 13:52:15,212 [ERROR] AppliInfo:139 - Unknown STM32CubeMX version: 6.10.0
2026-02-08 13:52:15,212 [ERROR] AppliInfo:139 - Unknown STM32CubeMX version: 6.10.0
2026-02-08 13:52:15,212 [ERROR] AppliInfo:139 - Unknown STM32CubeMX version: 6.10.0
2026-02-08 13:52:15,213 [ERROR] AppliInfo:139 - Unknown STM32CubeMX version: 6.10.0
2026-02-08 13:52:15,213 [ERROR] AppliInfo:139 - Unknown STM32CubeMX version: 6.10.0
2026-02-08 13:52:15,213 [ERROR] AppliInfo:139 - Unknown STM32CubeMX version: 6.10.0
2026-02-08 13:52:15,213 [ERROR] AppliInfo:139 - Unknown STM32CubeMX version: 6.10.0
2026-02-08 13:52:15,213 [ERROR] AppliInfo:139 - Unknown STM32CubeMX version: 6.10.0
2026-02-08 13:52:15,214 [ERROR] AppliInfo:139 - Unknown STM32CubeMX version: 6.10.0
2026-02-08 13:52:15,214 [ERROR] AppliInfo:139 - Unknown STM32CubeMX version: 6.10.0
2026-02-08 13:52:15,214 [ERROR] AppliInfo:139 - Unknown STM32CubeMX version: 6.10.0
2026-02-08 13:52:15,214 [ERROR] AppliInfo:139 - Unknown STM32CubeMX version: 6.10.0
2026-02-08 13:52:15,214 [ERROR] AppliInfo:139 - Unknown STM32CubeMX version: 6.10.0
2026-02-08 13:52:15,215 [ERROR] AppliInfo:139 - Unknown STM32CubeMX version: 6.10.0
2026-02-08 13:52:15,215 [ERROR] AppliInfo:139 - Unknown STM32CubeMX version: 6.10.0
2026-02-08 13:52:15,215 [ERROR] AppliInfo:139 - Unknown STM32CubeMX version: 6.10.0
2026-02-08 13:52:15,215 [ERROR] AppliInfo:139 - Unknown STM32CubeMX version: 6.10.0
2026-02-08 13:52:15,215 [ERROR] AppliInfo:139 - Unknown STM32CubeMX version: 6.10.0
2026-02-08 13:52:15,216 [ERROR] AppliInfo:139 - Unknown STM32CubeMX version: 6.10.0
2026-02-08 13:52:15,216 [ERROR] AppliInfo:139 - Unknown STM32CubeMX version: 6.10.0
2026-02-08 13:52:15,216 [ERROR] AppliInfo:139 - Unknown STM32CubeMX version: 6.10.0
2026-02-08 13:52:15,216 [ERROR] AppliInfo:139 - Unknown STM32CubeMX version: 6.10.0
2026-02-08 13:52:15,216 [ERROR] AppliInfo:139 - Unknown STM32CubeMX version: 6.10.0
2026-02-08 13:52:15,217 [ERROR] AppliInfo:139 - Unknown STM32CubeMX version: 6.10.0
2026-02-08 13:52:15,217 [ERROR] AppliInfo:139 - Unknown STM32CubeMX version: 6.10.0
2026-02-08 13:52:15,217 [ERROR] AppliInfo:139 - Unknown STM32CubeMX version: 6.10.0
2026-02-08 13:52:15,217 [ERROR] AppliInfo:139 - Unknown STM32CubeMX version: 6.10.0
2026-02-08 13:52:15,217 [ERROR] AppliInfo:139 - Unknown STM32CubeMX version: 6.10.0
2026-02-08 13:52:15,217 [ERROR] AppliInfo:139 - Unknown STM32CubeMX version: 6.10.0
2026-02-08 13:52:15,218 [ERROR] AppliInfo:139 - Unknown STM32CubeMX version: 6.10.0
2026-02-08 13:52:15,218 [ERROR] AppliInfo:139 - Unknown STM32CubeMX version: 6.10.0
2026-02-08 13:52:15,218 [ERROR] AppliInfo:139 - Unknown STM32CubeMX version: 6.10.0
2026-02-08 13:52:15,218 [ERROR] AppliInfo:139 - Unknown STM32CubeMX version: 6.10.0
2026-02-08 13:52:15,218 [ERROR] AppliInfo:139 - Unknown STM32CubeMX version: 6.10.0
2026-02-08 13:52:15,219 [ERROR] AppliInfo:139 - Unknown STM32CubeMX version: 6.10.0
2026-02-08 13:52:15,219 [ERROR] AppliInfo:139 - Unknown STM32CubeMX version: 6.10.0
2026-02-08 13:52:15,219 [ERROR] AppliInfo:139 - Unknown STM32CubeMX version: 6.10.0
2026-02-08 13:52:15,219 [ERROR] AppliInfo:139 - Unknown STM32CubeMX version: 6.10.0
2026-02-08 13:52:15,220 [ERROR] AppliInfo:139 - Unknown STM32CubeMX version: 6.10.0
2026-02-08 13:52:15,220 [ERROR] AppliInfo:139 - Unknown STM32CubeMX version: 6.10.0
2026-02-08 13:52:15,220 [ERROR] AppliInfo:139 - Unknown STM32CubeMX version: 6.10.0
2026-02-08 13:52:15,220 [ERROR] AppliInfo:139 - Unknown STM32CubeMX version: 6.10.0
2026-02-08 13:52:15,220 [ERROR] AppliInfo:139 - Unknown STM32CubeMX version: 6.10.0
2026-02-08 13:52:15,221 [ERROR] AppliInfo:139 - Unknown STM32CubeMX version: 6.10.0
2026-02-08 13:52:15,221 [ERROR] AppliInfo:139 - Unknown STM32CubeMX version: 6.10.0
2026-02-08 13:52:15,221 [ERROR] AppliInfo:139 - Unknown STM32CubeMX version: 6.10.0
2026-02-08 13:52:15,221 [ERROR] AppliInfo:139 - Unknown STM32CubeMX version: 6.10.0
2026-02-08 13:52:15,221 [ERROR] AppliInfo:139 - Unknown STM32CubeMX version: 6.10.0
2026-02-08 13:52:15,222 [ERROR] AppliInfo:139 - Unknown STM32CubeMX version: 6.10.0
2026-02-08 13:52:15,227 [ERROR] AppliInfo:139 - Unknown STM32CubeMX version: 6.10.0
2026-02-08 13:52:15,227 [ERROR] AppliInfo:139 - Unknown STM32CubeMX version: 6.10.0
2026-02-08 13:52:15,227 [ERROR] AppliInfo:139 - Unknown STM32CubeMX version: 6.10.0
2026-02-08 13:52:15,228 [ERROR] AppliInfo:139 - Unknown STM32CubeMX version: 6.10.0
2026-02-08 13:52:15,228 [ERROR] AppliInfo:139 - Unknown STM32CubeMX version: 6.10.0
2026-02-08 13:52:15,228 [ERROR] AppliInfo:139 - Unknown STM32CubeMX version: 6.10.0
2026-02-08 13:52:15,228 [ERROR] AppliInfo:139 - Unknown STM32CubeMX version: 6.10.0
2026-02-08 13:52:15,228 [ERROR] AppliInfo:139 - Unknown STM32CubeMX version: 6.10.0
2026-02-08 13:52:15,228 [ERROR] AppliInfo:139 - Unknown STM32CubeMX version: 6.10.0
2026-02-08 13:52:15,228 [ERROR] AppliInfo:139 - Unknown STM32CubeMX version: 6.10.0
2026-02-08 13:52:15,228 [ERROR] AppliInfo:139 - Unknown STM32CubeMX version: 6.10.0
2026-02-08 13:52:15,229 [ERROR] AppliInfo:139 - Unknown STM32CubeMX version: 6.10.0
2026-02-08 13:52:15,229 [ERROR] AppliInfo:139 - Unknown STM32CubeMX version: 6.10.0
2026-02-08 13:52:15,229 [ERROR] AppliInfo:139 - Unknown STM32CubeMX version: 6.10.0
2026-02-08 13:52:15,229 [ERROR] AppliInfo:139 - Unknown STM32CubeMX version: 6.10.0
2026-02-08 13:52:15,229 [ERROR] AppliInfo:139 - Unknown STM32CubeMX version: 6.10.0
2026-02-08 13:52:15,229 [ERROR] AppliInfo:139 - Unknown STM32CubeMX version: 6.10.0
2026-02-08 13:52:15,229 [ERROR] AppliInfo:139 - Unknown STM32CubeMX version: 6.10.0
2026-02-08 13:52:15,230 [ERROR] AppliInfo:139 - Unknown STM32CubeMX version: 6.10.0
2026-02-08 13:52:15,230 [ERROR] AppliInfo:139 - Unknown STM32CubeMX version: 6.10.0
2026-02-08 13:52:15,230 [ERROR] AppliInfo:139 - Unknown STM32CubeMX version: 6.10.0
2026-02-08 13:52:15,230 [ERROR] AppliInfo:139 - Unknown STM32CubeMX version: 6.10.0
2026-02-08 13:52:15,230 [ERROR] AppliInfo:139 - Unknown STM32CubeMX version: 6.10.0
2026-02-08 13:52:15,230 [ERROR] AppliInfo:139 - Unknown STM32CubeMX version: 6.10.0
2026-02-08 13:52:15,231 [ERROR] AppliInfo:139 - Unknown STM32CubeMX version: 6.10.0
2026-02-08 13:52:15,231 [ERROR] AppliInfo:139 - Unknown STM32CubeMX version: 6.10.0
2026-02-08 13:52:15,231 [ERROR] AppliInfo:139 - Unknown STM32CubeMX version: 6.10.0
2026-02-08 13:52:15,231 [ERROR] AppliInfo:139 - Unknown STM32CubeMX version: 6.10.0
2026-02-08 13:52:15,231 [ERROR] AppliInfo:139 - Unknown STM32CubeMX version: 6.10.0
2026-02-08 13:52:15,232 [ERROR] AppliInfo:139 - Unknown STM32CubeMX version: 6.10.0
2026-02-08 13:52:15,232 [ERROR] AppliInfo:139 - Unknown STM32CubeMX version: 6.10.0
2026-02-08 13:52:15,232 [ERROR] AppliInfo:139 - Unknown STM32CubeMX version: 6.10.0
2026-02-08 13:52:15,232 [ERROR] AppliInfo:139 - Unknown STM32CubeMX version: 6.10.0
2026-02-08 13:52:15,232 [ERROR] AppliInfo:139 - Unknown STM32CubeMX version: 6.10.0
2026-02-08 13:52:15,232 [ERROR] AppliInfo:139 - Unknown STM32CubeMX version: 6.10.0
2026-02-08 13:52:15,232 [ERROR] AppliInfo:139 - Unknown STM32CubeMX version: 6.10.0
2026-02-08 13:52:15,232 [ERROR] AppliInfo:139 - Unknown STM32CubeMX version: 6.10.0
2026-02-08 13:52:15,232 [ERROR] AppliInfo:139 - Unknown STM32CubeMX version: 6.10.0
2026-02-08 13:52:15,233 [ERROR] AppliInfo:139 - Unknown STM32CubeMX version: 6.10.0
2026-02-08 13:52:15,233 [ERROR] AppliInfo:139 - Unknown STM32CubeMX version: 6.10.0
2026-02-08 13:52:15,233 [ERROR] AppliInfo:139 - Unknown STM32CubeMX version: 6.10.0
2026-02-08 13:52:15,233 [ERROR] AppliInfo:139 - Unknown STM32CubeMX version: 6.10.0
2026-02-08 13:52:15,233 [ERROR] AppliInfo:139 - Unknown STM32CubeMX version: 6.10.0
2026-02-08 13:52:15,233 [ERROR] AppliInfo:139 - Unknown STM32CubeMX version: 6.10.0
2026-02-08 13:52:15,233 [ERROR] AppliInfo:139 - Unknown STM32CubeMX version: 6.10.0
2026-02-08 13:52:15,233 [ERROR] AppliInfo:139 - Unknown STM32CubeMX version: 6.10.0
2026-02-08 13:52:15,233 [ERROR] AppliInfo:139 - Unknown STM32CubeMX version: 6.10.0
2026-02-08 13:52:15,234 [ERROR] AppliInfo:139 - Unknown STM32CubeMX version: 6.10.0
2026-02-08 13:52:15,234 [ERROR] AppliInfo:139 - Unknown STM32CubeMX version: 6.10.0
2026-02-08 13:52:15,234 [ERROR] AppliInfo:139 - Unknown STM32CubeMX version: 6.10.0
2026-02-08 13:52:15,234 [ERROR] AppliInfo:139 - Unknown STM32CubeMX version: 6.10.0
2026-02-08 13:52:15,234 [ERROR] AppliInfo:139 - Unknown STM32CubeMX version: 6.10.0
2026-02-08 13:52:15,234 [ERROR] AppliInfo:139 - Unknown STM32CubeMX version: 6.10.0
2026-02-08 13:52:15,234 [ERROR] AppliInfo:139 - Unknown STM32CubeMX version: 6.10.0
2026-02-08 13:52:15,234 [ERROR] AppliInfo:139 - Unknown STM32CubeMX version: 6.10.0
2026-02-08 13:52:15,235 [ERROR] AppliInfo:139 - Unknown STM32CubeMX version: 6.10.0
2026-02-08 13:52:15,235 [ERROR] AppliInfo:139 - Unknown STM32CubeMX version: 6.10.0
2026-02-08 13:52:15,235 [ERROR] AppliInfo:139 - Unknown STM32CubeMX version: 6.10.0
2026-02-08 13:52:15,235 [ERROR] AppliInfo:139 - Unknown STM32CubeMX version: 6.10.0
2026-02-08 13:52:15,235 [ERROR] AppliInfo:139 - Unknown STM32CubeMX version: 6.10.0
2026-02-08 13:52:15,235 [ERROR] AppliInfo:139 - Unknown STM32CubeMX version: 6.10.0
2026-02-08 13:52:15,235 [ERROR] AppliInfo:139 - Unknown STM32CubeMX version: 6.10.0
2026-02-08 13:52:15,235 [ERROR] AppliInfo:139 - Unknown STM32CubeMX version: 6.10.0
2026-02-08 13:52:15,236 [ERROR] AppliInfo:139 - Unknown STM32CubeMX version: 6.10.0
2026-02-08 13:52:15,236 [ERROR] AppliInfo:139 - Unknown STM32CubeMX version: 6.10.0
2026-02-08 13:52:15,236 [ERROR] AppliInfo:139 - Unknown STM32CubeMX version: 6.10.0
2026-02-08 13:52:15,236 [ERROR] AppliInfo:139 - Unknown STM32CubeMX version: 6.10.0
2026-02-08 13:52:15,236 [ERROR] AppliInfo:139 - Unknown STM32CubeMX version: 6.10.0
2026-02-08 13:52:15,236 [ERROR] AppliInfo:139 - Unknown STM32CubeMX version: 6.10.0
2026-02-08 13:52:15,236 [ERROR] AppliInfo:139 - Unknown STM32CubeMX version: 6.10.0
2026-02-08 13:52:15,236 [ERROR] AppliInfo:139 - Unknown STM32CubeMX version: 6.10.0
2026-02-08 13:52:15,237 [ERROR] AppliInfo:139 - Unknown STM32CubeMX version: 6.10.0
2026-02-08 13:52:15,237 [ERROR] AppliInfo:139 - Unknown STM32CubeMX version: 6.10.0
2026-02-08 13:52:15,237 [ERROR] AppliInfo:139 - Unknown STM32CubeMX version: 6.10.0
2026-02-08 13:52:15,238 [ERROR] AppliInfo:139 - Unknown STM32CubeMX version: 6.10.0
2026-02-08 13:52:15,238 [ERROR] AppliInfo:139 - Unknown STM32CubeMX version: 6.10.0
2026-02-08 13:52:15,238 [ERROR] AppliInfo:139 - Unknown STM32CubeMX version: 6.10.0
2026-02-08 13:52:15,238 [ERROR] AppliInfo:139 - Unknown STM32CubeMX version: 6.10.0
2026-02-08 13:52:15,238 [ERROR] AppliInfo:139 - Unknown STM32CubeMX version: 6.10.0
2026-02-08 13:52:15,238 [ERROR] AppliInfo:139 - Unknown STM32CubeMX version: 6.10.0
2026-02-08 13:52:15,238 [ERROR] AppliInfo:139 - Unknown STM32CubeMX version: 6.10.0
2026-02-08 13:52:15,239 [ERROR] AppliInfo:139 - Unknown STM32CubeMX version: 6.10.0
2026-02-08 13:52:15,239 [ERROR] AppliInfo:139 - Unknown STM32CubeMX version: 6.10.0
2026-02-08 13:52:15,240 [ERROR] AppliInfo:139 - Unknown STM32CubeMX version: 6.10.0
2026-02-08 13:52:15,240 [ERROR] AppliInfo:139 - Unknown STM32CubeMX version: 6.10.0
2026-02-08 13:52:15,240 [ERROR] AppliInfo:139 - Unknown STM32CubeMX version: 6.10.0
2026-02-08 13:52:15,240 [ERROR] AppliInfo:139 - Unknown STM32CubeMX version: 6.10.0
2026-02-08 13:52:15,240 [ERROR] AppliInfo:139 - Unknown STM32CubeMX version: 6.10.0
2026-02-08 13:52:15,241 [ERROR] AppliInfo:139 - Unknown STM32CubeMX version: 6.10.0
2026-02-08 13:52:15,241 [ERROR] AppliInfo:139 - Unknown STM32CubeMX version: 6.10.0
2026-02-08 13:52:15,241 [ERROR] AppliInfo:139 - Unknown STM32CubeMX version: 6.10.0
2026-02-08 13:52:15,241 [ERROR] AppliInfo:139 - Unknown STM32CubeMX version: 6.10.0
2026-02-08 13:52:15,241 [ERROR] AppliInfo:139 - Unknown STM32CubeMX version: 6.10.0
2026-02-08 13:52:15,241 [ERROR] AppliInfo:139 - Unknown STM32CubeMX version: 6.10.0
2026-02-08 13:52:15,242 [ERROR] AppliInfo:139 - Unknown STM32CubeMX version: 6.10.0
2026-02-08 13:52:15,242 [ERROR] AppliInfo:139 - Unknown STM32CubeMX version: 6.10.0
2026-02-08 13:52:15,242 [ERROR] AppliInfo:139 - Unknown STM32CubeMX version: 6.10.0
2026-02-08 13:52:15,243 [ERROR] AppliInfo:139 - Unknown STM32CubeMX version: 6.10.0
2026-02-08 13:52:15,243 [ERROR] AppliInfo:139 - Unknown STM32CubeMX version: 6.10.0
2026-02-08 13:52:15,243 [ERROR] AppliInfo:139 - Unknown STM32CubeMX version: 6.10.0
2026-02-08 13:52:15,243 [ERROR] AppliInfo:139 - Unknown STM32CubeMX version: 6.10.0
2026-02-08 13:52:15,244 [ERROR] AppliInfo:139 - Unknown STM32CubeMX version: 6.10.0
2026-02-08 13:52:15,244 [ERROR] AppliInfo:139 - Unknown STM32CubeMX version: 6.10.0
2026-02-08 13:52:15,244 [ERROR] AppliInfo:139 - Unknown STM32CubeMX version: 6.10.0
2026-02-08 13:52:15,244 [ERROR] AppliInfo:139 - Unknown STM32CubeMX version: 6.10.0
2026-02-08 13:52:15,244 [ERROR] AppliInfo:139 - Unknown STM32CubeMX version: 6.10.0
2026-02-08 13:52:15,244 [ERROR] AppliInfo:139 - Unknown STM32CubeMX version: 6.10.0
2026-02-08 13:52:15,245 [ERROR] AppliInfo:139 - Unknown STM32CubeMX version: 6.10.0
2026-02-08 13:52:15,245 [ERROR] AppliInfo:139 - Unknown STM32CubeMX version: 6.10.0
2026-02-08 13:52:15,245 [ERROR] AppliInfo:139 - Unknown STM32CubeMX version: 6.10.0
2026-02-08 13:52:15,245 [ERROR] AppliInfo:139 - Unknown STM32CubeMX version: 6.10.0
2026-02-08 13:52:15,245 [ERROR] AppliInfo:139 - Unknown STM32CubeMX version: 6.10.0
2026-02-08 13:52:15,246 [ERROR] AppliInfo:139 - Unknown STM32CubeMX version: 6.10.0
2026-02-08 13:52:15,246 [ERROR] AppliInfo:139 - Unknown STM32CubeMX version: 6.10.0
2026-02-08 13:52:15,246 [ERROR] AppliInfo:139 - Unknown STM32CubeMX version: 6.10.0
2026-02-08 13:52:15,246 [ERROR] AppliInfo:139 - Unknown STM32CubeMX version: 6.10.0
2026-02-08 13:52:15,246 [ERROR] AppliInfo:139 - Unknown STM32CubeMX version: 6.10.0
2026-02-08 13:52:15,247 [ERROR] AppliInfo:139 - Unknown STM32CubeMX version: 6.10.0
2026-02-08 13:52:15,247 [ERROR] AppliInfo:139 - Unknown STM32CubeMX version: 6.10.0
2026-02-08 13:52:15,247 [ERROR] AppliInfo:139 - Unknown STM32CubeMX version: 6.10.0
2026-02-08 13:52:15,247 [ERROR] AppliInfo:139 - Unknown STM32CubeMX version: 6.10.0
2026-02-08 13:52:15,247 [ERROR] AppliInfo:139 - Unknown STM32CubeMX version: 6.10.0
2026-02-08 13:52:15,248 [ERROR] AppliInfo:139 - Unknown STM32CubeMX version: 6.10.0
2026-02-08 13:52:15,248 [ERROR] AppliInfo:139 - Unknown STM32CubeMX version: 6.10.0
2026-02-08 13:52:15,248 [ERROR] AppliInfo:139 - Unknown STM32CubeMX version: 6.10.0
2026-02-08 13:52:15,248 [ERROR] AppliInfo:139 - Unknown STM32CubeMX version: 6.10.0
2026-02-08 13:52:15,248 [ERROR] AppliInfo:139 - Unknown STM32CubeMX version: 6.10.0
2026-02-08 13:52:15,249 [ERROR] AppliInfo:139 - Unknown STM32CubeMX version: 6.10.0
2026-02-08 13:52:15,249 [ERROR] AppliInfo:139 - Unknown STM32CubeMX version: 6.10.0
2026-02-08 13:52:15,249 [ERROR] AppliInfo:139 - Unknown STM32CubeMX version: 6.10.0
2026-02-08 13:52:15,249 [ERROR] AppliInfo:139 - Unknown STM32CubeMX version: 6.10.0
2026-02-08 13:52:15,250 [ERROR] AppliInfo:139 - Unknown STM32CubeMX version: 6.10.0
2026-02-08 13:52:15,250 [ERROR] AppliInfo:139 - Unknown STM32CubeMX version: 6.10.0
2026-02-08 13:52:15,250 [ERROR] AppliInfo:139 - Unknown STM32CubeMX version: 6.10.0
2026-02-08 13:52:15,250 [ERROR] AppliInfo:139 - Unknown STM32CubeMX version: 6.10.0
2026-02-08 13:52:15,250 [ERROR] AppliInfo:139 - Unknown STM32CubeMX version: 6.10.0
2026-02-08 13:52:15,251 [ERROR] AppliInfo:139 - Unknown STM32CubeMX version: 6.10.0
2026-02-08 13:52:15,251 [ERROR] AppliInfo:139 - Unknown STM32CubeMX version: 6.10.0
2026-02-08 13:52:15,251 [ERROR] AppliInfo:139 - Unknown STM32CubeMX version: 6.10.0
2026-02-08 13:52:15,251 [ERROR] AppliInfo:139 - Unknown STM32CubeMX version: 6.10.0
2026-02-08 13:52:15,251 [ERROR] AppliInfo:139 - Unknown STM32CubeMX version: 6.10.0
2026-02-08 13:52:15,252 [ERROR] AppliInfo:139 - Unknown STM32CubeMX version: 6.10.0
2026-02-08 13:52:15,252 [ERROR] AppliInfo:139 - Unknown STM32CubeMX version: 6.10.0
2026-02-08 13:52:15,252 [ERROR] AppliInfo:139 - Unknown STM32CubeMX version: 6.10.0
2026-02-08 13:52:15,252 [ERROR] AppliInfo:139 - Unknown STM32CubeMX version: 6.10.0
2026-02-08 13:52:15,252 [ERROR] AppliInfo:139 - Unknown STM32CubeMX version: 6.10.0
2026-02-08 13:52:15,252 [ERROR] AppliInfo:139 - Unknown STM32CubeMX version: 6.10.0
2026-02-08 13:52:15,253 [ERROR] AppliInfo:139 - Unknown STM32CubeMX version: 6.10.0
2026-02-08 13:52:15,253 [ERROR] AppliInfo:139 - Unknown STM32CubeMX version: 6.10.0
2026-02-08 13:52:15,253 [ERROR] AppliInfo:139 - Unknown STM32CubeMX version: 6.10.0
2026-02-08 13:52:15,253 [ERROR] AppliInfo:139 - Unknown STM32CubeMX version: 6.10.0
2026-02-08 13:52:15,253 [ERROR] AppliInfo:139 - Unknown STM32CubeMX version: 6.10.0
2026-02-08 13:52:15,254 [ERROR] AppliInfo:139 - Unknown STM32CubeMX version: 6.10.0
2026-02-08 13:52:15,254 [ERROR] AppliInfo:139 - Unknown STM32CubeMX version: 6.10.0
2026-02-08 13:52:15,254 [ERROR] AppliInfo:139 - Unknown STM32CubeMX version: 6.10.0
2026-02-08 13:52:15,254 [ERROR] AppliInfo:139 - Unknown STM32CubeMX version: 6.10.0
2026-02-08 13:52:15,254 [ERROR] AppliInfo:139 - Unknown STM32CubeMX version: 6.10.0
2026-02-08 13:52:15,254 [ERROR] AppliInfo:139 - Unknown STM32CubeMX version: 6.10.0
2026-02-08 13:52:15,255 [ERROR] AppliInfo:139 - Unknown STM32CubeMX version: 6.10.0
2026-02-08 13:52:15,255 [ERROR] AppliInfo:139 - Unknown STM32CubeMX version: 6.10.0
2026-02-08 13:52:15,255 [ERROR] AppliInfo:139 - Unknown STM32CubeMX version: 6.10.0
2026-02-08 13:52:15,255 [ERROR] AppliInfo:139 - Unknown STM32CubeMX version: 6.10.0
2026-02-08 13:52:15,255 [ERROR] AppliInfo:139 - Unknown STM32CubeMX version: 6.10.0
2026-02-08 13:52:15,256 [ERROR] AppliInfo:139 - Unknown STM32CubeMX version: 6.10.0
2026-02-08 13:52:15,256 [ERROR] AppliInfo:139 - Unknown STM32CubeMX version: 6.10.0
2026-02-08 13:52:15,256 [ERROR] AppliInfo:139 - Unknown STM32CubeMX version: 6.10.0
2026-02-08 13:52:15,256 [ERROR] AppliInfo:139 - Unknown STM32CubeMX version: 6.10.0
2026-02-08 13:52:15,257 [ERROR] AppliInfo:139 - Unknown STM32CubeMX version: 6.10.0
2026-02-08 13:52:15,257 [ERROR] AppliInfo:139 - Unknown STM32CubeMX version: 6.10.0
2026-02-08 13:52:15,257 [ERROR] AppliInfo:139 - Unknown STM32CubeMX version: 6.10.0
2026-02-08 13:52:15,257 [ERROR] AppliInfo:139 - Unknown STM32CubeMX version: 6.10.0
2026-02-08 13:52:15,257 [ERROR] AppliInfo:139 - Unknown STM32CubeMX version: 6.10.0
2026-02-08 13:52:15,257 [ERROR] AppliInfo:139 - Unknown STM32CubeMX version: 6.10.0
2026-02-08 13:52:15,258 [ERROR] AppliInfo:139 - Unknown STM32CubeMX version: 6.10.0
2026-02-08 13:52:15,258 [ERROR] AppliInfo:139 - Unknown STM32CubeMX version: 6.10.0
2026-02-08 13:52:15,258 [ERROR] AppliInfo:139 - Unknown STM32CubeMX version: 6.10.0
2026-02-08 13:52:15,258 [ERROR] AppliInfo:139 - Unknown STM32CubeMX version: 6.10.0
2026-02-08 13:52:15,258 [ERROR] AppliInfo:139 - Unknown STM32CubeMX version: 6.10.0
2026-02-08 13:52:15,259 [ERROR] AppliInfo:139 - Unknown STM32CubeMX version: 6.10.0
2026-02-08 13:52:15,259 [ERROR] AppliInfo:139 - Unknown STM32CubeMX version: 6.10.0
2026-02-08 13:52:15,259 [ERROR] AppliInfo:139 - Unknown STM32CubeMX version: 6.10.0
2026-02-08 13:52:15,259 [ERROR] AppliInfo:139 - Unknown STM32CubeMX version: 6.10.0
2026-02-08 13:52:15,259 [ERROR] AppliInfo:139 - Unknown STM32CubeMX version: 6.10.0
2026-02-08 13:52:15,259 [ERROR] AppliInfo:139 - Unknown STM32CubeMX version: 6.10.0
2026-02-08 13:52:15,260 [ERROR] AppliInfo:139 - Unknown STM32CubeMX version: 6.10.0
2026-02-08 13:52:15,260 [ERROR] AppliInfo:139 - Unknown STM32CubeMX version: 6.10.0
2026-02-08 13:52:15,260 [ERROR] AppliInfo:139 - Unknown STM32CubeMX version: 6.10.0
2026-02-08 13:52:15,260 [ERROR] AppliInfo:139 - Unknown STM32CubeMX version: 6.10.0
2026-02-08 13:52:15,260 [ERROR] AppliInfo:139 - Unknown STM32CubeMX version: 6.10.0
2026-02-08 13:52:15,261 [ERROR] AppliInfo:139 - Unknown STM32CubeMX version: 6.10.0
2026-02-08 13:52:15,261 [ERROR] AppliInfo:139 - Unknown STM32CubeMX version: 6.10.0
2026-02-08 13:52:15,261 [ERROR] AppliInfo:139 - Unknown STM32CubeMX version: 6.10.0
2026-02-08 13:52:15,261 [ERROR] AppliInfo:139 - Unknown STM32CubeMX version: 6.10.0
2026-02-08 13:52:15,261 [ERROR] AppliInfo:139 - Unknown STM32CubeMX version: 6.10.0
2026-02-08 13:52:15,262 [ERROR] AppliInfo:139 - Unknown STM32CubeMX version: 6.10.0
2026-02-08 13:52:15,262 [ERROR] AppliInfo:139 - Unknown STM32CubeMX version: 6.10.0
2026-02-08 13:52:15,262 [ERROR] AppliInfo:139 - Unknown STM32CubeMX version: 6.10.0
2026-02-08 13:52:15,262 [ERROR] AppliInfo:139 - Unknown STM32CubeMX version: 6.10.0
2026-02-08 13:52:15,262 [ERROR] AppliInfo:139 - Unknown STM32CubeMX version: 6.10.0
2026-02-08 13:52:15,263 [ERROR] AppliInfo:139 - Unknown STM32CubeMX version: 6.10.0
2026-02-08 13:52:15,263 [ERROR] AppliInfo:139 - Unknown STM32CubeMX version: 6.10.0
2026-02-08 13:52:15,263 [ERROR] AppliInfo:139 - Unknown STM32CubeMX version: 6.10.0
2026-02-08 13:52:15,263 [ERROR] AppliInfo:139 - Unknown STM32CubeMX version: 6.10.0
2026-02-08 13:52:15,263 [ERROR] AppliInfo:139 - Unknown STM32CubeMX version: 6.10.0
2026-02-08 13:52:15,263 [ERROR] AppliInfo:139 - Unknown STM32CubeMX version: 6.10.0
2026-02-08 13:52:15,264 [ERROR] AppliInfo:139 - Unknown STM32CubeMX version: 6.10.0
2026-02-08 13:52:15,264 [ERROR] AppliInfo:139 - Unknown STM32CubeMX version: 6.10.0
2026-02-08 13:52:15,264 [ERROR] AppliInfo:139 - Unknown STM32CubeMX version: 6.10.0
2026-02-08 13:52:15,264 [ERROR] AppliInfo:139 - Unknown STM32CubeMX version: 6.10.0
2026-02-08 13:52:15,264 [ERROR] AppliInfo:139 - Unknown STM32CubeMX version: 6.10.0
2026-02-08 13:52:15,265 [ERROR] AppliInfo:139 - Unknown STM32CubeMX version: 6.10.0
2026-02-08 13:52:15,265 [ERROR] AppliInfo:139 - Unknown STM32CubeMX version: 6.10.0
2026-02-08 13:52:15,265 [ERROR] AppliInfo:139 - Unknown STM32CubeMX version: 6.10.0
2026-02-08 13:52:15,265 [ERROR] AppliInfo:139 - Unknown STM32CubeMX version: 6.10.0
2026-02-08 13:52:15,266 [ERROR] AppliInfo:139 - Unknown STM32CubeMX version: 6.10.0
2026-02-08 13:52:15,266 [ERROR] AppliInfo:139 - Unknown STM32CubeMX version: 6.10.0
2026-02-08 13:52:15,266 [ERROR] AppliInfo:139 - Unknown STM32CubeMX version: 6.10.0
2026-02-08 13:52:15,266 [ERROR] AppliInfo:139 - Unknown STM32CubeMX version: 6.10.0
2026-02-08 13:52:15,266 [ERROR] AppliInfo:139 - Unknown STM32CubeMX version: 6.10.0
2026-02-08 13:52:15,266 [ERROR] AppliInfo:139 - Unknown STM32CubeMX version: 6.10.0
2026-02-08 13:52:15,267 [ERROR] AppliInfo:139 - Unknown STM32CubeMX version: 6.10.0
2026-02-08 13:52:15,267 [ERROR] AppliInfo:139 - Unknown STM32CubeMX version: 6.10.0
2026-02-08 13:52:15,267 [ERROR] AppliInfo:139 - Unknown STM32CubeMX version: 6.10.0
2026-02-08 13:52:15,267 [ERROR] AppliInfo:139 - Unknown STM32CubeMX version: 6.10.0
2026-02-08 13:52:15,268 [ERROR] AppliInfo:139 - Unknown STM32CubeMX version: 6.10.0
2026-02-08 13:52:15,268 [ERROR] AppliInfo:139 - Unknown STM32CubeMX version: 6.10.0
2026-02-08 13:52:15,268 [ERROR] AppliInfo:139 - Unknown STM32CubeMX version: 6.10.0
2026-02-08 13:52:15,268 [ERROR] AppliInfo:139 - Unknown STM32CubeMX version: 6.10.0
2026-02-08 13:52:15,268 [ERROR] AppliInfo:139 - Unknown STM32CubeMX version: 6.10.0
2026-02-08 13:52:15,269 [ERROR] AppliInfo:139 - Unknown STM32CubeMX version: 6.10.0
2026-02-08 13:52:15,269 [ERROR] AppliInfo:139 - Unknown STM32CubeMX version: 6.10.0
2026-02-08 13:52:15,269 [ERROR] AppliInfo:139 - Unknown STM32CubeMX version: 6.10.0
2026-02-08 13:52:15,269 [ERROR] AppliInfo:139 - Unknown STM32CubeMX version: 6.10.0
2026-02-08 13:52:15,269 [ERROR] AppliInfo:139 - Unknown STM32CubeMX version: 6.10.0
2026-02-08 13:52:15,270 [ERROR] AppliInfo:139 - Unknown STM32CubeMX version: 6.10.0
2026-02-08 13:52:15,270 [ERROR] AppliInfo:139 - Unknown STM32CubeMX version: 6.10.0
2026-02-08 13:52:15,270 [ERROR] AppliInfo:139 - Unknown STM32CubeMX version: 6.10.0
2026-02-08 13:52:15,270 [ERROR] AppliInfo:139 - Unknown STM32CubeMX version: 6.10.0
2026-02-08 13:52:15,270 [ERROR] AppliInfo:139 - Unknown STM32CubeMX version: 6.10.0
2026-02-08 13:52:15,271 [ERROR] AppliInfo:139 - Unknown STM32CubeMX version: 6.10.0
2026-02-08 13:52:15,271 [ERROR] AppliInfo:139 - Unknown STM32CubeMX version: 6.10.0
2026-02-08 13:52:15,271 [ERROR] AppliInfo:139 - Unknown STM32CubeMX version: 6.10.0
2026-02-08 13:52:15,271 [ERROR] AppliInfo:139 - Unknown STM32CubeMX version: 6.10.0
2026-02-08 13:52:15,271 [ERROR] AppliInfo:139 - Unknown STM32CubeMX version: 6.10.0
2026-02-08 13:52:15,272 [ERROR] AppliInfo:139 - Unknown STM32CubeMX version: 6.10.0
2026-02-08 13:52:15,272 [ERROR] AppliInfo:139 - Unknown STM32CubeMX version: 6.10.0
2026-02-08 13:52:15,272 [ERROR] AppliInfo:139 - Unknown STM32CubeMX version: 6.10.0
2026-02-08 13:52:15,272 [ERROR] AppliInfo:139 - Unknown STM32CubeMX version: 6.10.0
2026-02-08 13:52:15,272 [ERROR] AppliInfo:139 - Unknown STM32CubeMX version: 6.10.0
2026-02-08 13:52:15,273 [ERROR] AppliInfo:139 - Unknown STM32CubeMX version: 6.10.0
2026-02-08 13:52:15,273 [ERROR] AppliInfo:139 - Unknown STM32CubeMX version: 6.10.0
2026-02-08 13:52:15,273 [ERROR] AppliInfo:139 - Unknown STM32CubeMX version: 6.10.0
2026-02-08 13:52:15,273 [ERROR] AppliInfo:139 - Unknown STM32CubeMX version: 6.10.0
2026-02-08 13:52:15,273 [ERROR] AppliInfo:139 - Unknown STM32CubeMX version: 6.10.0
2026-02-08 13:52:15,274 [ERROR] AppliInfo:139 - Unknown STM32CubeMX version: 6.10.0
2026-02-08 13:52:15,274 [ERROR] AppliInfo:139 - Unknown STM32CubeMX version: 6.10.0
2026-02-08 13:52:15,274 [ERROR] AppliInfo:139 - Unknown STM32CubeMX version: 6.10.0
2026-02-08 13:52:15,274 [ERROR] AppliInfo:139 - Unknown STM32CubeMX version: 6.10.0
2026-02-08 13:52:15,274 [ERROR] AppliInfo:139 - Unknown STM32CubeMX version: 6.10.0
2026-02-08 13:52:15,275 [ERROR] AppliInfo:139 - Unknown STM32CubeMX version: 6.10.0
2026-02-08 13:52:15,275 [ERROR] AppliInfo:139 - Unknown STM32CubeMX version: 6.10.0
2026-02-08 13:52:15,275 [ERROR] AppliInfo:139 - Unknown STM32CubeMX version: 6.10.0
2026-02-08 13:52:15,275 [ERROR] AppliInfo:139 - Unknown STM32CubeMX version: 6.10.0
2026-02-08 13:52:15,275 [ERROR] AppliInfo:139 - Unknown STM32CubeMX version: 6.10.0
2026-02-08 13:52:15,276 [ERROR] AppliInfo:139 - Unknown STM32CubeMX version: 6.10.0
2026-02-08 13:52:15,276 [ERROR] AppliInfo:139 - Unknown STM32CubeMX version: 6.10.0
2026-02-08 13:52:15,276 [ERROR] AppliInfo:139 - Unknown STM32CubeMX version: 6.10.0
2026-02-08 13:52:15,276 [ERROR] AppliInfo:139 - Unknown STM32CubeMX version: 6.10.0
2026-02-08 13:52:15,276 [ERROR] AppliInfo:139 - Unknown STM32CubeMX version: 6.10.0
2026-02-08 13:52:15,277 [ERROR] AppliInfo:139 - Unknown STM32CubeMX version: 6.10.0
2026-02-08 13:52:15,277 [ERROR] AppliInfo:139 - Unknown STM32CubeMX version: 6.10.0
2026-02-08 13:52:15,277 [ERROR] AppliInfo:139 - Unknown STM32CubeMX version: 6.10.0
2026-02-08 13:52:15,277 [ERROR] AppliInfo:139 - Unknown STM32CubeMX version: 6.10.0
2026-02-08 13:52:15,277 [ERROR] AppliInfo:139 - Unknown STM32CubeMX version: 6.10.0
2026-02-08 13:52:15,278 [ERROR] AppliInfo:139 - Unknown STM32CubeMX version: 6.10.0
2026-02-08 13:52:15,278 [ERROR] AppliInfo:139 - Unknown STM32CubeMX version: 6.10.0
2026-02-08 13:52:15,278 [ERROR] AppliInfo:139 - Unknown STM32CubeMX version: 6.10.0
2026-02-08 13:52:15,278 [ERROR] AppliInfo:139 - Unknown STM32CubeMX version: 6.10.0
2026-02-08 13:52:15,278 [ERROR] AppliInfo:139 - Unknown STM32CubeMX version: 6.10.0
2026-02-08 13:52:15,279 [ERROR] AppliInfo:139 - Unknown STM32CubeMX version: 6.10.0
2026-02-08 13:52:15,279 [ERROR] AppliInfo:139 - Unknown STM32CubeMX version: 6.10.0
2026-02-08 13:52:15,279 [ERROR] AppliInfo:139 - Unknown STM32CubeMX version: 6.10.0
2026-02-08 13:52:15,279 [ERROR] AppliInfo:139 - Unknown STM32CubeMX version: 6.10.0
2026-02-08 13:52:15,280 [ERROR] AppliInfo:139 - Unknown STM32CubeMX version: 6.10.0
2026-02-08 13:52:15,280 [ERROR] AppliInfo:139 - Unknown STM32CubeMX version: 6.10.0
2026-02-08 13:52:15,280 [ERROR] AppliInfo:139 - Unknown STM32CubeMX version: 6.10.0
2026-02-08 13:52:15,280 [ERROR] AppliInfo:139 - Unknown STM32CubeMX version: 6.10.0
2026-02-08 13:52:15,280 [ERROR] AppliInfo:139 - Unknown STM32CubeMX version: 6.10.0
2026-02-08 13:52:15,281 [ERROR] AppliInfo:139 - Unknown STM32CubeMX version: 6.10.0
2026-02-08 13:52:15,281 [ERROR] AppliInfo:139 - Unknown STM32CubeMX version: 6.10.0
2026-02-08 13:52:15,281 [ERROR] AppliInfo:139 - Unknown STM32CubeMX version: 6.10.0
2026-02-08 13:52:15,281 [ERROR] AppliInfo:139 - Unknown STM32CubeMX version: 6.10.0
2026-02-08 13:52:15,281 [ERROR] AppliInfo:139 - Unknown STM32CubeMX version: 6.10.0
2026-02-08 13:52:15,282 [ERROR] AppliInfo:139 - Unknown STM32CubeMX version: 6.10.0
2026-02-08 13:52:15,282 [ERROR] AppliInfo:139 - Unknown STM32CubeMX version: 6.10.0
2026-02-08 13:52:15,282 [ERROR] AppliInfo:139 - Unknown STM32CubeMX version: 6.10.0
2026-02-08 13:52:15,282 [ERROR] AppliInfo:139 - Unknown STM32CubeMX version: 6.10.0
2026-02-08 13:52:15,282 [ERROR] AppliInfo:139 - Unknown STM32CubeMX version: 6.10.0
2026-02-08 13:52:15,283 [ERROR] AppliInfo:139 - Unknown STM32CubeMX version: 6.10.0
2026-02-08 13:52:15,283 [ERROR] AppliInfo:139 - Unknown STM32CubeMX version: 6.10.0
2026-02-08 13:52:15,283 [ERROR] AppliInfo:139 - Unknown STM32CubeMX version: 6.10.0
2026-02-08 13:52:15,283 [ERROR] AppliInfo:139 - Unknown STM32CubeMX version: 6.10.0
2026-02-08 13:52:15,284 [ERROR] AppliInfo:139 - Unknown STM32CubeMX version: 6.10.0
2026-02-08 13:52:15,284 [ERROR] AppliInfo:139 - Unknown STM32CubeMX version: 6.10.0
2026-02-08 13:52:15,284 [ERROR] AppliInfo:139 - Unknown STM32CubeMX version: 6.10.0
2026-02-08 13:52:15,284 [ERROR] AppliInfo:139 - Unknown STM32CubeMX version: 6.10.0
2026-02-08 13:52:15,284 [ERROR] AppliInfo:139 - Unknown STM32CubeMX version: 6.10.0
2026-02-08 13:52:15,285 [ERROR] AppliInfo:139 - Unknown STM32CubeMX version: 6.10.0
2026-02-08 13:52:15,285 [ERROR] AppliInfo:139 - Unknown STM32CubeMX version: 6.10.0
2026-02-08 13:52:15,285 [ERROR] AppliInfo:139 - Unknown STM32CubeMX version: 6.10.0
2026-02-08 13:52:15,285 [ERROR] AppliInfo:139 - Unknown STM32CubeMX version: 6.10.0
2026-02-08 13:52:15,285 [ERROR] AppliInfo:139 - Unknown STM32CubeMX version: 6.10.0
2026-02-08 13:52:15,286 [ERROR] AppliInfo:139 - Unknown STM32CubeMX version: 6.10.0
2026-02-08 13:52:15,286 [ERROR] AppliInfo:139 - Unknown STM32CubeMX version: 6.10.0
2026-02-08 13:52:15,286 [ERROR] AppliInfo:139 - Unknown STM32CubeMX version: 6.10.0
2026-02-08 13:52:15,286 [ERROR] AppliInfo:139 - Unknown STM32CubeMX version: 6.10.0
2026-02-08 13:52:15,286 [ERROR] AppliInfo:139 - Unknown STM32CubeMX version: 6.10.0
2026-02-08 13:52:15,286 [ERROR] AppliInfo:139 - Unknown STM32CubeMX version: 6.10.0
2026-02-08 13:52:15,287 [ERROR] AppliInfo:139 - Unknown STM32CubeMX version: 6.10.0
2026-02-08 13:52:15,287 [ERROR] AppliInfo:139 - Unknown STM32CubeMX version: 6.10.0
2026-02-08 13:52:15,287 [ERROR] AppliInfo:139 - Unknown STM32CubeMX version: 6.10.0
2026-02-08 13:52:15,287 [ERROR] AppliInfo:139 - Unknown STM32CubeMX version: 6.10.0
2026-02-08 13:52:15,288 [ERROR] AppliInfo:139 - Unknown STM32CubeMX version: 6.10.0
2026-02-08 13:52:15,288 [ERROR] AppliInfo:139 - Unknown STM32CubeMX version: 6.10.0
2026-02-08 13:52:15,288 [ERROR] AppliInfo:139 - Unknown STM32CubeMX version: 6.10.0
2026-02-08 13:52:15,288 [ERROR] AppliInfo:139 - Unknown STM32CubeMX version: 6.10.0
2026-02-08 13:52:15,288 [ERROR] AppliInfo:139 - Unknown STM32CubeMX version: 6.10.0
2026-02-08 13:52:15,289 [ERROR] AppliInfo:139 - Unknown STM32CubeMX version: 6.10.0
2026-02-08 13:52:15,289 [ERROR] AppliInfo:139 - Unknown STM32CubeMX version: 6.10.0
2026-02-08 13:52:15,290 [ERROR] AppliInfo:139 - Unknown STM32CubeMX version: 6.10.0
2026-02-08 13:52:15,290 [ERROR] AppliInfo:139 - Unknown STM32CubeMX version: 6.10.0
2026-02-08 13:52:15,290 [ERROR] AppliInfo:139 - Unknown STM32CubeMX version: 6.10.0
2026-02-08 13:52:15,290 [ERROR] AppliInfo:139 - Unknown STM32CubeMX version: 6.10.0
2026-02-08 13:52:15,290 [ERROR] AppliInfo:139 - Unknown STM32CubeMX version: 6.10.0
2026-02-08 13:52:15,291 [ERROR] AppliInfo:139 - Unknown STM32CubeMX version: 6.10.0
2026-02-08 13:52:15,291 [ERROR] AppliInfo:139 - Unknown STM32CubeMX version: 6.10.0
2026-02-08 13:52:15,291 [ERROR] AppliInfo:139 - Unknown STM32CubeMX version: 6.10.0
2026-02-08 13:52:15,291 [ERROR] AppliInfo:139 - Unknown STM32CubeMX version: 6.10.0
2026-02-08 13:52:15,291 [ERROR] AppliInfo:139 - Unknown STM32CubeMX version: 6.10.0
2026-02-08 13:52:15,292 [ERROR] AppliInfo:139 - Unknown STM32CubeMX version: 6.10.0
2026-02-08 13:52:15,292 [ERROR] AppliInfo:139 - Unknown STM32CubeMX version: 6.10.0
2026-02-08 13:52:15,292 [ERROR] AppliInfo:139 - Unknown STM32CubeMX version: 6.10.0
2026-02-08 13:52:15,292 [ERROR] AppliInfo:139 - Unknown STM32CubeMX version: 6.10.0
2026-02-08 13:52:15,293 [ERROR] AppliInfo:139 - Unknown STM32CubeMX version: 6.10.0
2026-02-08 13:52:15,293 [ERROR] AppliInfo:139 - Unknown STM32CubeMX version: 6.10.0
2026-02-08 13:52:15,293 [ERROR] AppliInfo:139 - Unknown STM32CubeMX version: 6.10.0
2026-02-08 13:52:15,293 [ERROR] AppliInfo:139 - Unknown STM32CubeMX version: 6.10.0
2026-02-08 13:52:15,293 [ERROR] AppliInfo:139 - Unknown STM32CubeMX version: 6.10.0
2026-02-08 13:52:15,294 [ERROR] AppliInfo:139 - Unknown STM32CubeMX version: 6.10.0
2026-02-08 13:52:15,294 [ERROR] AppliInfo:139 - Unknown STM32CubeMX version: 6.10.0
2026-02-08 13:52:15,294 [ERROR] AppliInfo:139 - Unknown STM32CubeMX version: 6.10.0
2026-02-08 13:52:15,294 [ERROR] AppliInfo:139 - Unknown STM32CubeMX version: 6.10.0
2026-02-08 13:52:15,294 [ERROR] AppliInfo:139 - Unknown STM32CubeMX version: 6.10.0
2026-02-08 13:52:15,295 [ERROR] AppliInfo:139 - Unknown STM32CubeMX version: 6.10.0
2026-02-08 13:52:15,295 [ERROR] AppliInfo:139 - Unknown STM32CubeMX version: 6.10.0
2026-02-08 13:52:15,296 [ERROR] AppliInfo:139 - Unknown STM32CubeMX version: 6.10.0
2026-02-08 13:52:15,296 [ERROR] AppliInfo:139 - Unknown STM32CubeMX version: 6.10.0
2026-02-08 13:52:15,296 [ERROR] AppliInfo:139 - Unknown STM32CubeMX version: 6.10.0
2026-02-08 13:52:15,297 [ERROR] AppliInfo:139 - Unknown STM32CubeMX version: 6.10.0
2026-02-08 13:52:15,297 [ERROR] AppliInfo:139 - Unknown STM32CubeMX version: 6.10.0
2026-02-08 13:52:15,297 [ERROR] AppliInfo:139 - Unknown STM32CubeMX version: 6.10.0
2026-02-08 13:52:15,298 [ERROR] AppliInfo:139 - Unknown STM32CubeMX version: 6.10.0
2026-02-08 13:52:15,298 [ERROR] AppliInfo:139 - Unknown STM32CubeMX version: 6.10.0
2026-02-08 13:52:15,298 [ERROR] AppliInfo:139 - Unknown STM32CubeMX version: 6.10.0
2026-02-08 13:52:15,298 [ERROR] AppliInfo:139 - Unknown STM32CubeMX version: 6.10.0
2026-02-08 13:52:15,298 [ERROR] AppliInfo:139 - Unknown STM32CubeMX version: 6.10.0
2026-02-08 13:52:15,299 [ERROR] AppliInfo:139 - Unknown STM32CubeMX version: 6.10.0
2026-02-08 13:52:15,299 [ERROR] AppliInfo:139 - Unknown STM32CubeMX version: 6.10.0
2026-02-08 13:52:15,299 [ERROR] AppliInfo:139 - Unknown STM32CubeMX version: 6.10.0
2026-02-08 13:52:15,299 [ERROR] AppliInfo:139 - Unknown STM32CubeMX version: 6.10.0
2026-02-08 13:52:15,300 [ERROR] AppliInfo:139 - Unknown STM32CubeMX version: 6.10.0
2026-02-08 13:52:15,300 [ERROR] AppliInfo:139 - Unknown STM32CubeMX version: 6.10.0
2026-02-08 13:52:15,300 [ERROR] AppliInfo:139 - Unknown STM32CubeMX version: 6.10.0
2026-02-08 13:52:15,300 [ERROR] AppliInfo:139 - Unknown STM32CubeMX version: 6.10.0
2026-02-08 13:52:15,301 [ERROR] AppliInfo:139 - Unknown STM32CubeMX version: 6.10.0
2026-02-08 13:52:15,301 [ERROR] AppliInfo:139 - Unknown STM32CubeMX version: 6.10.0
2026-02-08 13:52:15,301 [ERROR] AppliInfo:139 - Unknown STM32CubeMX version: 6.10.0
2026-02-08 13:52:15,301 [ERROR] AppliInfo:139 - Unknown STM32CubeMX version: 6.10.0
2026-02-08 13:52:15,302 [ERROR] AppliInfo:139 - Unknown STM32CubeMX version: 6.10.0
2026-02-08 13:52:15,302 [ERROR] AppliInfo:139 - Unknown STM32CubeMX version: 6.10.0
2026-02-08 13:52:15,302 [ERROR] AppliInfo:139 - Unknown STM32CubeMX version: 6.10.0
2026-02-08 13:52:15,302 [ERROR] AppliInfo:139 - Unknown STM32CubeMX version: 6.10.0
2026-02-08 13:52:15,302 [ERROR] AppliInfo:139 - Unknown STM32CubeMX version: 6.10.0
2026-02-08 13:52:15,302 [ERROR] AppliInfo:139 - Unknown STM32CubeMX version: 6.10.0
2026-02-08 13:52:15,302 [ERROR] AppliInfo:139 - Unknown STM32CubeMX version: 6.10.0
2026-02-08 13:52:15,303 [ERROR] AppliInfo:139 - Unknown STM32CubeMX version: 6.10.0
2026-02-08 13:52:15,303 [ERROR] AppliInfo:139 - Unknown STM32CubeMX version: 6.10.0
2026-02-08 13:52:15,303 [ERROR] AppliInfo:139 - Unknown STM32CubeMX version: 6.10.0
2026-02-08 13:52:15,303 [ERROR] AppliInfo:139 - Unknown STM32CubeMX version: 6.10.0
2026-02-08 13:52:15,303 [ERROR] AppliInfo:139 - Unknown STM32CubeMX version: 6.10.0
2026-02-08 13:52:15,303 [ERROR] AppliInfo:139 - Unknown STM32CubeMX version: 6.10.0
2026-02-08 13:52:15,303 [ERROR] AppliInfo:139 - Unknown STM32CubeMX version: 6.10.0
2026-02-08 13:52:15,304 [ERROR] AppliInfo:139 - Unknown STM32CubeMX version: 6.10.0
2026-02-08 13:52:15,304 [ERROR] AppliInfo:139 - Unknown STM32CubeMX version: 6.10.0
2026-02-08 13:52:15,304 [ERROR] AppliInfo:139 - Unknown STM32CubeMX version: 6.10.0
2026-02-08 13:52:15,304 [ERROR] AppliInfo:139 - Unknown STM32CubeMX version: 6.10.0
2026-02-08 13:52:15,304 [ERROR] AppliInfo:139 - Unknown STM32CubeMX version: 6.10.0
2026-02-08 13:52:15,304 [ERROR] AppliInfo:139 - Unknown STM32CubeMX version: 6.10.0
2026-02-08 13:52:15,305 [ERROR] AppliInfo:139 - Unknown STM32CubeMX version: 6.10.0
2026-02-08 13:52:15,305 [ERROR] AppliInfo:139 - Unknown STM32CubeMX version: 6.10.0
2026-02-08 13:52:15,305 [ERROR] AppliInfo:139 - Unknown STM32CubeMX version: 6.10.0
2026-02-08 13:52:15,306 [ERROR] AppliInfo:139 - Unknown STM32CubeMX version: 6.10.0
2026-02-08 13:52:15,306 [ERROR] AppliInfo:139 - Unknown STM32CubeMX version: 6.10.0
2026-02-08 13:52:15,306 [ERROR] AppliInfo:139 - Unknown STM32CubeMX version: 6.10.0
2026-02-08 13:52:15,306 [ERROR] AppliInfo:139 - Unknown STM32CubeMX version: 6.10.0
2026-02-08 13:52:15,306 [ERROR] AppliInfo:139 - Unknown STM32CubeMX version: 6.10.0
2026-02-08 13:52:15,307 [ERROR] AppliInfo:139 - Unknown STM32CubeMX version: 6.10.0
2026-02-08 13:52:15,307 [ERROR] AppliInfo:139 - Unknown STM32CubeMX version: 6.10.0
2026-02-08 13:52:15,307 [ERROR] AppliInfo:139 - Unknown STM32CubeMX version: 6.10.0
2026-02-08 13:52:15,307 [ERROR] AppliInfo:139 - Unknown STM32CubeMX version: 6.10.0
2026-02-08 13:52:15,307 [ERROR] AppliInfo:139 - Unknown STM32CubeMX version: 6.10.0
2026-02-08 13:52:15,308 [ERROR] AppliInfo:139 - Unknown STM32CubeMX version: 6.10.0
2026-02-08 13:52:15,308 [ERROR] AppliInfo:139 - Unknown STM32CubeMX version: 6.10.0
2026-02-08 13:52:15,308 [ERROR] AppliInfo:139 - Unknown STM32CubeMX version: 6.10.0
2026-02-08 13:52:15,309 [ERROR] AppliInfo:139 - Unknown STM32CubeMX version: 6.10.0
2026-02-08 13:52:15,309 [ERROR] AppliInfo:139 - Unknown STM32CubeMX version: 6.10.0
2026-02-08 13:52:15,309 [ERROR] AppliInfo:139 - Unknown STM32CubeMX version: 6.10.0
2026-02-08 13:52:15,309 [ERROR] AppliInfo:139 - Unknown STM32CubeMX version: 6.10.0
2026-02-08 13:52:15,310 [ERROR] AppliInfo:139 - Unknown STM32CubeMX version: 6.10.0
2026-02-08 13:52:15,310 [ERROR] AppliInfo:139 - Unknown STM32CubeMX version: 6.10.0
2026-02-08 13:52:15,318 [ERROR] AppliInfo:139 - Unknown STM32CubeMX version: 6.10.0
2026-02-08 13:52:15,319 [ERROR] AppliInfo:139 - Unknown STM32CubeMX version: 6.10.0
2026-02-08 13:52:15,319 [ERROR] AppliInfo:139 - Unknown STM32CubeMX version: 6.10.0
2026-02-08 13:52:15,319 [ERROR] AppliInfo:139 - Unknown STM32CubeMX version: 6.10.0
2026-02-08 13:52:15,319 [ERROR] AppliInfo:139 - Unknown STM32CubeMX version: 6.10.0
2026-02-08 13:52:15,319 [ERROR] AppliInfo:139 - Unknown STM32CubeMX version: 6.10.0
2026-02-08 13:52:15,319 [ERROR] AppliInfo:139 - Unknown STM32CubeMX version: 6.10.0
2026-02-08 13:52:15,320 [ERROR] AppliInfo:139 - Unknown STM32CubeMX version: 6.10.0
2026-02-08 13:52:15,320 [ERROR] AppliInfo:139 - Unknown STM32CubeMX version: 6.10.0
2026-02-08 13:52:15,320 [ERROR] AppliInfo:139 - Unknown STM32CubeMX version: 6.10.0
2026-02-08 13:52:15,320 [ERROR] AppliInfo:139 - Unknown STM32CubeMX version: 6.10.0
2026-02-08 13:52:15,320 [ERROR] AppliInfo:139 - Unknown STM32CubeMX version: 6.10.0
2026-02-08 13:52:15,320 [ERROR] AppliInfo:139 - Unknown STM32CubeMX version: 6.10.0
2026-02-08 13:52:15,320 [ERROR] AppliInfo:139 - Unknown STM32CubeMX version: 6.10.0
2026-02-08 13:52:15,320 [ERROR] AppliInfo:139 - Unknown STM32CubeMX version: 6.10.0
2026-02-08 13:52:15,321 [ERROR] AppliInfo:139 - Unknown STM32CubeMX version: 6.10.0
2026-02-08 13:52:15,321 [ERROR] AppliInfo:139 - Unknown STM32CubeMX version: 6.10.0
2026-02-08 13:52:15,321 [ERROR] AppliInfo:139 - Unknown STM32CubeMX version: 6.10.0
2026-02-08 13:52:15,321 [ERROR] AppliInfo:139 - Unknown STM32CubeMX version: 6.10.0
2026-02-08 13:52:15,321 [ERROR] AppliInfo:139 - Unknown STM32CubeMX version: 6.10.0
2026-02-08 13:52:15,321 [ERROR] AppliInfo:139 - Unknown STM32CubeMX version: 6.10.0
2026-02-08 13:52:15,321 [ERROR] AppliInfo:139 - Unknown STM32CubeMX version: 6.10.0
2026-02-08 13:52:15,322 [ERROR] AppliInfo:139 - Unknown STM32CubeMX version: 6.10.0
2026-02-08 13:52:15,322 [ERROR] AppliInfo:139 - Unknown STM32CubeMX version: 6.10.0
2026-02-08 13:52:15,322 [ERROR] AppliInfo:139 - Unknown STM32CubeMX version: 6.10.0
2026-02-08 13:52:15,322 [ERROR] AppliInfo:139 - Unknown STM32CubeMX version: 6.10.0
2026-02-08 13:52:15,322 [ERROR] AppliInfo:139 - Unknown STM32CubeMX version: 6.10.0
2026-02-08 13:52:15,322 [ERROR] AppliInfo:139 - Unknown STM32CubeMX version: 6.10.0
2026-02-08 13:52:15,323 [ERROR] AppliInfo:139 - Unknown STM32CubeMX version: 6.10.0
2026-02-08 13:52:15,323 [ERROR] AppliInfo:139 - Unknown STM32CubeMX version: 6.10.0
2026-02-08 13:52:15,323 [ERROR] AppliInfo:139 - Unknown STM32CubeMX version: 6.10.0
2026-02-08 13:52:15,323 [ERROR] AppliInfo:139 - Unknown STM32CubeMX version: 6.10.0
2026-02-08 13:52:15,323 [ERROR] AppliInfo:139 - Unknown STM32CubeMX version: 6.10.0
2026-02-08 13:52:15,324 [ERROR] AppliInfo:139 - Unknown STM32CubeMX version: 6.10.0
2026-02-08 13:52:15,324 [ERROR] AppliInfo:139 - Unknown STM32CubeMX version: 6.10.0
2026-02-08 13:52:15,324 [ERROR] AppliInfo:139 - Unknown STM32CubeMX version: 6.10.0
2026-02-08 13:52:15,325 [ERROR] AppliInfo:139 - Unknown STM32CubeMX version: 6.10.0
2026-02-08 13:52:15,325 [ERROR] AppliInfo:139 - Unknown STM32CubeMX version: 6.10.0
2026-02-08 13:52:15,325 [ERROR] AppliInfo:139 - Unknown STM32CubeMX version: 6.10.0
2026-02-08 13:52:15,325 [ERROR] AppliInfo:139 - Unknown STM32CubeMX version: 6.10.0
2026-02-08 13:52:15,325 [ERROR] AppliInfo:139 - Unknown STM32CubeMX version: 6.10.0
2026-02-08 13:52:15,325 [ERROR] AppliInfo:139 - Unknown STM32CubeMX version: 6.10.0
2026-02-08 13:52:15,325 [ERROR] AppliInfo:139 - Unknown STM32CubeMX version: 6.10.0
2026-02-08 13:52:15,326 [ERROR] AppliInfo:139 - Unknown STM32CubeMX version: 6.10.0
2026-02-08 13:52:15,326 [ERROR] AppliInfo:139 - Unknown STM32CubeMX version: 6.10.0
2026-02-08 13:52:15,326 [ERROR] AppliInfo:139 - Unknown STM32CubeMX version: 6.10.0
2026-02-08 13:52:15,326 [ERROR] AppliInfo:139 - Unknown STM32CubeMX version: 6.10.0
2026-02-08 13:52:15,326 [ERROR] AppliInfo:139 - Unknown STM32CubeMX version: 6.10.0
2026-02-08 13:52:15,326 [ERROR] AppliInfo:139 - Unknown STM32CubeMX version: 6.10.0
2026-02-08 13:52:15,326 [ERROR] AppliInfo:139 - Unknown STM32CubeMX version: 6.10.0
2026-02-08 13:52:15,327 [ERROR] AppliInfo:139 - Unknown STM32CubeMX version: 6.10.0
2026-02-08 13:52:15,327 [ERROR] AppliInfo:139 - Unknown STM32CubeMX version: 6.10.0
2026-02-08 13:52:15,327 [ERROR] AppliInfo:139 - Unknown STM32CubeMX version: 6.10.0
2026-02-08 13:52:15,327 [ERROR] AppliInfo:139 - Unknown STM32CubeMX version: 6.10.0
2026-02-08 13:52:15,327 [ERROR] AppliInfo:139 - Unknown STM32CubeMX version: 6.10.0
2026-02-08 13:52:15,327 [ERROR] AppliInfo:139 - Unknown STM32CubeMX version: 6.10.0
2026-02-08 13:52:15,327 [ERROR] AppliInfo:139 - Unknown STM32CubeMX version: 6.10.0
2026-02-08 13:52:15,327 [ERROR] AppliInfo:139 - Unknown STM32CubeMX version: 6.10.0
2026-02-08 13:52:15,328 [ERROR] AppliInfo:139 - Unknown STM32CubeMX version: 6.10.0
2026-02-08 13:52:15,328 [ERROR] AppliInfo:139 - Unknown STM32CubeMX version: 6.10.0
2026-02-08 13:52:15,328 [ERROR] AppliInfo:139 - Unknown STM32CubeMX version: 6.10.0
2026-02-08 13:52:15,328 [ERROR] AppliInfo:139 - Unknown STM32CubeMX version: 6.10.0
2026-02-08 13:52:15,328 [ERROR] AppliInfo:139 - Unknown STM32CubeMX version: 6.10.0
2026-02-08 13:52:15,328 [ERROR] AppliInfo:139 - Unknown STM32CubeMX version: 6.10.0
2026-02-08 13:52:15,328 [ERROR] AppliInfo:139 - Unknown STM32CubeMX version: 6.10.0
2026-02-08 13:52:15,329 [ERROR] AppliInfo:139 - Unknown STM32CubeMX version: 6.10.0
2026-02-08 13:52:15,329 [ERROR] AppliInfo:139 - Unknown STM32CubeMX version: 6.10.0
2026-02-08 13:52:15,329 [ERROR] AppliInfo:139 - Unknown STM32CubeMX version: 6.10.0
2026-02-08 13:52:15,329 [ERROR] AppliInfo:139 - Unknown STM32CubeMX version: 6.10.0
2026-02-08 13:52:15,329 [ERROR] AppliInfo:139 - Unknown STM32CubeMX version: 6.10.0
2026-02-08 13:52:15,329 [ERROR] AppliInfo:139 - Unknown STM32CubeMX version: 6.10.0
2026-02-08 13:52:15,329 [ERROR] AppliInfo:139 - Unknown STM32CubeMX version: 6.10.0
2026-02-08 13:52:15,329 [ERROR] AppliInfo:139 - Unknown STM32CubeMX version: 6.10.0
2026-02-08 13:52:15,330 [ERROR] AppliInfo:139 - Unknown STM32CubeMX version: 6.10.0
2026-02-08 13:52:15,330 [ERROR] AppliInfo:139 - Unknown STM32CubeMX version: 6.10.0
2026-02-08 13:52:15,330 [ERROR] AppliInfo:139 - Unknown STM32CubeMX version: 6.10.0
2026-02-08 13:52:15,330 [ERROR] AppliInfo:139 - Unknown STM32CubeMX version: 6.10.0
2026-02-08 13:52:15,330 [ERROR] AppliInfo:139 - Unknown STM32CubeMX version: 6.10.0
2026-02-08 13:52:15,330 [ERROR] AppliInfo:139 - Unknown STM32CubeMX version: 6.10.0
2026-02-08 13:52:15,330 [ERROR] AppliInfo:139 - Unknown STM32CubeMX version: 6.10.0
2026-02-08 13:52:15,330 [ERROR] AppliInfo:139 - Unknown STM32CubeMX version: 6.10.0
2026-02-08 13:52:15,331 [ERROR] AppliInfo:139 - Unknown STM32CubeMX version: 6.10.0
2026-02-08 13:52:15,331 [ERROR] AppliInfo:139 - Unknown STM32CubeMX version: 6.10.0
2026-02-08 13:52:15,331 [ERROR] AppliInfo:139 - Unknown STM32CubeMX version: 6.10.0
2026-02-08 13:52:15,331 [ERROR] AppliInfo:139 - Unknown STM32CubeMX version: 6.10.0
2026-02-08 13:52:15,331 [ERROR] AppliInfo:139 - Unknown STM32CubeMX version: 6.10.0
2026-02-08 13:52:15,331 [ERROR] AppliInfo:139 - Unknown STM32CubeMX version: 6.10.0
2026-02-08 13:52:15,331 [ERROR] AppliInfo:139 - Unknown STM32CubeMX version: 6.10.0
2026-02-08 13:52:15,331 [ERROR] AppliInfo:139 - Unknown STM32CubeMX version: 6.10.0
2026-02-08 13:52:15,332 [ERROR] AppliInfo:139 - Unknown STM32CubeMX version: 6.10.0
2026-02-08 13:52:15,332 [ERROR] AppliInfo:139 - Unknown STM32CubeMX version: 6.10.0
2026-02-08 13:52:15,332 [ERROR] AppliInfo:139 - Unknown STM32CubeMX version: 6.10.0
2026-02-08 13:52:15,332 [ERROR] AppliInfo:139 - Unknown STM32CubeMX version: 6.10.0
2026-02-08 13:52:15,332 [ERROR] AppliInfo:139 - Unknown STM32CubeMX version: 6.10.0
2026-02-08 13:52:15,332 [ERROR] AppliInfo:139 - Unknown STM32CubeMX version: 6.10.0
2026-02-08 13:52:15,332 [ERROR] AppliInfo:139 - Unknown STM32CubeMX version: 6.10.0
2026-02-08 13:52:15,333 [ERROR] AppliInfo:139 - Unknown STM32CubeMX version: 6.10.0
2026-02-08 13:52:15,333 [ERROR] AppliInfo:139 - Unknown STM32CubeMX version: 6.10.0
2026-02-08 13:52:15,333 [ERROR] AppliInfo:139 - Unknown STM32CubeMX version: 6.10.0
2026-02-08 13:52:15,333 [ERROR] AppliInfo:139 - Unknown STM32CubeMX version: 6.10.0
2026-02-08 13:52:15,334 [ERROR] AppliInfo:139 - Unknown STM32CubeMX version: 6.10.0
2026-02-08 13:52:15,334 [ERROR] AppliInfo:139 - Unknown STM32CubeMX version: 6.10.0
2026-02-08 13:52:15,334 [ERROR] AppliInfo:139 - Unknown STM32CubeMX version: 6.10.0
2026-02-08 13:52:15,334 [ERROR] AppliInfo:139 - Unknown STM32CubeMX version: 6.10.0
2026-02-08 13:52:15,334 [ERROR] AppliInfo:139 - Unknown STM32CubeMX version: 6.10.0
2026-02-08 13:52:15,334 [ERROR] AppliInfo:139 - Unknown STM32CubeMX version: 6.10.0
2026-02-08 13:52:15,334 [ERROR] AppliInfo:139 - Unknown STM32CubeMX version: 6.10.0
2026-02-08 13:52:15,334 [ERROR] AppliInfo:139 - Unknown STM32CubeMX version: 6.10.0
2026-02-08 13:52:15,335 [ERROR] AppliInfo:139 - Unknown STM32CubeMX version: 6.10.0
2026-02-08 13:52:15,335 [ERROR] AppliInfo:139 - Unknown STM32CubeMX version: 6.10.0
2026-02-08 13:52:15,335 [ERROR] AppliInfo:139 - Unknown STM32CubeMX version: 6.10.0
2026-02-08 13:52:15,335 [ERROR] AppliInfo:139 - Unknown STM32CubeMX version: 6.12.0
2026-02-08 13:52:15,335 [ERROR] AppliInfo:139 - Unknown STM32CubeMX version: 6.10.0
2026-02-08 13:52:15,335 [ERROR] AppliInfo:139 - Unknown STM32CubeMX version: 6.10.0
2026-02-08 13:52:15,335 [ERROR] AppliInfo:139 - Unknown STM32CubeMX version: 6.10.0
2026-02-08 13:52:15,336 [ERROR] AppliInfo:139 - Unknown STM32CubeMX version: 6.10.0
2026-02-08 13:52:15,336 [ERROR] AppliInfo:139 - Unknown STM32CubeMX version: 6.10.0
2026-02-08 13:52:15,336 [ERROR] AppliInfo:139 - Unknown STM32CubeMX version: 6.10.0
2026-02-08 13:52:15,336 [ERROR] AppliInfo:139 - Unknown STM32CubeMX version: 6.10.0
2026-02-08 13:52:15,336 [ERROR] AppliInfo:139 - Unknown STM32CubeMX version: 6.10.0
2026-02-08 13:52:15,336 [ERROR] AppliInfo:139 - Unknown STM32CubeMX version: 6.10.0
2026-02-08 13:52:15,336 [ERROR] AppliInfo:139 - Unknown STM32CubeMX version: 6.10.0
2026-02-08 13:52:15,336 [ERROR] AppliInfo:139 - Unknown STM32CubeMX version: 6.10.0
2026-02-08 13:52:15,337 [ERROR] AppliInfo:139 - Unknown STM32CubeMX version: 6.10.0
2026-02-08 13:52:15,337 [ERROR] AppliInfo:139 - Unknown STM32CubeMX version: 6.10.0
2026-02-08 13:52:15,337 [ERROR] AppliInfo:139 - Unknown STM32CubeMX version: 6.10.0
2026-02-08 13:52:15,337 [ERROR] AppliInfo:139 - Unknown STM32CubeMX version: 6.10.0
2026-02-08 13:52:15,337 [ERROR] AppliInfo:139 - Unknown STM32CubeMX version: 6.10.0
2026-02-08 13:52:15,337 [ERROR] AppliInfo:139 - Unknown STM32CubeMX version: 6.10.0
2026-02-08 13:52:15,337 [ERROR] AppliInfo:139 - Unknown STM32CubeMX version: 6.10.0
2026-02-08 13:52:15,337 [ERROR] AppliInfo:139 - Unknown STM32CubeMX version: 6.10.0
2026-02-08 13:52:15,338 [ERROR] AppliInfo:139 - Unknown STM32CubeMX version: 6.10.0
2026-02-08 13:52:15,338 [ERROR] AppliInfo:139 - Unknown STM32CubeMX version: 6.10.0
2026-02-08 13:52:15,338 [ERROR] AppliInfo:139 - Unknown STM32CubeMX version: 6.10.0
2026-02-08 13:52:15,338 [ERROR] AppliInfo:139 - Unknown STM32CubeMX version: 6.10.0
2026-02-08 13:52:15,338 [ERROR] AppliInfo:139 - Unknown STM32CubeMX version: 6.10.0
2026-02-08 13:52:15,338 [ERROR] AppliInfo:139 - Unknown STM32CubeMX version: 6.10.0
2026-02-08 13:52:15,338 [ERROR] AppliInfo:139 - Unknown STM32CubeMX version: 6.10.0
2026-02-08 13:52:15,338 [ERROR] AppliInfo:139 - Unknown STM32CubeMX version: 6.10.0
2026-02-08 13:52:15,339 [ERROR] AppliInfo:139 - Unknown STM32CubeMX version: 6.10.0
2026-02-08 13:52:15,339 [ERROR] AppliInfo:139 - Unknown STM32CubeMX version: 6.10.0
2026-02-08 13:52:15,339 [ERROR] AppliInfo:139 - Unknown STM32CubeMX version: 6.10.0
2026-02-08 13:52:15,339 [ERROR] AppliInfo:139 - Unknown STM32CubeMX version: 6.10.0
2026-02-08 13:52:15,339 [ERROR] AppliInfo:139 - Unknown STM32CubeMX version: 6.10.0
2026-02-08 13:52:15,339 [ERROR] AppliInfo:139 - Unknown STM32CubeMX version: 6.10.0
2026-02-08 13:52:15,339 [ERROR] AppliInfo:139 - Unknown STM32CubeMX version: 6.10.0
2026-02-08 13:52:15,340 [ERROR] AppliInfo:139 - Unknown STM32CubeMX version: 6.10.0
2026-02-08 13:52:15,340 [ERROR] AppliInfo:139 - Unknown STM32CubeMX version: 6.10.0
2026-02-08 13:52:15,340 [ERROR] AppliInfo:139 - Unknown STM32CubeMX version: 6.10.0
2026-02-08 13:52:15,340 [ERROR] AppliInfo:139 - Unknown STM32CubeMX version: 6.10.0
2026-02-08 13:52:15,341 [ERROR] AppliInfo:139 - Unknown STM32CubeMX version: 6.10.0
2026-02-08 13:52:15,341 [ERROR] AppliInfo:139 - Unknown STM32CubeMX version: 6.10.0
2026-02-08 13:52:15,341 [ERROR] AppliInfo:139 - Unknown STM32CubeMX version: 6.10.0
2026-02-08 13:52:15,341 [ERROR] AppliInfo:139 - Unknown STM32CubeMX version: 6.10.0
2026-02-08 13:52:15,341 [ERROR] AppliInfo:139 - Unknown STM32CubeMX version: 6.10.0
2026-02-08 13:52:15,342 [ERROR] AppliInfo:139 - Unknown STM32CubeMX version: 6.10.0
2026-02-08 13:52:15,342 [ERROR] AppliInfo:139 - Unknown STM32CubeMX version: 6.10.0
2026-02-08 13:52:15,342 [ERROR] AppliInfo:139 - Unknown STM32CubeMX version: 6.10.0
2026-02-08 13:52:15,342 [ERROR] AppliInfo:139 - Unknown STM32CubeMX version: 6.10.0
2026-02-08 13:52:15,342 [ERROR] AppliInfo:139 - Unknown STM32CubeMX version: 6.10.0
2026-02-08 13:52:15,343 [ERROR] AppliInfo:139 - Unknown STM32CubeMX version: 6.10.0
2026-02-08 13:52:15,343 [ERROR] AppliInfo:139 - Unknown STM32CubeMX version: 6.10.0
2026-02-08 13:52:15,343 [ERROR] AppliInfo:139 - Unknown STM32CubeMX version: 6.10.0
2026-02-08 13:52:15,343 [ERROR] AppliInfo:139 - Unknown STM32CubeMX version: 6.10.0
2026-02-08 13:52:15,343 [ERROR] AppliInfo:139 - Unknown STM32CubeMX version: 6.10.0
2026-02-08 13:52:15,343 [ERROR] AppliInfo:139 - Unknown STM32CubeMX version: 6.10.0
2026-02-08 13:52:15,343 [ERROR] AppliInfo:139 - Unknown STM32CubeMX version: 6.10.0
2026-02-08 13:52:15,344 [ERROR] AppliInfo:139 - Unknown STM32CubeMX version: 6.10.0
2026-02-08 13:52:15,344 [ERROR] AppliInfo:139 - Unknown STM32CubeMX version: 6.10.0
2026-02-08 13:52:15,344 [ERROR] AppliInfo:139 - Unknown STM32CubeMX version: 6.10.0
2026-02-08 13:52:15,344 [ERROR] AppliInfo:139 - Unknown STM32CubeMX version: 6.10.0
2026-02-08 13:52:15,344 [ERROR] AppliInfo:139 - Unknown STM32CubeMX version: 6.10.0
2026-02-08 13:52:15,344 [ERROR] AppliInfo:139 - Unknown STM32CubeMX version: 6.10.0
2026-02-08 13:52:15,344 [ERROR] AppliInfo:139 - Unknown STM32CubeMX version: 6.10.0
2026-02-08 13:52:15,344 [ERROR] AppliInfo:139 - Unknown STM32CubeMX version: 6.10.0
2026-02-08 13:52:15,345 [ERROR] AppliInfo:139 - Unknown STM32CubeMX version: 6.10.0
2026-02-08 13:52:15,345 [ERROR] AppliInfo:139 - Unknown STM32CubeMX version: 6.10.0
2026-02-08 13:52:15,345 [ERROR] AppliInfo:139 - Unknown STM32CubeMX version: 6.10.0
2026-02-08 13:52:15,345 [ERROR] AppliInfo:139 - Unknown STM32CubeMX version: 6.10.0
2026-02-08 13:52:15,345 [ERROR] AppliInfo:139 - Unknown STM32CubeMX version: 6.10.0
2026-02-08 13:52:15,345 [ERROR] AppliInfo:139 - Unknown STM32CubeMX version: 6.10.0
2026-02-08 13:52:15,345 [ERROR] AppliInfo:139 - Unknown STM32CubeMX version: 6.10.0
2026-02-08 13:52:15,346 [ERROR] AppliInfo:139 - Unknown STM32CubeMX version: 6.10.0
2026-02-08 13:52:15,346 [ERROR] AppliInfo:139 - Unknown STM32CubeMX version: 6.10.0
2026-02-08 13:52:15,346 [ERROR] AppliInfo:139 - Unknown STM32CubeMX version: 6.10.0
2026-02-08 13:52:15,346 [ERROR] AppliInfo:139 - Unknown STM32CubeMX version: 6.10.0
2026-02-08 13:52:15,346 [ERROR] AppliInfo:139 - Unknown STM32CubeMX version: 6.10.0
2026-02-08 13:52:15,346 [ERROR] AppliInfo:139 - Unknown STM32CubeMX version: 6.10.0
2026-02-08 13:52:15,346 [ERROR] AppliInfo:139 - Unknown STM32CubeMX version: 6.10.0
2026-02-08 13:52:15,347 [ERROR] AppliInfo:139 - Unknown STM32CubeMX version: 6.10.0
2026-02-08 13:52:15,347 [ERROR] AppliInfo:139 - Unknown STM32CubeMX version: 6.10.0
2026-02-08 13:52:15,347 [ERROR] AppliInfo:139 - Unknown STM32CubeMX version: 6.10.0
2026-02-08 13:52:15,347 [ERROR] AppliInfo:139 - Unknown STM32CubeMX version: 6.10.0
2026-02-08 13:52:15,347 [ERROR] AppliInfo:139 - Unknown STM32CubeMX version: 6.10.0
2026-02-08 13:52:15,347 [ERROR] AppliInfo:139 - Unknown STM32CubeMX version: 6.10.0
2026-02-08 13:52:15,347 [ERROR] AppliInfo:139 - Unknown STM32CubeMX version: 6.10.0
2026-02-08 13:52:15,347 [ERROR] AppliInfo:139 - Unknown STM32CubeMX version: 6.10.0
2026-02-08 13:52:15,348 [ERROR] AppliInfo:139 - Unknown STM32CubeMX version: 6.10.0
2026-02-08 13:52:15,348 [ERROR] AppliInfo:139 - Unknown STM32CubeMX version: 6.10.0
2026-02-08 13:52:15,348 [ERROR] AppliInfo:139 - Unknown STM32CubeMX version: 6.10.0
2026-02-08 13:52:15,348 [ERROR] AppliInfo:139 - Unknown STM32CubeMX version: 6.10.0
2026-02-08 13:52:15,348 [ERROR] AppliInfo:139 - Unknown STM32CubeMX version: 6.10.0
2026-02-08 13:52:15,348 [ERROR] AppliInfo:139 - Unknown STM32CubeMX version: 6.10.0
2026-02-08 13:52:15,349 [ERROR] AppliInfo:139 - Unknown STM32CubeMX version: 6.10.0
2026-02-08 13:52:15,349 [ERROR] AppliInfo:139 - Unknown STM32CubeMX version: 6.10.0
2026-02-08 13:52:15,349 [ERROR] AppliInfo:139 - Unknown STM32CubeMX version: 6.10.0
2026-02-08 13:52:15,349 [ERROR] AppliInfo:139 - Unknown STM32CubeMX version: 6.10.0
2026-02-08 13:52:15,349 [ERROR] AppliInfo:139 - Unknown STM32CubeMX version: 6.10.0
2026-02-08 13:52:15,350 [ERROR] AppliInfo:139 - Unknown STM32CubeMX version: 6.10.0
2026-02-08 13:52:15,350 [ERROR] AppliInfo:139 - Unknown STM32CubeMX version: 6.10.0
2026-02-08 13:52:15,350 [ERROR] AppliInfo:139 - Unknown STM32CubeMX version: 6.10.0
2026-02-08 13:52:15,350 [ERROR] AppliInfo:139 - Unknown STM32CubeMX version: 6.10.0
2026-02-08 13:52:15,350 [ERROR] AppliInfo:139 - Unknown STM32CubeMX version: 6.10.0
2026-02-08 13:52:15,351 [ERROR] AppliInfo:139 - Unknown STM32CubeMX version: 6.10.0
2026-02-08 13:52:15,351 [ERROR] AppliInfo:139 - Unknown STM32CubeMX version: 6.10.0
2026-02-08 13:52:15,351 [ERROR] AppliInfo:139 - Unknown STM32CubeMX version: 6.10.0
2026-02-08 13:52:15,351 [ERROR] AppliInfo:139 - Unknown STM32CubeMX version: 6.10.0
2026-02-08 13:52:15,352 [ERROR] AppliInfo:139 - Unknown STM32CubeMX version: 6.10.0
2026-02-08 13:52:15,352 [ERROR] AppliInfo:139 - Unknown STM32CubeMX version: 6.10.0
2026-02-08 13:52:15,352 [ERROR] AppliInfo:139 - Unknown STM32CubeMX version: 6.10.0
2026-02-08 13:52:15,352 [ERROR] AppliInfo:139 - Unknown STM32CubeMX version: 6.10.0
2026-02-08 13:52:15,352 [ERROR] AppliInfo:139 - Unknown STM32CubeMX version: 6.10.0
2026-02-08 13:52:15,352 [ERROR] AppliInfo:139 - Unknown STM32CubeMX version: 6.10.0
2026-02-08 13:52:15,353 [ERROR] AppliInfo:139 - Unknown STM32CubeMX version: 6.10.0
2026-02-08 13:52:15,353 [ERROR] AppliInfo:139 - Unknown STM32CubeMX version: 6.10.0
2026-02-08 13:52:15,353 [ERROR] AppliInfo:139 - Unknown STM32CubeMX version: 6.10.0
2026-02-08 13:52:15,353 [ERROR] AppliInfo:139 - Unknown STM32CubeMX version: 6.10.0
2026-02-08 13:52:15,354 [ERROR] AppliInfo:139 - Unknown STM32CubeMX version: 6.10.0
2026-02-08 13:52:15,354 [ERROR] AppliInfo:139 - Unknown STM32CubeMX version: 6.10.0
2026-02-08 13:52:15,354 [ERROR] AppliInfo:139 - Unknown STM32CubeMX version: 6.10.0
2026-02-08 13:52:15,354 [ERROR] AppliInfo:139 - Unknown STM32CubeMX version: 6.10.0
2026-02-08 13:52:15,354 [ERROR] AppliInfo:139 - Unknown STM32CubeMX version: 6.10.0
2026-02-08 13:52:15,355 [ERROR] AppliInfo:139 - Unknown STM32CubeMX version: 6.10.0
2026-02-08 13:52:15,355 [ERROR] AppliInfo:139 - Unknown STM32CubeMX version: 6.10.0
2026-02-08 13:52:15,355 [ERROR] AppliInfo:139 - Unknown STM32CubeMX version: 6.10.0
2026-02-08 13:52:15,355 [ERROR] AppliInfo:139 - Unknown STM32CubeMX version: 6.10.0
2026-02-08 13:52:15,355 [ERROR] AppliInfo:139 - Unknown STM32CubeMX version: 6.10.0
2026-02-08 13:52:15,355 [ERROR] AppliInfo:139 - Unknown STM32CubeMX version: 6.10.0
2026-02-08 13:52:15,356 [ERROR] AppliInfo:139 - Unknown STM32CubeMX version: 6.10.0
2026-02-08 13:52:15,356 [ERROR] AppliInfo:139 - Unknown STM32CubeMX version: 6.10.0
2026-02-08 13:52:15,356 [ERROR] AppliInfo:139 - Unknown STM32CubeMX version: 6.10.0
2026-02-08 13:52:15,356 [ERROR] AppliInfo:139 - Unknown STM32CubeMX version: 6.10.0
2026-02-08 13:52:15,357 [ERROR] AppliInfo:139 - Unknown STM32CubeMX version: 6.10.0
2026-02-08 13:52:15,357 [ERROR] AppliInfo:139 - Unknown STM32CubeMX version: 6.10.0
2026-02-08 13:52:15,357 [ERROR] AppliInfo:139 - Unknown STM32CubeMX version: 6.10.0
2026-02-08 13:52:15,357 [ERROR] AppliInfo:139 - Unknown STM32CubeMX version: 6.10.0
2026-02-08 13:52:15,357 [ERROR] AppliInfo:139 - Unknown STM32CubeMX version: 6.10.0
2026-02-08 13:52:15,358 [ERROR] AppliInfo:139 - Unknown STM32CubeMX version: 6.10.0
2026-02-08 13:52:15,358 [ERROR] AppliInfo:139 - Unknown STM32CubeMX version: 6.10.0
2026-02-08 13:52:15,358 [ERROR] AppliInfo:139 - Unknown STM32CubeMX version: 6.10.0
2026-02-08 13:52:15,358 [ERROR] AppliInfo:139 - Unknown STM32CubeMX version: 6.10.0
2026-02-08 13:52:15,359 [ERROR] AppliInfo:139 - Unknown STM32CubeMX version: 6.10.0
2026-02-08 13:52:15,359 [ERROR] AppliInfo:139 - Unknown STM32CubeMX version: 6.10.0
2026-02-08 13:52:15,359 [ERROR] AppliInfo:139 - Unknown STM32CubeMX version: 6.10.0
2026-02-08 13:52:15,359 [ERROR] AppliInfo:139 - Unknown STM32CubeMX version: 6.10.0
2026-02-08 13:52:15,360 [ERROR] AppliInfo:139 - Unknown STM32CubeMX version: 6.10.0
2026-02-08 13:52:15,360 [ERROR] AppliInfo:139 - Unknown STM32CubeMX version: 6.10.0
2026-02-08 13:52:15,360 [ERROR] AppliInfo:139 - Unknown STM32CubeMX version: 6.10.0
2026-02-08 13:52:15,360 [ERROR] AppliInfo:139 - Unknown STM32CubeMX version: 6.10.0
2026-02-08 13:52:15,360 [ERROR] AppliInfo:139 - Unknown STM32CubeMX version: 6.10.0
2026-02-08 13:52:15,360 [ERROR] AppliInfo:139 - Unknown STM32CubeMX version: 6.10.0
2026-02-08 13:52:16,129 [ERROR] AppliInfo:139 - Unknown STM32CubeMX version: 6.10.0
2026-02-08 13:52:16,129 [ERROR] AppliInfo:139 - Unknown STM32CubeMX version: 6.10.0
2026-02-08 13:52:16,129 [ERROR] AppliInfo:139 - Unknown STM32CubeMX version: 6.10.0
2026-02-08 13:52:16,130 [ERROR] AppliInfo:139 - Unknown STM32CubeMX version: 6.10.0
2026-02-08 13:52:16,130 [ERROR] AppliInfo:139 - Unknown STM32CubeMX version: 6.10.0
2026-02-08 13:52:16,130 [ERROR] AppliInfo:139 - Unknown STM32CubeMX version: 6.10.0
2026-02-08 13:52:16,130 [ERROR] AppliInfo:139 - Unknown STM32CubeMX version: 6.10.0
2026-02-08 13:52:16,130 [ERROR] AppliInfo:139 - Unknown STM32CubeMX version: 6.10.0
2026-02-08 13:52:16,131 [ERROR] AppliInfo:139 - Unknown STM32CubeMX version: 6.10.0
2026-02-08 13:52:16,131 [ERROR] AppliInfo:139 - Unknown STM32CubeMX version: 6.10.0
2026-02-08 13:52:16,131 [ERROR] AppliInfo:139 - Unknown STM32CubeMX version: 6.10.0
2026-02-08 13:52:16,131 [ERROR] AppliInfo:139 - Unknown STM32CubeMX version: 6.10.0
2026-02-08 13:52:16,131 [ERROR] AppliInfo:139 - Unknown STM32CubeMX version: 6.10.0
2026-02-08 13:52:16,132 [ERROR] AppliInfo:139 - Unknown STM32CubeMX version: 6.10.0
2026-02-08 13:52:16,132 [ERROR] AppliInfo:139 - Unknown STM32CubeMX version: 6.10.0
2026-02-08 13:52:16,132 [ERROR] AppliInfo:139 - Unknown STM32CubeMX version: 6.10.0
2026-02-08 13:52:16,132 [ERROR] AppliInfo:139 - Unknown STM32CubeMX version: 6.10.0
2026-02-08 13:52:16,132 [ERROR] AppliInfo:139 - Unknown STM32CubeMX version: 6.10.0
2026-02-08 13:52:16,133 [ERROR] AppliInfo:139 - Unknown STM32CubeMX version: 6.10.0
2026-02-08 13:52:16,133 [ERROR] AppliInfo:139 - Unknown STM32CubeMX version: 6.10.0
2026-02-08 13:52:16,133 [ERROR] AppliInfo:139 - Unknown STM32CubeMX version: 6.10.0
2026-02-08 13:52:16,133 [ERROR] AppliInfo:139 - Unknown STM32CubeMX version: 6.10.0
2026-02-08 13:52:16,134 [ERROR] AppliInfo:139 - Unknown STM32CubeMX version: 6.10.0
2026-02-08 13:52:16,134 [ERROR] AppliInfo:139 - Unknown STM32CubeMX version: 6.10.0
2026-02-08 13:52:16,134 [ERROR] AppliInfo:139 - Unknown STM32CubeMX version: 6.10.0
2026-02-08 13:52:16,134 [ERROR] AppliInfo:139 - Unknown STM32CubeMX version: 6.10.0
2026-02-08 13:52:16,135 [ERROR] AppliInfo:139 - Unknown STM32CubeMX version: 6.10.0
2026-02-08 13:52:16,135 [ERROR] AppliInfo:139 - Unknown STM32CubeMX version: 6.10.0
2026-02-08 13:52:16,135 [ERROR] AppliInfo:139 - Unknown STM32CubeMX version: 6.10.0
2026-02-08 13:52:16,135 [ERROR] AppliInfo:139 - Unknown STM32CubeMX version: 6.10.0
2026-02-08 13:52:16,136 [ERROR] AppliInfo:139 - Unknown STM32CubeMX version: 6.10.0
2026-02-08 13:52:16,136 [ERROR] AppliInfo:139 - Unknown STM32CubeMX version: 6.10.0
2026-02-08 13:52:16,136 [ERROR] AppliInfo:139 - Unknown STM32CubeMX version: 6.10.0
2026-02-08 13:52:16,136 [ERROR] AppliInfo:139 - Unknown STM32CubeMX version: 6.10.0
2026-02-08 13:52:16,136 [ERROR] AppliInfo:139 - Unknown STM32CubeMX version: 6.10.0
2026-02-08 13:52:16,136 [ERROR] AppliInfo:139 - Unknown STM32CubeMX version: 6.10.0
2026-02-08 13:52:16,137 [ERROR] AppliInfo:139 - Unknown STM32CubeMX version: 6.10.0
2026-02-08 13:52:16,137 [ERROR] AppliInfo:139 - Unknown STM32CubeMX version: 6.10.0
2026-02-08 13:52:16,137 [ERROR] AppliInfo:139 - Unknown STM32CubeMX version: 6.10.0
2026-02-08 13:52:16,137 [ERROR] AppliInfo:139 - Unknown STM32CubeMX version: 6.10.0
2026-02-08 13:52:16,137 [ERROR] AppliInfo:139 - Unknown STM32CubeMX version: 6.10.0
2026-02-08 13:52:16,137 [ERROR] AppliInfo:139 - Unknown STM32CubeMX version: 6.10.0
2026-02-08 13:52:16,138 [ERROR] AppliInfo:139 - Unknown STM32CubeMX version: 6.10.0
2026-02-08 13:52:16,138 [ERROR] AppliInfo:139 - Unknown STM32CubeMX version: 6.10.0
2026-02-08 13:52:16,138 [ERROR] AppliInfo:139 - Unknown STM32CubeMX version: 6.10.0
2026-02-08 13:52:16,138 [ERROR] AppliInfo:139 - Unknown STM32CubeMX version: 6.10.0
2026-02-08 13:52:16,138 [ERROR] AppliInfo:139 - Unknown STM32CubeMX version: 6.10.0
2026-02-08 13:52:16,138 [ERROR] AppliInfo:139 - Unknown STM32CubeMX version: 6.10.0
2026-02-08 13:52:16,138 [ERROR] AppliInfo:139 - Unknown STM32CubeMX version: 6.10.0
2026-02-08 13:52:16,139 [ERROR] AppliInfo:139 - Unknown STM32CubeMX version: 6.10.0
2026-02-08 13:52:16,139 [ERROR] AppliInfo:139 - Unknown STM32CubeMX version: 6.10.0
2026-02-08 13:52:16,139 [ERROR] AppliInfo:139 - Unknown STM32CubeMX version: 6.10.0
2026-02-08 13:52:16,139 [ERROR] AppliInfo:139 - Unknown STM32CubeMX version: 6.10.0
2026-02-08 13:52:16,139 [ERROR] AppliInfo:139 - Unknown STM32CubeMX version: 6.10.0
2026-02-08 13:52:16,139 [ERROR] AppliInfo:139 - Unknown STM32CubeMX version: 6.10.0
2026-02-08 13:52:16,139 [ERROR] AppliInfo:139 - Unknown STM32CubeMX version: 6.10.0
2026-02-08 13:52:16,140 [ERROR] AppliInfo:139 - Unknown STM32CubeMX version: 6.10.0
2026-02-08 13:52:16,140 [ERROR] AppliInfo:139 - Unknown STM32CubeMX version: 6.10.0
2026-02-08 13:52:16,140 [ERROR] AppliInfo:139 - Unknown STM32CubeMX version: 6.10.0
2026-02-08 13:52:16,140 [ERROR] AppliInfo:139 - Unknown STM32CubeMX version: 6.10.0
2026-02-08 13:52:16,140 [ERROR] AppliInfo:139 - Unknown STM32CubeMX version: 6.10.0
2026-02-08 13:52:16,140 [ERROR] AppliInfo:139 - Unknown STM32CubeMX version: 6.10.0
2026-02-08 13:52:16,141 [ERROR] AppliInfo:139 - Unknown STM32CubeMX version: 6.10.0
2026-02-08 13:52:16,141 [ERROR] AppliInfo:139 - Unknown STM32CubeMX version: 6.10.0
2026-02-08 13:52:16,141 [ERROR] AppliInfo:139 - Unknown STM32CubeMX version: 6.10.0
2026-02-08 13:52:16,141 [ERROR] AppliInfo:139 - Unknown STM32CubeMX version: 6.10.0
2026-02-08 13:52:16,141 [ERROR] AppliInfo:139 - Unknown STM32CubeMX version: 6.10.0
2026-02-08 13:52:16,141 [ERROR] AppliInfo:139 - Unknown STM32CubeMX version: 6.10.0
2026-02-08 13:52:16,141 [ERROR] AppliInfo:139 - Unknown STM32CubeMX version: 6.10.0
2026-02-08 13:52:16,142 [ERROR] AppliInfo:139 - Unknown STM32CubeMX version: 6.10.0
2026-02-08 13:52:16,142 [ERROR] AppliInfo:139 - Unknown STM32CubeMX version: 6.10.0
2026-02-08 13:52:16,142 [ERROR] AppliInfo:139 - Unknown STM32CubeMX version: 6.10.0
2026-02-08 13:52:16,142 [ERROR] AppliInfo:139 - Unknown STM32CubeMX version: 6.10.0
2026-02-08 13:52:16,142 [ERROR] AppliInfo:139 - Unknown STM32CubeMX version: 6.10.0
2026-02-08 13:52:16,142 [ERROR] AppliInfo:139 - Unknown STM32CubeMX version: 6.10.0
2026-02-08 13:52:16,142 [ERROR] AppliInfo:139 - Unknown STM32CubeMX version: 6.10.0
2026-02-08 13:52:16,143 [ERROR] AppliInfo:139 - Unknown STM32CubeMX version: 6.10.0
2026-02-08 13:52:16,143 [ERROR] AppliInfo:139 - Unknown STM32CubeMX version: 6.10.0
2026-02-08 13:52:16,143 [ERROR] AppliInfo:139 - Unknown STM32CubeMX version: 6.10.0
2026-02-08 13:52:16,143 [ERROR] AppliInfo:139 - Unknown STM32CubeMX version: 6.10.0
2026-02-08 13:52:16,143 [ERROR] AppliInfo:139 - Unknown STM32CubeMX version: 6.10.0
2026-02-08 13:52:16,143 [ERROR] AppliInfo:139 - Unknown STM32CubeMX version: 6.10.0
2026-02-08 13:52:16,143 [ERROR] AppliInfo:139 - Unknown STM32CubeMX version: 6.10.0
2026-02-08 13:52:16,144 [ERROR] AppliInfo:139 - Unknown STM32CubeMX version: 6.10.0
2026-02-08 13:52:16,144 [ERROR] AppliInfo:139 - Unknown STM32CubeMX version: 6.10.0
2026-02-08 13:52:16,144 [ERROR] AppliInfo:139 - Unknown STM32CubeMX version: 6.10.0
2026-02-08 13:52:16,144 [ERROR] AppliInfo:139 - Unknown STM32CubeMX version: 6.10.0
2026-02-08 13:52:16,144 [ERROR] AppliInfo:139 - Unknown STM32CubeMX version: 6.10.0
2026-02-08 13:52:16,144 [ERROR] AppliInfo:139 - Unknown STM32CubeMX version: 6.10.0
2026-02-08 13:52:16,144 [ERROR] AppliInfo:139 - Unknown STM32CubeMX version: 6.10.0
2026-02-08 13:52:16,144 [ERROR] AppliInfo:139 - Unknown STM32CubeMX version: 6.10.0
2026-02-08 13:52:16,145 [ERROR] AppliInfo:139 - Unknown STM32CubeMX version: 6.10.0
2026-02-08 13:52:16,145 [ERROR] AppliInfo:139 - Unknown STM32CubeMX version: 6.10.0
2026-02-08 13:52:16,145 [ERROR] AppliInfo:139 - Unknown STM32CubeMX version: 6.10.0
2026-02-08 13:52:16,145 [ERROR] AppliInfo:139 - Unknown STM32CubeMX version: 6.10.0
2026-02-08 13:52:16,145 [ERROR] AppliInfo:139 - Unknown STM32CubeMX version: 6.10.0
2026-02-08 13:52:16,145 [ERROR] AppliInfo:139 - Unknown STM32CubeMX version: 6.10.0
2026-02-08 13:52:16,145 [ERROR] AppliInfo:139 - Unknown STM32CubeMX version: 6.10.0
2026-02-08 13:52:16,146 [ERROR] AppliInfo:139 - Unknown STM32CubeMX version: 6.10.0
2026-02-08 13:52:16,146 [ERROR] AppliInfo:139 - Unknown STM32CubeMX version: 6.10.0
2026-02-08 13:52:16,146 [ERROR] AppliInfo:139 - Unknown STM32CubeMX version: 6.10.0
2026-02-08 13:52:16,146 [ERROR] AppliInfo:139 - Unknown STM32CubeMX version: 6.10.0
2026-02-08 13:52:16,146 [ERROR] AppliInfo:139 - Unknown STM32CubeMX version: 6.10.0
2026-02-08 13:52:16,146 [ERROR] AppliInfo:139 - Unknown STM32CubeMX version: 6.10.0
2026-02-08 13:52:16,146 [ERROR] AppliInfo:139 - Unknown STM32CubeMX version: 6.10.0
2026-02-08 13:52:16,147 [ERROR] AppliInfo:139 - Unknown STM32CubeMX version: 6.10.0
2026-02-08 13:52:16,147 [ERROR] AppliInfo:139 - Unknown STM32CubeMX version: 6.10.0
2026-02-08 13:52:16,147 [ERROR] AppliInfo:139 - Unknown STM32CubeMX version: 6.10.0
2026-02-08 13:52:16,147 [ERROR] AppliInfo:139 - Unknown STM32CubeMX version: 6.10.0
2026-02-08 13:52:16,147 [ERROR] AppliInfo:139 - Unknown STM32CubeMX version: 6.10.0
2026-02-08 13:52:16,147 [ERROR] AppliInfo:139 - Unknown STM32CubeMX version: 6.10.0
2026-02-08 13:52:16,148 [ERROR] AppliInfo:139 - Unknown STM32CubeMX version: 6.10.0
2026-02-08 13:52:16,148 [ERROR] AppliInfo:139 - Unknown STM32CubeMX version: 6.10.0
2026-02-08 13:52:16,148 [ERROR] AppliInfo:139 - Unknown STM32CubeMX version: 6.10.0
2026-02-08 13:52:16,149 [ERROR] AppliInfo:139 - Unknown STM32CubeMX version: 6.10.0
2026-02-08 13:52:16,149 [ERROR] AppliInfo:139 - Unknown STM32CubeMX version: 6.10.0
2026-02-08 13:52:16,149 [ERROR] AppliInfo:139 - Unknown STM32CubeMX version: 6.10.0
2026-02-08 13:52:16,149 [ERROR] AppliInfo:139 - Unknown STM32CubeMX version: 6.10.0
2026-02-08 13:52:16,149 [ERROR] AppliInfo:139 - Unknown STM32CubeMX version: 6.10.0
2026-02-08 13:52:16,149 [ERROR] AppliInfo:139 - Unknown STM32CubeMX version: 6.10.0
2026-02-08 13:52:16,149 [ERROR] AppliInfo:139 - Unknown STM32CubeMX version: 6.10.0
2026-02-08 13:52:16,150 [ERROR] AppliInfo:139 - Unknown STM32CubeMX version: 6.10.0
2026-02-08 13:52:16,150 [ERROR] AppliInfo:139 - Unknown STM32CubeMX version: 6.10.0
2026-02-08 13:52:16,150 [ERROR] AppliInfo:139 - Unknown STM32CubeMX version: 6.10.0
2026-02-08 13:52:16,150 [ERROR] AppliInfo:139 - Unknown STM32CubeMX version: 6.10.0
2026-02-08 13:52:16,150 [ERROR] AppliInfo:139 - Unknown STM32CubeMX version: 6.10.0
2026-02-08 13:52:16,150 [ERROR] AppliInfo:139 - Unknown STM32CubeMX version: 6.10.0
2026-02-08 13:52:16,150 [ERROR] AppliInfo:139 - Unknown STM32CubeMX version: 6.10.0
2026-02-08 13:52:16,151 [ERROR] AppliInfo:139 - Unknown STM32CubeMX version: 6.10.0
2026-02-08 13:52:16,151 [ERROR] AppliInfo:139 - Unknown STM32CubeMX version: 6.10.0
2026-02-08 13:52:16,151 [ERROR] AppliInfo:139 - Unknown STM32CubeMX version: 6.10.0
2026-02-08 13:52:16,151 [ERROR] AppliInfo:139 - Unknown STM32CubeMX version: 6.10.0
2026-02-08 13:52:16,151 [ERROR] AppliInfo:139 - Unknown STM32CubeMX version: 6.10.0
2026-02-08 13:52:16,151 [ERROR] AppliInfo:139 - Unknown STM32CubeMX version: 6.10.0
2026-02-08 13:52:16,151 [ERROR] AppliInfo:139 - Unknown STM32CubeMX version: 6.10.0
2026-02-08 13:52:16,152 [ERROR] AppliInfo:139 - Unknown STM32CubeMX version: 6.10.0
2026-02-08 13:52:16,152 [ERROR] AppliInfo:139 - Unknown STM32CubeMX version: 6.10.0
2026-02-08 13:52:16,152 [ERROR] AppliInfo:139 - Unknown STM32CubeMX version: 6.10.0
2026-02-08 13:52:16,152 [ERROR] AppliInfo:139 - Unknown STM32CubeMX version: 6.10.0
2026-02-08 13:52:16,152 [ERROR] AppliInfo:139 - Unknown STM32CubeMX version: 6.10.0
2026-02-08 13:52:16,153 [ERROR] AppliInfo:139 - Unknown STM32CubeMX version: 6.10.0
2026-02-08 13:52:16,153 [ERROR] AppliInfo:139 - Unknown STM32CubeMX version: 6.10.0
2026-02-08 13:52:16,153 [ERROR] AppliInfo:139 - Unknown STM32CubeMX version: 6.10.0
2026-02-08 13:52:16,153 [ERROR] AppliInfo:139 - Unknown STM32CubeMX version: 6.10.0
2026-02-08 13:52:16,153 [ERROR] AppliInfo:139 - Unknown STM32CubeMX version: 6.10.0
2026-02-08 13:52:16,153 [ERROR] AppliInfo:139 - Unknown STM32CubeMX version: 6.10.0
2026-02-08 13:52:16,154 [ERROR] AppliInfo:139 - Unknown STM32CubeMX version: 6.10.0
2026-02-08 13:52:16,154 [ERROR] AppliInfo:139 - Unknown STM32CubeMX version: 6.10.0
2026-02-08 13:52:16,154 [ERROR] AppliInfo:139 - Unknown STM32CubeMX version: 6.10.0
2026-02-08 13:52:16,154 [ERROR] AppliInfo:139 - Unknown STM32CubeMX version: 6.10.0
2026-02-08 13:52:16,154 [ERROR] AppliInfo:139 - Unknown STM32CubeMX version: 6.10.0
2026-02-08 13:52:16,154 [ERROR] AppliInfo:139 - Unknown STM32CubeMX version: 6.10.0
2026-02-08 13:52:16,155 [ERROR] AppliInfo:139 - Unknown STM32CubeMX version: 6.10.0
2026-02-08 13:52:16,155 [ERROR] AppliInfo:139 - Unknown STM32CubeMX version: 6.10.0
2026-02-08 13:52:16,155 [ERROR] AppliInfo:139 - Unknown STM32CubeMX version: 6.10.0
2026-02-08 13:52:16,155 [ERROR] AppliInfo:139 - Unknown STM32CubeMX version: 6.10.0
2026-02-08 13:52:16,155 [ERROR] AppliInfo:139 - Unknown STM32CubeMX version: 6.10.0
2026-02-08 13:52:16,155 [ERROR] AppliInfo:139 - Unknown STM32CubeMX version: 6.10.0
2026-02-08 13:52:16,156 [ERROR] AppliInfo:139 - Unknown STM32CubeMX version: 6.10.0
2026-02-08 13:52:16,156 [ERROR] AppliInfo:139 - Unknown STM32CubeMX version: 6.10.0
2026-02-08 13:52:16,156 [ERROR] AppliInfo:139 - Unknown STM32CubeMX version: 6.10.0
2026-02-08 13:52:16,156 [ERROR] AppliInfo:139 - Unknown STM32CubeMX version: 6.10.0
2026-02-08 13:52:16,156 [ERROR] AppliInfo:139 - Unknown STM32CubeMX version: 6.10.0
2026-02-08 13:52:16,157 [ERROR] AppliInfo:139 - Unknown STM32CubeMX version: 6.10.0
2026-02-08 13:52:16,157 [ERROR] AppliInfo:139 - Unknown STM32CubeMX version: 6.10.0
2026-02-08 13:52:16,157 [ERROR] AppliInfo:139 - Unknown STM32CubeMX version: 6.10.0
2026-02-08 13:52:16,157 [ERROR] AppliInfo:139 - Unknown STM32CubeMX version: 6.10.0
2026-02-08 13:52:16,157 [ERROR] AppliInfo:139 - Unknown STM32CubeMX version: 6.10.0
2026-02-08 13:52:16,157 [ERROR] AppliInfo:139 - Unknown STM32CubeMX version: 6.10.0
2026-02-08 13:52:16,158 [ERROR] AppliInfo:139 - Unknown STM32CubeMX version: 6.10.0
2026-02-08 13:52:16,158 [ERROR] AppliInfo:139 - Unknown STM32CubeMX version: 6.10.0
2026-02-08 13:52:16,158 [ERROR] AppliInfo:139 - Unknown STM32CubeMX version: 6.10.0
2026-02-08 13:52:16,158 [ERROR] AppliInfo:139 - Unknown STM32CubeMX version: 6.10.0
2026-02-08 13:52:16,158 [ERROR] AppliInfo:139 - Unknown STM32CubeMX version: 6.10.0
2026-02-08 13:52:16,159 [ERROR] AppliInfo:139 - Unknown STM32CubeMX version: 6.10.0
2026-02-08 13:52:16,159 [ERROR] AppliInfo:139 - Unknown STM32CubeMX version: 6.10.0
2026-02-08 13:52:16,159 [ERROR] AppliInfo:139 - Unknown STM32CubeMX version: 6.10.0
2026-02-08 13:52:16,159 [ERROR] AppliInfo:139 - Unknown STM32CubeMX version: 6.10.0
2026-02-08 13:52:16,159 [ERROR] AppliInfo:139 - Unknown STM32CubeMX version: 6.10.0
2026-02-08 13:52:16,159 [ERROR] AppliInfo:139 - Unknown STM32CubeMX version: 6.10.0
2026-02-08 13:52:16,160 [ERROR] AppliInfo:139 - Unknown STM32CubeMX version: 6.10.0
2026-02-08 13:52:16,160 [ERROR] AppliInfo:139 - Unknown STM32CubeMX version: 6.10.0
2026-02-08 13:52:16,160 [ERROR] AppliInfo:139 - Unknown STM32CubeMX version: 6.10.0
2026-02-08 13:52:16,160 [ERROR] AppliInfo:139 - Unknown STM32CubeMX version: 6.10.0
2026-02-08 13:52:16,160 [ERROR] AppliInfo:139 - Unknown STM32CubeMX version: 6.10.0
2026-02-08 13:52:16,160 [ERROR] AppliInfo:139 - Unknown STM32CubeMX version: 6.10.0
2026-02-08 13:52:16,161 [ERROR] AppliInfo:139 - Unknown STM32CubeMX version: 6.10.0
2026-02-08 13:52:16,161 [ERROR] AppliInfo:139 - Unknown STM32CubeMX version: 6.10.0
2026-02-08 13:52:16,161 [ERROR] AppliInfo:139 - Unknown STM32CubeMX version: 6.10.0
2026-02-08 13:52:16,161 [ERROR] AppliInfo:139 - Unknown STM32CubeMX version: 6.10.0
2026-02-08 13:52:16,161 [ERROR] AppliInfo:139 - Unknown STM32CubeMX version: 6.10.0
2026-02-08 13:52:16,162 [ERROR] AppliInfo:139 - Unknown STM32CubeMX version: 6.10.0
2026-02-08 13:52:16,162 [ERROR] AppliInfo:139 - Unknown STM32CubeMX version: 6.10.0
2026-02-08 13:52:16,162 [ERROR] AppliInfo:139 - Unknown STM32CubeMX version: 6.10.0
2026-02-08 13:52:16,162 [ERROR] AppliInfo:139 - Unknown STM32CubeMX version: 6.10.0
2026-02-08 13:52:16,163 [ERROR] AppliInfo:139 - Unknown STM32CubeMX version: 6.10.0
2026-02-08 13:52:16,163 [ERROR] AppliInfo:139 - Unknown STM32CubeMX version: 6.10.0
2026-02-08 13:52:16,163 [ERROR] AppliInfo:139 - Unknown STM32CubeMX version: 6.10.0
2026-02-08 13:52:16,163 [ERROR] AppliInfo:139 - Unknown STM32CubeMX version: 6.10.0
2026-02-08 13:52:16,163 [ERROR] AppliInfo:139 - Unknown STM32CubeMX version: 6.10.0
2026-02-08 13:52:16,164 [ERROR] AppliInfo:139 - Unknown STM32CubeMX version: 6.10.0
2026-02-08 13:52:16,164 [ERROR] AppliInfo:139 - Unknown STM32CubeMX version: 6.10.0
2026-02-08 13:52:16,164 [ERROR] AppliInfo:139 - Unknown STM32CubeMX version: 6.10.0
2026-02-08 13:52:16,164 [ERROR] AppliInfo:139 - Unknown STM32CubeMX version: 6.10.0
2026-02-08 13:52:16,164 [ERROR] AppliInfo:139 - Unknown STM32CubeMX version: 6.10.0
2026-02-08 13:52:16,164 [ERROR] AppliInfo:139 - Unknown STM32CubeMX version: 6.10.0
2026-02-08 13:52:16,165 [ERROR] AppliInfo:139 - Unknown STM32CubeMX version: 6.10.0
2026-02-08 13:52:16,165 [ERROR] AppliInfo:139 - Unknown STM32CubeMX version: 6.10.0
2026-02-08 13:52:16,165 [ERROR] AppliInfo:139 - Unknown STM32CubeMX version: 6.10.0
2026-02-08 13:52:16,165 [ERROR] AppliInfo:139 - Unknown STM32CubeMX version: 6.10.0
2026-02-08 13:52:16,165 [ERROR] AppliInfo:139 - Unknown STM32CubeMX version: 6.10.0
2026-02-08 13:52:16,165 [ERROR] AppliInfo:139 - Unknown STM32CubeMX version: 6.12.0
2026-02-08 13:52:16,165 [ERROR] AppliInfo:139 - Unknown STM32CubeMX version: 6.12.0
2026-02-08 13:52:16,166 [ERROR] AppliInfo:139 - Unknown STM32CubeMX version: 6.10.0
2026-02-08 13:52:16,166 [ERROR] AppliInfo:139 - Unknown STM32CubeMX version: 6.10.0
2026-02-08 13:52:16,166 [ERROR] AppliInfo:139 - Unknown STM32CubeMX version: 6.10.0
2026-02-08 13:52:16,166 [ERROR] AppliInfo:139 - Unknown STM32CubeMX version: 6.10.0
2026-02-08 13:52:16,166 [ERROR] AppliInfo:139 - Unknown STM32CubeMX version: 6.10.0
2026-02-08 13:52:16,167 [ERROR] AppliInfo:139 - Unknown STM32CubeMX version: 6.10.0
2026-02-08 13:52:16,167 [ERROR] AppliInfo:139 - Unknown STM32CubeMX version: 6.10.0
2026-02-08 13:52:16,167 [ERROR] AppliInfo:139 - Unknown STM32CubeMX version: 6.10.0
2026-02-08 13:52:16,167 [ERROR] AppliInfo:139 - Unknown STM32CubeMX version: 6.10.0
2026-02-08 13:52:16,167 [ERROR] AppliInfo:139 - Unknown STM32CubeMX version: 6.10.0
2026-02-08 13:52:16,167 [ERROR] AppliInfo:139 - Unknown STM32CubeMX version: 6.10.0
2026-02-08 13:52:16,168 [ERROR] AppliInfo:139 - Unknown STM32CubeMX version: 6.10.0
2026-02-08 13:52:16,168 [ERROR] AppliInfo:139 - Unknown STM32CubeMX version: 6.10.0
2026-02-08 13:52:16,168 [ERROR] AppliInfo:139 - Unknown STM32CubeMX version: 6.10.0
2026-02-08 13:52:16,168 [ERROR] AppliInfo:139 - Unknown STM32CubeMX version: 6.10.0
2026-02-08 13:52:16,168 [ERROR] AppliInfo:139 - Unknown STM32CubeMX version: 6.10.0
2026-02-08 13:52:16,168 [ERROR] AppliInfo:139 - Unknown STM32CubeMX version: 6.10.0
2026-02-08 13:52:16,168 [ERROR] AppliInfo:139 - Unknown STM32CubeMX version: 6.10.0
2026-02-08 13:52:16,169 [ERROR] AppliInfo:139 - Unknown STM32CubeMX version: 6.10.0
2026-02-08 13:52:16,169 [ERROR] AppliInfo:139 - Unknown STM32CubeMX version: 6.10.0
2026-02-08 13:52:16,169 [ERROR] AppliInfo:139 - Unknown STM32CubeMX version: 6.10.0
2026-02-08 13:52:16,169 [ERROR] AppliInfo:139 - Unknown STM32CubeMX version: 6.10.0
2026-02-08 13:52:16,169 [ERROR] AppliInfo:139 - Unknown STM32CubeMX version: 6.10.0
2026-02-08 13:52:16,169 [ERROR] AppliInfo:139 - Unknown STM32CubeMX version: 6.10.0
2026-02-08 13:52:16,169 [ERROR] AppliInfo:139 - Unknown STM32CubeMX version: 6.10.0
2026-02-08 13:52:16,169 [ERROR] AppliInfo:139 - Unknown STM32CubeMX version: 6.10.0
2026-02-08 13:52:16,169 [ERROR] AppliInfo:139 - Unknown STM32CubeMX version: 6.10.0
2026-02-08 13:52:16,170 [ERROR] AppliInfo:139 - Unknown STM32CubeMX version: 6.10.0
2026-02-08 13:52:16,170 [ERROR] AppliInfo:139 - Unknown STM32CubeMX version: 6.10.0
2026-02-08 13:52:16,170 [ERROR] AppliInfo:139 - Unknown STM32CubeMX version: 6.10.0
2026-02-08 13:52:16,170 [ERROR] AppliInfo:139 - Unknown STM32CubeMX version: 6.10.0
2026-02-08 13:52:16,170 [ERROR] AppliInfo:139 - Unknown STM32CubeMX version: 6.10.0
2026-02-08 13:52:16,170 [ERROR] AppliInfo:139 - Unknown STM32CubeMX version: 6.10.0
2026-02-08 13:52:16,170 [ERROR] AppliInfo:139 - Unknown STM32CubeMX version: 6.10.0
2026-02-08 13:52:16,170 [ERROR] AppliInfo:139 - Unknown STM32CubeMX version: 6.10.0
2026-02-08 13:52:16,170 [ERROR] AppliInfo:139 - Unknown STM32CubeMX version: 6.10.0
2026-02-08 13:52:16,171 [ERROR] AppliInfo:139 - Unknown STM32CubeMX version: 6.10.0
2026-02-08 13:52:16,171 [ERROR] AppliInfo:139 - Unknown STM32CubeMX version: 6.10.0
2026-02-08 13:52:16,171 [ERROR] AppliInfo:139 - Unknown STM32CubeMX version: 6.10.0
2026-02-08 13:52:16,171 [ERROR] AppliInfo:139 - Unknown STM32CubeMX version: 6.10.0
2026-02-08 13:52:16,171 [ERROR] AppliInfo:139 - Unknown STM32CubeMX version: 6.10.0
2026-02-08 13:52:16,171 [ERROR] AppliInfo:139 - Unknown STM32CubeMX version: 6.10.0
2026-02-08 13:52:16,171 [ERROR] AppliInfo:139 - Unknown STM32CubeMX version: 6.10.0
2026-02-08 13:52:16,171 [ERROR] AppliInfo:139 - Unknown STM32CubeMX version: 6.10.0
2026-02-08 13:52:16,171 [ERROR] AppliInfo:139 - Unknown STM32CubeMX version: 6.10.0
2026-02-08 13:52:16,171 [ERROR] AppliInfo:139 - Unknown STM32CubeMX version: 6.10.0
2026-02-08 13:52:16,172 [ERROR] AppliInfo:139 - Unknown STM32CubeMX version: 6.10.0
2026-02-08 13:52:16,172 [ERROR] AppliInfo:139 - Unknown STM32CubeMX version: 6.10.0
2026-02-08 13:52:16,172 [ERROR] AppliInfo:139 - Unknown STM32CubeMX version: 6.10.0
2026-02-08 13:52:16,172 [ERROR] AppliInfo:139 - Unknown STM32CubeMX version: 6.10.0
2026-02-08 13:52:16,172 [ERROR] AppliInfo:139 - Unknown STM32CubeMX version: 6.10.0
2026-02-08 13:52:16,172 [ERROR] AppliInfo:139 - Unknown STM32CubeMX version: 6.10.0
2026-02-08 13:52:16,172 [ERROR] AppliInfo:139 - Unknown STM32CubeMX version: 6.10.0
2026-02-08 13:52:16,172 [ERROR] AppliInfo:139 - Unknown STM32CubeMX version: 6.10.0
2026-02-08 13:52:16,172 [ERROR] AppliInfo:139 - Unknown STM32CubeMX version: 6.10.0
2026-02-08 13:52:16,173 [ERROR] AppliInfo:139 - Unknown STM32CubeMX version: 6.10.0
2026-02-08 13:52:16,173 [ERROR] AppliInfo:139 - Unknown STM32CubeMX version: 6.10.0
2026-02-08 13:52:16,173 [ERROR] AppliInfo:139 - Unknown STM32CubeMX version: 6.10.0
2026-02-08 13:52:16,173 [ERROR] AppliInfo:139 - Unknown STM32CubeMX version: 6.10.0
2026-02-08 13:52:16,173 [ERROR] AppliInfo:139 - Unknown STM32CubeMX version: 6.10.0
2026-02-08 13:52:16,173 [ERROR] AppliInfo:139 - Unknown STM32CubeMX version: 6.10.0
2026-02-08 13:52:16,173 [ERROR] AppliInfo:139 - Unknown STM32CubeMX version: 6.10.0
2026-02-08 13:52:16,173 [ERROR] AppliInfo:139 - Unknown STM32CubeMX version: 6.10.0
2026-02-08 13:52:16,173 [ERROR] AppliInfo:139 - Unknown STM32CubeMX version: 6.10.0
2026-02-08 13:52:16,173 [ERROR] AppliInfo:139 - Unknown STM32CubeMX version: 6.10.0
2026-02-08 13:52:16,174 [ERROR] AppliInfo:139 - Unknown STM32CubeMX version: 6.10.0
2026-02-08 13:52:16,174 [ERROR] AppliInfo:139 - Unknown STM32CubeMX version: 6.10.0
2026-02-08 13:52:16,174 [ERROR] AppliInfo:139 - Unknown STM32CubeMX version: 6.10.0
2026-02-08 13:52:16,174 [ERROR] AppliInfo:139 - Unknown STM32CubeMX version: 6.10.0
2026-02-08 13:52:16,174 [ERROR] AppliInfo:139 - Unknown STM32CubeMX version: 6.10.0
2026-02-08 13:52:16,174 [ERROR] AppliInfo:139 - Unknown STM32CubeMX version: 6.10.0
2026-02-08 13:52:16,174 [ERROR] AppliInfo:139 - Unknown STM32CubeMX version: 6.10.0
2026-02-08 13:52:16,174 [ERROR] AppliInfo:139 - Unknown STM32CubeMX version: 6.10.0
2026-02-08 13:52:16,175 [ERROR] AppliInfo:139 - Unknown STM32CubeMX version: 6.10.0
2026-02-08 13:52:16,175 [ERROR] AppliInfo:139 - Unknown STM32CubeMX version: 6.10.0
2026-02-08 13:52:16,175 [ERROR] AppliInfo:139 - Unknown STM32CubeMX version: 6.10.0
2026-02-08 13:52:16,175 [ERROR] AppliInfo:139 - Unknown STM32CubeMX version: 6.10.0
2026-02-08 13:52:16,175 [ERROR] AppliInfo:139 - Unknown STM32CubeMX version: 6.10.0
2026-02-08 13:52:16,175 [ERROR] AppliInfo:139 - Unknown STM32CubeMX version: 6.10.0
2026-02-08 13:52:16,175 [ERROR] AppliInfo:139 - Unknown STM32CubeMX version: 6.10.0
2026-02-08 13:52:16,175 [ERROR] AppliInfo:139 - Unknown STM32CubeMX version: 6.10.0
2026-02-08 13:52:16,176 [ERROR] AppliInfo:139 - Unknown STM32CubeMX version: 6.10.0
2026-02-08 13:52:16,176 [ERROR] AppliInfo:139 - Unknown STM32CubeMX version: 6.10.0
2026-02-08 13:52:16,176 [ERROR] AppliInfo:139 - Unknown STM32CubeMX version: 6.10.0
2026-02-08 13:52:16,176 [ERROR] AppliInfo:139 - Unknown STM32CubeMX version: 6.10.0
2026-02-08 13:52:16,176 [ERROR] AppliInfo:139 - Unknown STM32CubeMX version: 6.10.0
2026-02-08 13:52:16,176 [ERROR] AppliInfo:139 - Unknown STM32CubeMX version: 6.10.0
2026-02-08 13:52:16,176 [ERROR] AppliInfo:139 - Unknown STM32CubeMX version: 6.10.0
2026-02-08 13:52:16,176 [ERROR] AppliInfo:139 - Unknown STM32CubeMX version: 6.10.0
2026-02-08 13:52:16,176 [ERROR] AppliInfo:139 - Unknown STM32CubeMX version: 6.10.0
2026-02-08 13:52:16,177 [ERROR] AppliInfo:139 - Unknown STM32CubeMX version: 6.10.0
2026-02-08 13:52:16,177 [ERROR] AppliInfo:139 - Unknown STM32CubeMX version: 6.10.0
2026-02-08 13:52:16,177 [ERROR] AppliInfo:139 - Unknown STM32CubeMX version: 6.10.0
2026-02-08 13:52:16,177 [ERROR] AppliInfo:139 - Unknown STM32CubeMX version: 6.10.0
2026-02-08 13:52:16,177 [ERROR] AppliInfo:139 - Unknown STM32CubeMX version: 6.10.0
2026-02-08 13:52:16,177 [ERROR] AppliInfo:139 - Unknown STM32CubeMX version: 6.10.0
2026-02-08 13:52:16,177 [ERROR] AppliInfo:139 - Unknown STM32CubeMX version: 6.10.0
2026-02-08 13:52:16,177 [ERROR] AppliInfo:139 - Unknown STM32CubeMX version: 6.10.0
2026-02-08 13:52:16,177 [ERROR] AppliInfo:139 - Unknown STM32CubeMX version: 6.10.0
2026-02-08 13:52:16,178 [ERROR] AppliInfo:139 - Unknown STM32CubeMX version: 6.10.0
2026-02-08 13:52:16,178 [ERROR] AppliInfo:139 - Unknown STM32CubeMX version: 6.10.0
2026-02-08 13:52:16,178 [ERROR] AppliInfo:139 - Unknown STM32CubeMX version: 6.10.0
2026-02-08 13:52:16,178 [ERROR] AppliInfo:139 - Unknown STM32CubeMX version: 6.10.0
2026-02-08 13:52:16,178 [ERROR] AppliInfo:139 - Unknown STM32CubeMX version: 6.10.0
2026-02-08 13:52:16,178 [ERROR] AppliInfo:139 - Unknown STM32CubeMX version: 6.10.0
2026-02-08 13:52:16,178 [ERROR] AppliInfo:139 - Unknown STM32CubeMX version: 6.10.0
2026-02-08 13:52:16,178 [ERROR] AppliInfo:139 - Unknown STM32CubeMX version: 6.10.0
2026-02-08 13:52:16,178 [ERROR] AppliInfo:139 - Unknown STM32CubeMX version: 6.10.0
2026-02-08 13:52:16,179 [ERROR] AppliInfo:139 - Unknown STM32CubeMX version: 6.10.0
2026-02-08 13:52:16,179 [ERROR] AppliInfo:139 - Unknown STM32CubeMX version: 6.10.0
2026-02-08 13:52:16,179 [ERROR] AppliInfo:139 - Unknown STM32CubeMX version: 6.10.0
2026-02-08 13:52:16,179 [ERROR] AppliInfo:139 - Unknown STM32CubeMX version: 6.10.0
2026-02-08 13:52:16,179 [ERROR] AppliInfo:139 - Unknown STM32CubeMX version: 6.10.0
2026-02-08 13:52:16,179 [ERROR] AppliInfo:139 - Unknown STM32CubeMX version: 6.10.0
2026-02-08 13:52:16,179 [ERROR] AppliInfo:139 - Unknown STM32CubeMX version: 6.10.0
2026-02-08 13:52:16,179 [ERROR] AppliInfo:139 - Unknown STM32CubeMX version: 6.10.0
2026-02-08 13:52:16,180 [ERROR] AppliInfo:139 - Unknown STM32CubeMX version: 6.10.0
2026-02-08 13:52:16,180 [ERROR] AppliInfo:139 - Unknown STM32CubeMX version: 6.10.0
2026-02-08 13:52:16,180 [ERROR] AppliInfo:139 - Unknown STM32CubeMX version: 6.10.0
2026-02-08 13:52:16,180 [ERROR] AppliInfo:139 - Unknown STM32CubeMX version: 6.10.0
2026-02-08 13:52:16,180 [ERROR] AppliInfo:139 - Unknown STM32CubeMX version: 6.10.0
2026-02-08 13:52:16,180 [ERROR] AppliInfo:139 - Unknown STM32CubeMX version: 6.10.0
2026-02-08 13:52:16,180 [ERROR] AppliInfo:139 - Unknown STM32CubeMX version: 6.10.0
2026-02-08 13:52:16,180 [ERROR] AppliInfo:139 - Unknown STM32CubeMX version: 6.10.0
2026-02-08 13:52:16,181 [ERROR] AppliInfo:139 - Unknown STM32CubeMX version: 6.10.0
2026-02-08 13:52:16,181 [ERROR] AppliInfo:139 - Unknown STM32CubeMX version: 6.10.0
2026-02-08 13:52:16,181 [ERROR] AppliInfo:139 - Unknown STM32CubeMX version: 6.10.0
2026-02-08 13:52:16,181 [ERROR] AppliInfo:139 - Unknown STM32CubeMX version: 6.10.0
2026-02-08 13:52:16,181 [ERROR] AppliInfo:139 - Unknown STM32CubeMX version: 6.10.0
2026-02-08 13:52:16,181 [ERROR] AppliInfo:139 - Unknown STM32CubeMX version: 6.10.0
2026-02-08 13:52:16,182 [ERROR] AppliInfo:139 - Unknown STM32CubeMX version: 6.10.0
2026-02-08 13:52:16,182 [ERROR] AppliInfo:139 - Unknown STM32CubeMX version: 6.10.0
2026-02-08 13:52:16,182 [ERROR] AppliInfo:139 - Unknown STM32CubeMX version: 6.10.0
2026-02-08 13:52:16,182 [ERROR] AppliInfo:139 - Unknown STM32CubeMX version: 6.10.0
2026-02-08 13:52:16,182 [ERROR] AppliInfo:139 - Unknown STM32CubeMX version: 6.10.0
2026-02-08 13:52:16,182 [ERROR] AppliInfo:139 - Unknown STM32CubeMX version: 6.10.0
2026-02-08 13:52:16,182 [ERROR] AppliInfo:139 - Unknown STM32CubeMX version: 6.10.0
2026-02-08 13:52:16,182 [ERROR] AppliInfo:139 - Unknown STM32CubeMX version: 6.10.0
2026-02-08 13:52:16,183 [ERROR] AppliInfo:139 - Unknown STM32CubeMX version: 6.10.0
2026-02-08 13:52:16,183 [ERROR] AppliInfo:139 - Unknown STM32CubeMX version: 6.10.0
2026-02-08 13:52:16,183 [ERROR] AppliInfo:139 - Unknown STM32CubeMX version: 6.10.0
2026-02-08 13:52:16,183 [ERROR] AppliInfo:139 - Unknown STM32CubeMX version: 6.10.0
2026-02-08 13:52:16,183 [ERROR] AppliInfo:139 - Unknown STM32CubeMX version: 6.10.0
2026-02-08 13:52:16,183 [ERROR] AppliInfo:139 - Unknown STM32CubeMX version: 6.10.0
2026-02-08 13:52:16,183 [ERROR] AppliInfo:139 - Unknown STM32CubeMX version: 6.10.0
2026-02-08 13:52:16,183 [ERROR] AppliInfo:139 - Unknown STM32CubeMX version: 6.10.0
2026-02-08 13:52:16,184 [ERROR] AppliInfo:139 - Unknown STM32CubeMX version: 6.10.0
2026-02-08 13:52:16,184 [ERROR] AppliInfo:139 - Unknown STM32CubeMX version: 6.10.0
2026-02-08 13:52:16,184 [ERROR] AppliInfo:139 - Unknown STM32CubeMX version: 6.10.0
2026-02-08 13:52:16,184 [ERROR] AppliInfo:139 - Unknown STM32CubeMX version: 6.10.0
2026-02-08 13:52:16,184 [ERROR] AppliInfo:139 - Unknown STM32CubeMX version: 6.10.0
2026-02-08 13:52:16,184 [ERROR] AppliInfo:139 - Unknown STM32CubeMX version: 6.10.0
2026-02-08 13:52:16,185 [ERROR] AppliInfo:139 - Unknown STM32CubeMX version: 6.10.0
2026-02-08 13:52:16,185 [ERROR] AppliInfo:139 - Unknown STM32CubeMX version: 6.10.0
2026-02-08 13:52:16,185 [ERROR] AppliInfo:139 - Unknown STM32CubeMX version: 6.10.0
2026-02-08 13:52:16,185 [ERROR] AppliInfo:139 - Unknown STM32CubeMX version: 6.10.0
2026-02-08 13:52:16,185 [ERROR] AppliInfo:139 - Unknown STM32CubeMX version: 6.10.0
2026-02-08 13:52:16,185 [ERROR] AppliInfo:139 - Unknown STM32CubeMX version: 6.10.0
2026-02-08 13:52:16,186 [ERROR] AppliInfo:139 - Unknown STM32CubeMX version: 6.10.0
2026-02-08 13:52:16,186 [ERROR] AppliInfo:139 - Unknown STM32CubeMX version: 6.10.0
2026-02-08 13:52:16,186 [ERROR] AppliInfo:139 - Unknown STM32CubeMX version: 6.10.0
2026-02-08 13:52:16,186 [ERROR] AppliInfo:139 - Unknown STM32CubeMX version: 6.10.0
2026-02-08 13:52:16,186 [ERROR] AppliInfo:139 - Unknown STM32CubeMX version: 6.10.0
2026-02-08 13:52:16,186 [ERROR] AppliInfo:139 - Unknown STM32CubeMX version: 6.10.0
2026-02-08 13:52:16,186 [ERROR] AppliInfo:139 - Unknown STM32CubeMX version: 6.10.0
2026-02-08 13:52:16,186 [ERROR] AppliInfo:139 - Unknown STM32CubeMX version: 6.10.0
2026-02-08 13:52:16,187 [ERROR] AppliInfo:139 - Unknown STM32CubeMX version: 6.10.0
2026-02-08 13:52:16,187 [ERROR] AppliInfo:139 - Unknown STM32CubeMX version: 6.10.0
2026-02-08 13:52:16,187 [ERROR] AppliInfo:139 - Unknown STM32CubeMX version: 6.10.0
2026-02-08 13:52:16,187 [ERROR] AppliInfo:139 - Unknown STM32CubeMX version: 6.10.0
2026-02-08 13:52:16,187 [ERROR] AppliInfo:139 - Unknown STM32CubeMX version: 6.10.0
2026-02-08 13:52:16,187 [ERROR] AppliInfo:139 - Unknown STM32CubeMX version: 6.10.0
2026-02-08 13:52:16,187 [ERROR] AppliInfo:139 - Unknown STM32CubeMX version: 6.10.0
2026-02-08 13:52:16,187 [ERROR] AppliInfo:139 - Unknown STM32CubeMX version: 6.10.0
2026-02-08 13:52:16,187 [ERROR] AppliInfo:139 - Unknown STM32CubeMX version: 6.10.0
2026-02-08 13:52:16,188 [ERROR] AppliInfo:139 - Unknown STM32CubeMX version: 6.10.0
2026-02-08 13:52:16,188 [ERROR] AppliInfo:139 - Unknown STM32CubeMX version: 6.10.0
2026-02-08 13:52:16,188 [ERROR] AppliInfo:139 - Unknown STM32CubeMX version: 6.10.0
2026-02-08 13:52:16,188 [ERROR] AppliInfo:139 - Unknown STM32CubeMX version: 6.10.0
2026-02-08 13:52:16,188 [ERROR] AppliInfo:139 - Unknown STM32CubeMX version: 6.10.0
2026-02-08 13:52:16,188 [ERROR] AppliInfo:139 - Unknown STM32CubeMX version: 6.10.0
2026-02-08 13:52:16,188 [ERROR] AppliInfo:139 - Unknown STM32CubeMX version: 6.10.0
2026-02-08 13:52:16,188 [ERROR] AppliInfo:139 - Unknown STM32CubeMX version: 6.10.0
2026-02-08 13:52:16,188 [ERROR] AppliInfo:139 - Unknown STM32CubeMX version: 6.10.0
2026-02-08 13:52:16,189 [ERROR] AppliInfo:139 - Unknown STM32CubeMX version: 6.10.0
2026-02-08 13:52:16,189 [ERROR] AppliInfo:139 - Unknown STM32CubeMX version: 6.10.0
2026-02-08 13:52:16,189 [ERROR] AppliInfo:139 - Unknown STM32CubeMX version: 6.10.0
2026-02-08 13:52:16,189 [ERROR] AppliInfo:139 - Unknown STM32CubeMX version: 6.10.0
2026-02-08 13:52:16,189 [ERROR] AppliInfo:139 - Unknown STM32CubeMX version: 6.10.0
2026-02-08 13:52:16,189 [ERROR] AppliInfo:139 - Unknown STM32CubeMX version: 6.10.0
2026-02-08 13:52:16,189 [ERROR] AppliInfo:139 - Unknown STM32CubeMX version: 6.10.0
2026-02-08 13:52:16,189 [ERROR] AppliInfo:139 - Unknown STM32CubeMX version: 6.10.0
2026-02-08 13:52:16,189 [ERROR] AppliInfo:139 - Unknown STM32CubeMX version: 6.10.0
2026-02-08 13:52:16,190 [ERROR] AppliInfo:139 - Unknown STM32CubeMX version: 6.10.0
2026-02-08 13:52:16,190 [ERROR] AppliInfo:139 - Unknown STM32CubeMX version: 6.10.0
2026-02-08 13:52:16,190 [ERROR] AppliInfo:139 - Unknown STM32CubeMX version: 6.10.0
2026-02-08 13:52:16,190 [ERROR] AppliInfo:139 - Unknown STM32CubeMX version: 6.10.0
2026-02-08 13:52:16,190 [ERROR] AppliInfo:139 - Unknown STM32CubeMX version: 6.10.0
2026-02-08 13:52:16,190 [ERROR] AppliInfo:139 - Unknown STM32CubeMX version: 6.10.0
2026-02-08 13:52:16,190 [ERROR] AppliInfo:139 - Unknown STM32CubeMX version: 6.10.0
2026-02-08 13:52:16,190 [ERROR] AppliInfo:139 - Unknown STM32CubeMX version: 6.10.0
2026-02-08 13:52:16,190 [ERROR] AppliInfo:139 - Unknown STM32CubeMX version: 6.10.0
2026-02-08 13:52:16,191 [ERROR] AppliInfo:139 - Unknown STM32CubeMX version: 6.10.0
2026-02-08 13:52:16,191 [ERROR] AppliInfo:139 - Unknown STM32CubeMX version: 6.10.0
2026-02-08 13:52:16,191 [ERROR] AppliInfo:139 - Unknown STM32CubeMX version: 6.10.0
2026-02-08 13:52:16,191 [ERROR] AppliInfo:139 - Unknown STM32CubeMX version: 6.10.0
2026-02-08 13:52:16,191 [ERROR] AppliInfo:139 - Unknown STM32CubeMX version: 6.10.0
2026-02-08 13:52:16,191 [ERROR] AppliInfo:139 - Unknown STM32CubeMX version: 6.10.0
2026-02-08 13:52:16,191 [ERROR] AppliInfo:139 - Unknown STM32CubeMX version: 6.10.0
2026-02-08 13:52:16,191 [ERROR] AppliInfo:139 - Unknown STM32CubeMX version: 6.13.0
2026-02-08 13:52:16,193 [ERROR] AppliInfo:139 - Unknown STM32CubeMX version: 6.11.0
2026-02-08 13:52:16,193 [ERROR] AppliInfo:139 - Unknown STM32CubeMX version: 6.11.0
2026-02-08 13:52:16,193 [ERROR] AppliInfo:139 - Unknown STM32CubeMX version: 6.11.0
2026-02-08 13:52:16,195 [ERROR] AppliInfo:139 - Unknown STM32CubeMX version: 6.11.0
2026-02-08 13:52:16,195 [ERROR] AppliInfo:139 - Unknown STM32CubeMX version: 6.11.0
2026-02-08 13:52:16,196 [ERROR] AppliInfo:139 - Unknown STM32CubeMX version: 6.14.0
2026-02-08 13:52:16,196 [ERROR] AppliInfo:139 - Unknown STM32CubeMX version: 6.14.0
2026-02-08 13:52:16,196 [ERROR] AppliInfo:139 - Unknown STM32CubeMX version: 6.14.0
2026-02-08 13:52:16,196 [ERROR] AppliInfo:139 - Unknown STM32CubeMX version: 6.14.0
2026-02-08 13:52:16,197 [ERROR] AppliInfo:139 - Unknown STM32CubeMX version: 6.14.0
2026-02-08 13:52:16,198 [ERROR] AppliInfo:139 - Unknown STM32CubeMX version: 6.14.0
2026-02-08 13:52:16,198 [ERROR] AppliInfo:139 - Unknown STM32CubeMX version: 6.14.0
2026-02-08 13:52:16,198 [ERROR] AppliInfo:139 - Unknown STM32CubeMX version: 6.14.0
2026-02-08 13:52:16,199 [ERROR] AppliInfo:139 - Unknown STM32CubeMX version: 6.14.0
2026-02-08 13:52:16,199 [ERROR] AppliInfo:139 - Unknown STM32CubeMX version: 6.14.0
2026-02-08 13:52:16,199 [ERROR] AppliInfo:139 - Unknown STM32CubeMX version: 6.14.0
2026-02-08 13:52:16,199 [ERROR] AppliInfo:139 - Unknown STM32CubeMX version: 6.14.0
2026-02-08 13:52:16,199 [ERROR] AppliInfo:139 - Unknown STM32CubeMX version: 6.14.0
2026-02-08 13:52:16,200 [ERROR] AppliInfo:139 - Unknown STM32CubeMX version: 6.14.0
2026-02-08 13:52:16,201 [ERROR] AppliInfo:139 - Unknown STM32CubeMX version: 6.11.0
2026-02-08 13:52:16,202 [ERROR] AppliInfo:139 - Unknown STM32CubeMX version: 6.11.0
2026-02-08 13:52:16,202 [ERROR] AppliInfo:139 - Unknown STM32CubeMX version: 6.11.0
2026-02-08 13:52:16,202 [ERROR] AppliInfo:139 - Unknown STM32CubeMX version: 6.11.0
2026-02-08 13:52:16,204 [ERROR] AppliInfo:139 - Unknown STM32CubeMX version: 6.14.0
2026-02-08 13:52:16,204 [ERROR] AppliInfo:139 - Unknown STM32CubeMX version: 6.14.0
2026-02-08 13:52:16,212 [ERROR] AppliInfo:139 - Unknown STM32CubeMX version: 6.14.0
2026-02-08 13:52:16,212 [ERROR] AppliInfo:139 - Unknown STM32CubeMX version: 6.14.0
2026-02-08 13:52:16,213 [ERROR] AppliInfo:139 - Unknown STM32CubeMX version: 6.14.0
2026-02-08 13:52:16,213 [ERROR] AppliInfo:139 - Unknown STM32CubeMX version: 6.14.0
2026-02-08 13:52:16,213 [ERROR] AppliInfo:139 - Unknown STM32CubeMX version: 6.14.0
2026-02-08 13:52:16,213 [ERROR] AppliInfo:139 - Unknown STM32CubeMX version: 6.14.0
2026-02-08 13:52:16,214 [ERROR] AppliInfo:139 - Unknown STM32CubeMX version: 6.14.0
2026-02-08 13:52:16,214 [ERROR] AppliInfo:139 - Unknown STM32CubeMX version: 6.14.0
2026-02-08 13:52:16,214 [ERROR] AppliInfo:139 - Unknown STM32CubeMX version: 6.14.0
2026-02-08 13:52:16,214 [ERROR] AppliInfo:139 - Unknown STM32CubeMX version: 6.14.0
2026-02-08 13:52:16,214 [ERROR] AppliInfo:139 - Unknown STM32CubeMX version: 6.14.0
2026-02-08 13:52:16,215 [ERROR] AppliInfo:139 - Unknown STM32CubeMX version: 6.14.0
2026-02-08 13:52:16,215 [ERROR] AppliInfo:139 - Unknown STM32CubeMX version: 6.11.0
2026-02-08 13:52:16,215 [ERROR] AppliInfo:139 - Unknown STM32CubeMX version: 6.14.0
2026-02-08 13:52:16,215 [ERROR] AppliInfo:139 - Unknown STM32CubeMX version: 6.14.0
2026-02-08 13:52:16,215 [ERROR] AppliInfo:139 - Unknown STM32CubeMX version: 6.14.0
2026-02-08 13:52:16,216 [ERROR] AppliInfo:139 - Unknown STM32CubeMX version: 6.14.0
2026-02-08 13:52:16,216 [ERROR] AppliInfo:139 - Unknown STM32CubeMX version: 6.14.0
2026-02-08 13:52:16,216 [ERROR] AppliInfo:139 - Unknown STM32CubeMX version: 6.14.0
2026-02-08 13:52:16,216 [ERROR] AppliInfo:139 - Unknown STM32CubeMX version: 6.14.0
2026-02-08 13:52:16,218 [ERROR] AppliInfo:139 - Unknown STM32CubeMX version: 6.11.0
2026-02-08 13:52:16,219 [ERROR] AppliInfo:139 - Unknown STM32CubeMX version: 6.11.0
2026-02-08 13:52:16,220 [ERROR] AppliInfo:139 - Unknown STM32CubeMX version: 6.14.0
2026-02-08 13:52:16,220 [ERROR] AppliInfo:139 - Unknown STM32CubeMX version: 6.14.0
2026-02-08 13:52:16,221 [ERROR] AppliInfo:139 - Unknown STM32CubeMX version: 6.14.0
2026-02-08 13:52:16,221 [ERROR] AppliInfo:139 - Unknown STM32CubeMX version: 6.11.0
2026-02-08 13:52:16,221 [ERROR] AppliInfo:139 - Unknown STM32CubeMX version: 6.11.0
2026-02-08 13:52:16,221 [ERROR] AppliInfo:139 - Unknown STM32CubeMX version: 6.11.0
2026-02-08 13:52:16,221 [ERROR] AppliInfo:139 - Unknown STM32CubeMX version: 6.11.0
2026-02-08 13:52:16,225 [ERROR] AppliInfo:139 - Unknown STM32CubeMX version: 6.11.0
2026-02-08 13:52:16,226 [ERROR] AppliInfo:139 - Unknown STM32CubeMX version: 6.11.0
2026-02-08 13:52:16,226 [ERROR] AppliInfo:139 - Unknown STM32CubeMX version: 6.11.0
2026-02-08 13:52:16,227 [ERROR] AppliInfo:139 - Unknown STM32CubeMX version: 6.11.0
2026-02-08 13:52:16,227 [ERROR] AppliInfo:139 - Unknown STM32CubeMX version: 6.11.0
2026-02-08 13:52:16,227 [ERROR] AppliInfo:139 - Unknown STM32CubeMX version: 6.11.0
2026-02-08 13:52:16,228 [ERROR] AppliInfo:139 - Unknown STM32CubeMX version: 6.11.0
2026-02-08 13:52:16,230 [ERROR] AppliInfo:139 - Unknown STM32CubeMX version: 6.11.0
2026-02-08 13:52:16,230 [ERROR] AppliInfo:139 - Unknown STM32CubeMX version: 6.14.0
2026-02-08 13:52:16,231 [ERROR] AppliInfo:139 - Unknown STM32CubeMX version: 6.14.0
2026-02-08 13:52:16,231 [ERROR] AppliInfo:139 - Unknown STM32CubeMX version: 6.14.0
2026-02-08 13:52:16,231 [ERROR] AppliInfo:139 - Unknown STM32CubeMX version: 6.14.0
2026-02-08 13:52:16,231 [ERROR] AppliInfo:139 - Unknown STM32CubeMX version: 6.14.0
2026-02-08 13:52:16,232 [ERROR] AppliInfo:139 - Unknown STM32CubeMX version: 6.11.0
2026-02-08 13:52:16,232 [ERROR] AppliInfo:139 - Unknown STM32CubeMX version: 6.14.0
2026-02-08 13:52:16,232 [ERROR] AppliInfo:139 - Unknown STM32CubeMX version: 6.14.0
2026-02-08 13:52:16,233 [ERROR] AppliInfo:139 - Unknown STM32CubeMX version: 6.11.0
2026-02-08 13:52:16,233 [ERROR] AppliInfo:139 - Unknown STM32CubeMX version: 6.11.0
2026-02-08 13:52:16,234 [ERROR] AppliInfo:139 - Unknown STM32CubeMX version: 6.14.0
2026-02-08 13:52:16,234 [ERROR] AppliInfo:139 - Unknown STM32CubeMX version: 6.14.0
2026-02-08 13:52:16,234 [ERROR] AppliInfo:139 - Unknown STM32CubeMX version: 6.14.0
2026-02-08 13:52:16,234 [ERROR] AppliInfo:139 - Unknown STM32CubeMX version: 6.13.0
2026-02-08 13:52:16,235 [ERROR] AppliInfo:139 - Unknown STM32CubeMX version: 6.11.0
2026-02-08 13:52:16,235 [ERROR] AppliInfo:139 - Unknown STM32CubeMX version: 6.11.0
2026-02-08 13:52:16,236 [ERROR] AppliInfo:139 - Unknown STM32CubeMX version: 6.11.0
2026-02-08 13:52:16,236 [ERROR] AppliInfo:139 - Unknown STM32CubeMX version: 6.11.0
2026-02-08 13:52:16,236 [ERROR] AppliInfo:139 - Unknown STM32CubeMX version: 6.11.0
2026-02-08 13:52:16,236 [ERROR] AppliInfo:139 - Unknown STM32CubeMX version: 6.11.0
2026-02-08 13:52:16,236 [ERROR] AppliInfo:139 - Unknown STM32CubeMX version: 6.11.0
2026-02-08 13:52:16,237 [ERROR] AppliInfo:139 - Unknown STM32CubeMX version: 6.11.0
2026-02-08 13:52:16,237 [ERROR] AppliInfo:139 - Unknown STM32CubeMX version: 6.11.0
2026-02-08 13:52:16,237 [ERROR] AppliInfo:139 - Unknown STM32CubeMX version: 6.11.0
2026-02-08 13:52:16,237 [ERROR] AppliInfo:139 - Unknown STM32CubeMX version: 6.11.0
2026-02-08 13:52:16,237 [ERROR] AppliInfo:139 - Unknown STM32CubeMX version: 6.11.0
2026-02-08 13:52:16,237 [ERROR] AppliInfo:139 - Unknown STM32CubeMX version: 6.11.0
2026-02-08 13:52:16,237 [ERROR] AppliInfo:139 - Unknown STM32CubeMX version: 6.11.0
2026-02-08 13:52:16,238 [ERROR] AppliInfo:139 - Unknown STM32CubeMX version: 6.11.0
2026-02-08 13:52:16,238 [ERROR] AppliInfo:139 - Unknown STM32CubeMX version: 6.11.0
2026-02-08 13:52:16,238 [ERROR] AppliInfo:139 - Unknown STM32CubeMX version: 6.11.0
2026-02-08 13:52:16,238 [ERROR] AppliInfo:139 - Unknown STM32CubeMX version: 6.11.0
2026-02-08 13:52:16,238 [ERROR] AppliInfo:139 - Unknown STM32CubeMX version: 6.11.0
2026-02-08 13:52:16,238 [ERROR] AppliInfo:139 - Unknown STM32CubeMX version: 6.11.0
2026-02-08 13:52:16,238 [ERROR] AppliInfo:139 - Unknown STM32CubeMX version: 6.11.0
2026-02-08 13:52:16,239 [ERROR] AppliInfo:139 - Unknown STM32CubeMX version: 6.12.0
2026-02-08 13:52:16,239 [ERROR] AppliInfo:139 - Unknown STM32CubeMX version: 6.12.0
2026-02-08 13:52:16,239 [ERROR] AppliInfo:139 - Unknown STM32CubeMX version: 6.12.0
2026-02-08 13:52:16,239 [ERROR] AppliInfo:139 - Unknown STM32CubeMX version: 6.11.0
2026-02-08 13:52:16,239 [ERROR] AppliInfo:139 - Unknown STM32CubeMX version: 6.11.0
2026-02-08 13:52:16,239 [ERROR] AppliInfo:139 - Unknown STM32CubeMX version: 6.11.0
2026-02-08 13:52:16,239 [ERROR] AppliInfo:139 - Unknown STM32CubeMX version: 6.11.0
2026-02-08 13:52:16,239 [ERROR] AppliInfo:139 - Unknown STM32CubeMX version: 6.11.0
2026-02-08 13:52:16,240 [ERROR] AppliInfo:139 - Unknown STM32CubeMX version: 6.11.0
2026-02-08 13:52:16,240 [ERROR] AppliInfo:139 - Unknown STM32CubeMX version: 6.11.0
2026-02-08 13:52:16,240 [ERROR] AppliInfo:139 - Unknown STM32CubeMX version: 6.11.0
2026-02-08 13:52:16,240 [ERROR] AppliInfo:139 - Unknown STM32CubeMX version: 6.11.0
2026-02-08 13:52:16,241 [ERROR] AppliInfo:139 - Unknown STM32CubeMX version: 6.11.0
2026-02-08 13:52:16,241 [ERROR] AppliInfo:139 - Unknown STM32CubeMX version: 6.11.0
2026-02-08 13:52:16,241 [ERROR] AppliInfo:139 - Unknown STM32CubeMX version: 6.11.0
2026-02-08 13:52:16,241 [ERROR] AppliInfo:139 - Unknown STM32CubeMX version: 6.11.0
2026-02-08 13:52:16,241 [ERROR] AppliInfo:139 - Unknown STM32CubeMX version: 6.11.0
2026-02-08 13:52:16,241 [ERROR] AppliInfo:139 - Unknown STM32CubeMX version: 6.11.0
2026-02-08 13:52:16,241 [ERROR] AppliInfo:139 - Unknown STM32CubeMX version: 6.11.0
2026-02-08 13:52:16,242 [ERROR] AppliInfo:139 - Unknown STM32CubeMX version: 6.13.0
2026-02-08 13:52:16,242 [ERROR] AppliInfo:139 - Unknown STM32CubeMX version: 6.11.0
2026-02-08 13:52:16,242 [ERROR] AppliInfo:139 - Unknown STM32CubeMX version: 6.11.0
2026-02-08 13:52:16,242 [ERROR] AppliInfo:139 - Unknown STM32CubeMX version: 6.11.0
2026-02-08 13:52:16,242 [ERROR] AppliInfo:139 - Unknown STM32CubeMX version: 6.11.0
2026-02-08 13:52:16,243 [ERROR] AppliInfo:139 - Unknown STM32CubeMX version: 6.11.0
2026-02-08 13:52:16,243 [ERROR] AppliInfo:139 - Unknown STM32CubeMX version: 6.14.0
2026-02-08 13:52:16,243 [ERROR] AppliInfo:139 - Unknown STM32CubeMX version: 6.14.0
2026-02-08 13:52:16,243 [ERROR] AppliInfo:139 - Unknown STM32CubeMX version: 6.14.0
2026-02-08 13:52:16,244 [ERROR] AppliInfo:139 - Unknown STM32CubeMX version: 6.14.0
2026-02-08 13:52:16,244 [ERROR] AppliInfo:139 - Unknown STM32CubeMX version: 6.13.0
2026-02-08 13:52:16,244 [ERROR] AppliInfo:139 - Unknown STM32CubeMX version: 6.13.0
2026-02-08 13:52:17,135 [ERROR] AppliInfo:139 - Unknown STM32CubeMX version: 6.14.0
2026-02-08 13:52:17,136 [ERROR] AppliInfo:139 - Unknown STM32CubeMX version: 6.14.0
2026-02-08 13:52:17,136 [ERROR] AppliInfo:139 - Unknown STM32CubeMX version: 6.14.0
2026-02-08 13:52:17,136 [ERROR] AppliInfo:139 - Unknown STM32CubeMX version: 6.16.0
2026-02-08 13:52:17,136 [ERROR] AppliInfo:139 - Unknown STM32CubeMX version: 6.16.0
2026-02-08 13:52:17,136 [ERROR] AppliInfo:139 - Unknown STM32CubeMX version: 6.16.0
2026-02-08 13:52:17,136 [ERROR] AppliInfo:139 - Unknown STM32CubeMX version: 6.16.0
2026-02-08 13:52:17,136 [ERROR] AppliInfo:139 - Unknown STM32CubeMX version: 6.16.0
2026-02-08 13:52:17,137 [ERROR] AppliInfo:139 - Unknown STM32CubeMX version: 6.14.0
2026-02-08 13:52:17,137 [ERROR] AppliInfo:139 - Unknown STM32CubeMX version: 6.14.0
2026-02-08 13:52:17,137 [ERROR] AppliInfo:139 - Unknown STM32CubeMX version: 6.14.0
2026-02-08 13:52:17,137 [ERROR] AppliInfo:139 - Unknown STM32CubeMX version: 6.14.0
2026-02-08 13:52:17,137 [ERROR] AppliInfo:139 - Unknown STM32CubeMX version: 6.10.0
2026-02-08 13:52:17,137 [ERROR] AppliInfo:139 - Unknown STM32CubeMX version: 6.11.0
2026-02-08 13:52:17,137 [ERROR] AppliInfo:139 - Unknown STM32CubeMX version: 6.11.0
2026-02-08 13:52:17,138 [ERROR] AppliInfo:139 - Unknown STM32CubeMX version: 6.11.0
2026-02-08 13:52:17,138 [ERROR] AppliInfo:139 - Unknown STM32CubeMX version: 6.10.0
2026-02-08 13:52:17,138 [ERROR] AppliInfo:139 - Unknown STM32CubeMX version: 6.11.0
2026-02-08 13:52:17,138 [ERROR] AppliInfo:139 - Unknown STM32CubeMX version: 6.11.0
2026-02-08 13:52:17,138 [ERROR] AppliInfo:139 - Unknown STM32CubeMX version: 6.11.0
2026-02-08 13:52:17,138 [ERROR] AppliInfo:139 - Unknown STM32CubeMX version: 6.11.0
2026-02-08 13:52:17,138 [ERROR] AppliInfo:139 - Unknown STM32CubeMX version: 6.11.0
2026-02-08 13:52:17,138 [ERROR] AppliInfo:139 - Unknown STM32CubeMX version: 6.11.0
2026-02-08 13:52:17,139 [ERROR] AppliInfo:139 - Unknown STM32CubeMX version: 6.11.0
2026-02-08 13:52:17,139 [ERROR] AppliInfo:139 - Unknown STM32CubeMX version: 6.11.0
2026-02-08 13:52:17,139 [ERROR] AppliInfo:139 - Unknown STM32CubeMX version: 6.10.0
2026-02-08 13:52:17,139 [ERROR] AppliInfo:139 - Unknown STM32CubeMX version: 6.11.0
2026-02-08 13:52:17,139 [ERROR] AppliInfo:139 - Unknown STM32CubeMX version: 6.11.0
2026-02-08 13:52:17,139 [ERROR] AppliInfo:139 - Unknown STM32CubeMX version: 6.10.0
2026-02-08 13:52:17,139 [ERROR] AppliInfo:139 - Unknown STM32CubeMX version: 6.11.0
2026-02-08 13:52:17,139 [ERROR] AppliInfo:139 - Unknown STM32CubeMX version: 6.11.0
2026-02-08 13:52:17,140 [ERROR] AppliInfo:139 - Unknown STM32CubeMX version: 6.11.0
2026-02-08 13:52:17,140 [ERROR] AppliInfo:139 - Unknown STM32CubeMX version: 6.11.0
2026-02-08 13:52:17,140 [ERROR] AppliInfo:139 - Unknown STM32CubeMX version: 6.11.0
2026-02-08 13:52:17,140 [ERROR] AppliInfo:139 - Unknown STM32CubeMX version: 6.15.0
2026-02-08 13:52:17,140 [ERROR] AppliInfo:139 - Unknown STM32CubeMX version: 6.15.0
2026-02-08 13:52:17,140 [ERROR] AppliInfo:139 - Unknown STM32CubeMX version: 6.15.0
2026-02-08 13:52:17,140 [ERROR] AppliInfo:139 - Unknown STM32CubeMX version: 6.15.0
2026-02-08 13:52:17,140 [ERROR] AppliInfo:139 - Unknown STM32CubeMX version: 6.15.0
2026-02-08 13:52:17,141 [ERROR] AppliInfo:139 - Unknown STM32CubeMX version: 6.15.0
2026-02-08 13:52:17,141 [ERROR] AppliInfo:139 - Unknown STM32CubeMX version: 6.15.0
2026-02-08 13:52:17,141 [ERROR] AppliInfo:139 - Unknown STM32CubeMX version: 6.11.0
2026-02-08 13:52:17,141 [ERROR] AppliInfo:139 - Unknown STM32CubeMX version: 6.11.0
2026-02-08 13:52:17,141 [ERROR] AppliInfo:139 - Unknown STM32CubeMX version: 6.11.0
2026-02-08 13:52:17,141 [ERROR] AppliInfo:139 - Unknown STM32CubeMX version: 6.10.0
2026-02-08 13:52:17,141 [ERROR] AppliInfo:139 - Unknown STM32CubeMX version: 6.11.0
2026-02-08 13:52:17,141 [ERROR] AppliInfo:139 - Unknown STM32CubeMX version: 6.11.0
2026-02-08 13:52:17,141 [ERROR] AppliInfo:139 - Unknown STM32CubeMX version: 6.11.0
2026-02-08 13:52:17,142 [ERROR] AppliInfo:139 - Unknown STM32CubeMX version: 6.11.0
2026-02-08 13:52:17,142 [ERROR] AppliInfo:139 - Unknown STM32CubeMX version: 6.11.0
2026-02-08 13:52:17,142 [ERROR] AppliInfo:139 - Unknown STM32CubeMX version: 6.11.0
2026-02-08 13:52:17,142 [ERROR] AppliInfo:139 - Unknown STM32CubeMX version: 6.11.0
2026-02-08 13:52:17,142 [ERROR] AppliInfo:139 - Unknown STM32CubeMX version: 6.11.0
2026-02-08 13:52:17,142 [ERROR] AppliInfo:139 - Unknown STM32CubeMX version: 6.11.0
2026-02-08 13:52:17,142 [ERROR] AppliInfo:139 - Unknown STM32CubeMX version: 6.11.0
2026-02-08 13:52:17,143 [ERROR] AppliInfo:139 - Unknown STM32CubeMX version: 6.11.0
2026-02-08 13:52:17,143 [ERROR] AppliInfo:139 - Unknown STM32CubeMX version: 6.11.0
2026-02-08 13:52:17,143 [ERROR] AppliInfo:139 - Unknown STM32CubeMX version: 6.11.0
2026-02-08 13:52:17,143 [ERROR] AppliInfo:139 - Unknown STM32CubeMX version: 6.11.0
2026-02-08 13:52:17,143 [ERROR] AppliInfo:139 - Unknown STM32CubeMX version: 6.11.0
2026-02-08 13:52:17,143 [ERROR] AppliInfo:139 - Unknown STM32CubeMX version: 6.11.0
2026-02-08 13:52:17,143 [ERROR] AppliInfo:139 - Unknown STM32CubeMX version: 6.11.0
2026-02-08 13:52:17,143 [ERROR] AppliInfo:139 - Unknown STM32CubeMX version: 6.11.0
2026-02-08 13:52:17,144 [ERROR] AppliInfo:139 - Unknown STM32CubeMX version: 6.11.0
2026-02-08 13:52:17,144 [ERROR] AppliInfo:139 - Unknown STM32CubeMX version: 6.11.0
2026-02-08 13:52:17,144 [ERROR] AppliInfo:139 - Unknown STM32CubeMX version: 6.11.0
2026-02-08 13:52:17,144 [ERROR] AppliInfo:139 - Unknown STM32CubeMX version: 6.11.0
2026-02-08 13:52:17,144 [ERROR] AppliInfo:139 - Unknown STM32CubeMX version: 6.11.0
2026-02-08 13:52:17,144 [ERROR] AppliInfo:139 - Unknown STM32CubeMX version: 6.11.0
2026-02-08 13:52:17,144 [ERROR] AppliInfo:139 - Unknown STM32CubeMX version: 6.11.0
2026-02-08 13:52:17,144 [ERROR] AppliInfo:139 - Unknown STM32CubeMX version: 6.11.0
2026-02-08 13:52:17,145 [ERROR] AppliInfo:139 - Unknown STM32CubeMX version: 6.11.0
2026-02-08 13:52:17,145 [ERROR] AppliInfo:139 - Unknown STM32CubeMX version: 6.11.0
2026-02-08 13:52:17,145 [ERROR] AppliInfo:139 - Unknown STM32CubeMX version: 6.11.0
2026-02-08 13:52:17,145 [ERROR] AppliInfo:139 - Unknown STM32CubeMX version: 6.11.0
2026-02-08 13:52:17,145 [ERROR] AppliInfo:139 - Unknown STM32CubeMX version: 6.11.0
2026-02-08 13:52:17,145 [ERROR] AppliInfo:139 - Unknown STM32CubeMX version: 6.11.0
2026-02-08 13:52:17,145 [ERROR] AppliInfo:139 - Unknown STM32CubeMX version: 6.11.0
2026-02-08 13:52:17,145 [ERROR] AppliInfo:139 - Unknown STM32CubeMX version: 6.11.0
2026-02-08 13:52:17,146 [ERROR] AppliInfo:139 - Unknown STM32CubeMX version: 6.11.0
2026-02-08 13:52:17,146 [ERROR] AppliInfo:139 - Unknown STM32CubeMX version: 6.11.0
2026-02-08 13:52:17,146 [ERROR] AppliInfo:139 - Unknown STM32CubeMX version: 6.11.0
2026-02-08 13:52:17,146 [ERROR] AppliInfo:139 - Unknown STM32CubeMX version: 6.11.0
2026-02-08 13:52:17,147 [ERROR] AppliInfo:139 - Unknown STM32CubeMX version: 6.11.0
2026-02-08 13:52:17,147 [ERROR] AppliInfo:139 - Unknown STM32CubeMX version: 6.11.0
2026-02-08 13:52:17,147 [ERROR] AppliInfo:139 - Unknown STM32CubeMX version: 6.11.0
2026-02-08 13:52:17,147 [ERROR] AppliInfo:139 - Unknown STM32CubeMX version: 6.11.0
2026-02-08 13:52:17,147 [ERROR] AppliInfo:139 - Unknown STM32CubeMX version: 6.11.0
2026-02-08 13:52:17,147 [ERROR] AppliInfo:139 - Unknown STM32CubeMX version: 6.11.0
2026-02-08 13:52:17,147 [ERROR] AppliInfo:139 - Unknown STM32CubeMX version: 6.11.0
2026-02-08 13:52:17,147 [ERROR] AppliInfo:139 - Unknown STM32CubeMX version: 6.10.0
2026-02-08 13:52:17,147 [ERROR] AppliInfo:139 - Unknown STM32CubeMX version: 6.10.0
2026-02-08 13:52:17,148 [ERROR] AppliInfo:139 - Unknown STM32CubeMX version: 6.11.0
2026-02-08 13:52:17,148 [ERROR] AppliInfo:139 - Unknown STM32CubeMX version: 6.10.0
2026-02-08 13:52:17,148 [ERROR] AppliInfo:139 - Unknown STM32CubeMX version: 6.11.0
2026-02-08 13:52:17,148 [ERROR] AppliInfo:139 - Unknown STM32CubeMX version: 6.11.0
2026-02-08 13:52:17,148 [ERROR] AppliInfo:139 - Unknown STM32CubeMX version: 6.11.0
2026-02-08 13:52:17,148 [ERROR] AppliInfo:139 - Unknown STM32CubeMX version: 6.11.0
2026-02-08 13:52:17,148 [ERROR] AppliInfo:139 - Unknown STM32CubeMX version: 6.11.0
2026-02-08 13:52:17,148 [ERROR] AppliInfo:139 - Unknown STM32CubeMX version: 6.11.0
2026-02-08 13:52:17,149 [ERROR] AppliInfo:139 - Unknown STM32CubeMX version: 6.11.0
2026-02-08 13:52:17,149 [ERROR] AppliInfo:139 - Unknown STM32CubeMX version: 6.11.0
2026-02-08 13:52:17,149 [ERROR] AppliInfo:139 - Unknown STM32CubeMX version: 6.11.0
2026-02-08 13:52:17,149 [ERROR] AppliInfo:139 - Unknown STM32CubeMX version: 6.11.0
2026-02-08 13:52:17,149 [ERROR] AppliInfo:139 - Unknown STM32CubeMX version: 6.11.0
2026-02-08 13:52:17,149 [ERROR] AppliInfo:139 - Unknown STM32CubeMX version: 6.11.0
2026-02-08 13:52:17,149 [ERROR] AppliInfo:139 - Unknown STM32CubeMX version: 6.11.0
2026-02-08 13:52:17,149 [ERROR] AppliInfo:139 - Unknown STM32CubeMX version: 6.11.0
2026-02-08 13:52:17,150 [ERROR] AppliInfo:139 - Unknown STM32CubeMX version: 6.11.0
2026-02-08 13:52:17,150 [ERROR] AppliInfo:139 - Unknown STM32CubeMX version: 6.11.0
2026-02-08 13:52:17,150 [ERROR] AppliInfo:139 - Unknown STM32CubeMX version: 6.11.0
2026-02-08 13:52:17,150 [ERROR] AppliInfo:139 - Unknown STM32CubeMX version: 6.10.0
2026-02-08 13:52:17,150 [ERROR] AppliInfo:139 - Unknown STM32CubeMX version: 6.11.0
2026-02-08 13:52:17,150 [ERROR] AppliInfo:139 - Unknown STM32CubeMX version: 6.11.0
2026-02-08 13:52:17,155 [ERROR] AppliInfo:139 - Unknown STM32CubeMX version: 6.11.0
2026-02-08 13:52:17,156 [ERROR] AppliInfo:139 - Unknown STM32CubeMX version: 6.11.0
2026-02-08 13:52:17,156 [ERROR] AppliInfo:139 - Unknown STM32CubeMX version: 6.11.0
2026-02-08 13:52:17,156 [ERROR] AppliInfo:139 - Unknown STM32CubeMX version: 6.10.0
2026-02-08 13:52:17,156 [ERROR] AppliInfo:139 - Unknown STM32CubeMX version: 6.10.0
2026-02-08 13:52:17,156 [ERROR] AppliInfo:139 - Unknown STM32CubeMX version: 6.11.0
2026-02-08 13:52:17,156 [ERROR] AppliInfo:139 - Unknown STM32CubeMX version: 6.11.0
2026-02-08 13:52:17,157 [ERROR] AppliInfo:139 - Unknown STM32CubeMX version: 6.11.0
2026-02-08 13:52:17,157 [ERROR] AppliInfo:139 - Unknown STM32CubeMX version: 6.11.0
2026-02-08 13:52:17,157 [ERROR] AppliInfo:139 - Unknown STM32CubeMX version: 6.11.0
2026-02-08 13:52:17,157 [ERROR] AppliInfo:139 - Unknown STM32CubeMX version: 6.11.0
2026-02-08 13:52:17,157 [ERROR] AppliInfo:139 - Unknown STM32CubeMX version: 6.11.0
2026-02-08 13:52:17,157 [ERROR] AppliInfo:139 - Unknown STM32CubeMX version: 6.11.0
2026-02-08 13:52:17,157 [ERROR] AppliInfo:139 - Unknown STM32CubeMX version: 6.11.0
2026-02-08 13:52:17,158 [ERROR] AppliInfo:139 - Unknown STM32CubeMX version: 6.11.0
2026-02-08 13:52:17,158 [ERROR] AppliInfo:139 - Unknown STM32CubeMX version: 6.11.0
2026-02-08 13:52:17,158 [ERROR] AppliInfo:139 - Unknown STM32CubeMX version: 6.10.0
2026-02-08 13:52:17,158 [ERROR] AppliInfo:139 - Unknown STM32CubeMX version: 6.12.0
2026-02-08 13:52:17,158 [ERROR] AppliInfo:139 - Unknown STM32CubeMX version: 6.10.0
2026-02-08 13:52:17,158 [ERROR] AppliInfo:139 - Unknown STM32CubeMX version: 6.10.0
2026-02-08 13:52:17,158 [ERROR] AppliInfo:139 - Unknown STM32CubeMX version: 6.10.0
2026-02-08 13:52:17,158 [ERROR] AppliInfo:139 - Unknown STM32CubeMX version: 6.11.0
2026-02-08 13:52:17,159 [ERROR] AppliInfo:139 - Unknown STM32CubeMX version: 6.10.0
2026-02-08 13:52:17,159 [ERROR] AppliInfo:139 - Unknown STM32CubeMX version: 6.10.0
2026-02-08 13:52:17,159 [ERROR] AppliInfo:139 - Unknown STM32CubeMX version: 6.11.0
2026-02-08 13:52:17,159 [ERROR] AppliInfo:139 - Unknown STM32CubeMX version: 6.11.0
2026-02-08 13:52:17,159 [ERROR] AppliInfo:139 - Unknown STM32CubeMX version: 6.11.0
2026-02-08 13:52:17,159 [ERROR] AppliInfo:139 - Unknown STM32CubeMX version: 6.15.0
2026-02-08 13:52:17,159 [ERROR] AppliInfo:139 - Unknown STM32CubeMX version: 6.11.0
2026-02-08 13:52:17,159 [ERROR] AppliInfo:139 - Unknown STM32CubeMX version: 6.11.0
2026-02-08 13:52:17,159 [ERROR] AppliInfo:139 - Unknown STM32CubeMX version: 6.11.0
2026-02-08 13:52:17,160 [ERROR] AppliInfo:139 - Unknown STM32CubeMX version: 6.11.0
2026-02-08 13:52:17,160 [ERROR] AppliInfo:139 - Unknown STM32CubeMX version: 6.11.0
2026-02-08 13:52:17,160 [ERROR] AppliInfo:139 - Unknown STM32CubeMX version: 6.11.0
2026-02-08 13:52:17,160 [ERROR] AppliInfo:139 - Unknown STM32CubeMX version: 6.11.0
2026-02-08 13:52:17,160 [ERROR] AppliInfo:139 - Unknown STM32CubeMX version: 6.11.0
2026-02-08 13:52:17,160 [ERROR] AppliInfo:139 - Unknown STM32CubeMX version: 6.11.0
2026-02-08 13:52:17,160 [ERROR] AppliInfo:139 - Unknown STM32CubeMX version: 6.11.0
2026-02-08 13:52:17,160 [ERROR] AppliInfo:139 - Unknown STM32CubeMX version: 6.11.0
2026-02-08 13:52:17,161 [ERROR] AppliInfo:139 - Unknown STM32CubeMX version: 6.11.0
2026-02-08 13:52:17,161 [ERROR] AppliInfo:139 - Unknown STM32CubeMX version: 6.11.0
2026-02-08 13:52:17,161 [ERROR] AppliInfo:139 - Unknown STM32CubeMX version: 6.11.0
2026-02-08 13:52:17,161 [ERROR] AppliInfo:139 - Unknown STM32CubeMX version: 6.11.0
2026-02-08 13:52:17,161 [ERROR] AppliInfo:139 - Unknown STM32CubeMX version: 6.11.0
2026-02-08 13:52:17,161 [ERROR] AppliInfo:139 - Unknown STM32CubeMX version: 6.11.0
2026-02-08 13:52:17,161 [ERROR] AppliInfo:139 - Unknown STM32CubeMX version: 6.11.0
2026-02-08 13:52:17,162 [ERROR] AppliInfo:139 - Unknown STM32CubeMX version: 6.11.0
2026-02-08 13:52:17,162 [ERROR] AppliInfo:139 - Unknown STM32CubeMX version: 6.11.0
2026-02-08 13:52:17,162 [ERROR] AppliInfo:139 - Unknown STM32CubeMX version: 6.11.0
2026-02-08 13:52:17,162 [ERROR] AppliInfo:139 - Unknown STM32CubeMX version: 6.11.0
2026-02-08 13:52:17,162 [ERROR] AppliInfo:139 - Unknown STM32CubeMX version: 6.11.0
2026-02-08 13:52:17,162 [ERROR] AppliInfo:139 - Unknown STM32CubeMX version: 6.11.0
2026-02-08 13:52:17,162 [ERROR] AppliInfo:139 - Unknown STM32CubeMX version: 6.11.0
2026-02-08 13:52:17,163 [ERROR] AppliInfo:139 - Unknown STM32CubeMX version: 6.11.0
2026-02-08 13:52:17,163 [ERROR] AppliInfo:139 - Unknown STM32CubeMX version: 6.11.0
2026-02-08 13:52:17,163 [ERROR] AppliInfo:139 - Unknown STM32CubeMX version: 6.11.0
2026-02-08 13:52:17,163 [ERROR] AppliInfo:139 - Unknown STM32CubeMX version: 6.11.0
2026-02-08 13:52:17,163 [ERROR] AppliInfo:139 - Unknown STM32CubeMX version: 6.11.0
2026-02-08 13:52:17,164 [ERROR] AppliInfo:139 - Unknown STM32CubeMX version: 6.11.0
2026-02-08 13:52:17,164 [ERROR] AppliInfo:139 - Unknown STM32CubeMX version: 6.11.0
2026-02-08 13:52:17,164 [ERROR] AppliInfo:139 - Unknown STM32CubeMX version: 6.14.0
2026-02-08 13:52:17,165 [ERROR] AppliInfo:139 - Unknown STM32CubeMX version: 6.14.0
2026-02-08 13:52:17,165 [ERROR] AppliInfo:139 - Unknown STM32CubeMX version: 6.14.0
2026-02-08 13:52:17,165 [ERROR] AppliInfo:139 - Unknown STM32CubeMX version: 6.14.0
2026-02-08 13:52:17,165 [ERROR] AppliInfo:139 - Unknown STM32CubeMX version: 6.14.0
2026-02-08 13:52:17,165 [ERROR] AppliInfo:139 - Unknown STM32CubeMX version: 6.14.0
2026-02-08 13:52:17,165 [ERROR] AppliInfo:139 - Unknown STM32CubeMX version: 6.14.0
2026-02-08 13:52:17,166 [ERROR] AppliInfo:139 - Unknown STM32CubeMX version: 6.14.0
2026-02-08 13:52:17,166 [ERROR] AppliInfo:139 - Unknown STM32CubeMX version: 6.14.0
2026-02-08 13:52:17,166 [ERROR] AppliInfo:139 - Unknown STM32CubeMX version: 6.10.0
2026-02-08 13:52:17,166 [ERROR] AppliInfo:139 - Unknown STM32CubeMX version: 6.10.0
2026-02-08 13:52:17,166 [ERROR] AppliInfo:139 - Unknown STM32CubeMX version: 6.11.0
2026-02-08 13:52:17,166 [ERROR] AppliInfo:139 - Unknown STM32CubeMX version: 6.11.0
2026-02-08 13:52:17,166 [ERROR] AppliInfo:139 - Unknown STM32CubeMX version: 6.11.0
2026-02-08 13:52:17,166 [ERROR] AppliInfo:139 - Unknown STM32CubeMX version: 6.11.0
2026-02-08 13:52:17,166 [ERROR] AppliInfo:139 - Unknown STM32CubeMX version: 6.11.0
2026-02-08 13:52:17,167 [ERROR] AppliInfo:139 - Unknown STM32CubeMX version: 6.11.0
2026-02-08 13:52:17,167 [ERROR] AppliInfo:139 - Unknown STM32CubeMX version: 6.11.0
2026-02-08 13:52:17,167 [ERROR] AppliInfo:139 - Unknown STM32CubeMX version: 6.11.0
2026-02-08 13:52:17,167 [ERROR] AppliInfo:139 - Unknown STM32CubeMX version: 6.11.0
2026-02-08 13:52:17,167 [ERROR] AppliInfo:139 - Unknown STM32CubeMX version: 6.11.0
2026-02-08 13:52:17,167 [ERROR] AppliInfo:139 - Unknown STM32CubeMX version: 6.11.0
2026-02-08 13:52:17,168 [ERROR] AppliInfo:139 - Unknown STM32CubeMX version: 6.11.0
2026-02-08 13:52:17,168 [ERROR] AppliInfo:139 - Unknown STM32CubeMX version: 6.11.0
2026-02-08 13:52:17,168 [ERROR] AppliInfo:139 - Unknown STM32CubeMX version: 6.11.0
2026-02-08 13:52:17,168 [ERROR] AppliInfo:139 - Unknown STM32CubeMX version: 6.11.0
2026-02-08 13:52:17,168 [ERROR] AppliInfo:139 - Unknown STM32CubeMX version: 6.11.0
2026-02-08 13:52:17,168 [ERROR] AppliInfo:139 - Unknown STM32CubeMX version: 6.11.0
2026-02-08 13:52:17,169 [ERROR] AppliInfo:139 - Unknown STM32CubeMX version: 6.13.0
2026-02-08 13:52:17,169 [ERROR] AppliInfo:139 - Unknown STM32CubeMX version: 6.11.0
2026-02-08 13:52:17,169 [ERROR] AppliInfo:139 - Unknown STM32CubeMX version: 6.11.0
2026-02-08 13:52:17,169 [ERROR] AppliInfo:139 - Unknown STM32CubeMX version: 6.13.0
2026-02-08 13:52:17,169 [ERROR] AppliInfo:139 - Unknown STM32CubeMX version: 6.11.0
2026-02-08 13:52:17,169 [ERROR] AppliInfo:139 - Unknown STM32CubeMX version: 6.11.0
2026-02-08 13:52:17,169 [ERROR] AppliInfo:139 - Unknown STM32CubeMX version: 6.11.0
2026-02-08 13:52:17,170 [ERROR] AppliInfo:139 - Unknown STM32CubeMX version: 6.11.0
2026-02-08 13:52:17,170 [ERROR] AppliInfo:139 - Unknown STM32CubeMX version: 6.13.0
2026-02-08 13:52:17,170 [ERROR] AppliInfo:139 - Unknown STM32CubeMX version: 6.13.0
2026-02-08 13:52:17,170 [ERROR] AppliInfo:139 - Unknown STM32CubeMX version: 6.11.0
2026-02-08 13:52:17,170 [ERROR] AppliInfo:139 - Unknown STM32CubeMX version: 6.16.0
2026-02-08 13:52:17,170 [ERROR] AppliInfo:139 - Unknown STM32CubeMX version: 6.16.0
2026-02-08 13:52:17,171 [ERROR] AppliInfo:139 - Unknown STM32CubeMX version: 6.16.0
2026-02-08 13:52:17,171 [ERROR] AppliInfo:139 - Unknown STM32CubeMX version: 6.11.0
2026-02-08 13:52:17,171 [ERROR] AppliInfo:139 - Unknown STM32CubeMX version: 6.11.0
2026-02-08 13:52:17,171 [ERROR] AppliInfo:139 - Unknown STM32CubeMX version: 6.11.0
2026-02-08 13:52:17,171 [ERROR] AppliInfo:139 - Unknown STM32CubeMX version: 6.11.0
2026-02-08 13:52:17,171 [ERROR] AppliInfo:139 - Unknown STM32CubeMX version: 6.11.0
2026-02-08 13:52:17,172 [ERROR] AppliInfo:139 - Unknown STM32CubeMX version: 6.11.0
2026-02-08 13:52:17,172 [ERROR] AppliInfo:139 - Unknown STM32CubeMX version: 6.11.0
2026-02-08 13:52:17,172 [ERROR] AppliInfo:139 - Unknown STM32CubeMX version: 6.11.0
2026-02-08 13:52:17,172 [ERROR] AppliInfo:139 - Unknown STM32CubeMX version: 6.11.0
2026-02-08 13:52:17,172 [ERROR] AppliInfo:139 - Unknown STM32CubeMX version: 6.11.0
2026-02-08 13:52:17,172 [ERROR] AppliInfo:139 - Unknown STM32CubeMX version: 6.11.0
2026-02-08 13:52:17,173 [ERROR] AppliInfo:139 - Unknown STM32CubeMX version: 6.11.0
2026-02-08 13:52:17,173 [ERROR] AppliInfo:139 - Unknown STM32CubeMX version: 6.11.0
2026-02-08 13:52:17,173 [ERROR] AppliInfo:139 - Unknown STM32CubeMX version: 6.11.0
2026-02-08 13:52:17,173 [ERROR] AppliInfo:139 - Unknown STM32CubeMX version: 6.11.0
2026-02-08 13:52:17,173 [ERROR] AppliInfo:139 - Unknown STM32CubeMX version: 6.11.0
2026-02-08 13:52:17,174 [ERROR] AppliInfo:139 - Unknown STM32CubeMX version: 6.11.0
2026-02-08 13:52:17,174 [ERROR] AppliInfo:139 - Unknown STM32CubeMX version: 6.11.0
2026-02-08 13:52:17,174 [ERROR] AppliInfo:139 - Unknown STM32CubeMX version: 6.11.0
2026-02-08 13:52:17,174 [ERROR] AppliInfo:139 - Unknown STM32CubeMX version: 6.11.0
2026-02-08 13:52:17,174 [ERROR] AppliInfo:139 - Unknown STM32CubeMX version: 6.11.0
2026-02-08 13:52:17,174 [ERROR] AppliInfo:139 - Unknown STM32CubeMX version: 6.11.0
2026-02-08 13:52:17,175 [ERROR] AppliInfo:139 - Unknown STM32CubeMX version: 6.14.0
2026-02-08 13:52:17,175 [ERROR] AppliInfo:139 - Unknown STM32CubeMX version: 6.14.0
2026-02-08 13:52:17,175 [ERROR] AppliInfo:139 - Unknown STM32CubeMX version: 6.16.0
2026-02-08 13:52:17,175 [ERROR] AppliInfo:139 - Unknown STM32CubeMX version: 6.11.0
2026-02-08 13:52:17,175 [ERROR] AppliInfo:139 - Unknown STM32CubeMX version: 6.11.0
2026-02-08 13:52:17,175 [ERROR] AppliInfo:139 - Unknown STM32CubeMX version: 6.11.0
2026-02-08 13:52:17,176 [ERROR] AppliInfo:139 - Unknown STM32CubeMX version: 6.12.0
2026-02-08 13:52:17,176 [ERROR] AppliInfo:139 - Unknown STM32CubeMX version: 6.11.0
2026-02-08 13:52:17,176 [ERROR] AppliInfo:139 - Unknown STM32CubeMX version: 6.12.0
2026-02-08 13:52:17,176 [ERROR] AppliInfo:139 - Unknown STM32CubeMX version: 6.12.0
2026-02-08 13:52:17,176 [ERROR] AppliInfo:139 - Unknown STM32CubeMX version: 6.12.0
2026-02-08 13:52:17,176 [ERROR] AppliInfo:139 - Unknown STM32CubeMX version: 6.12.0
2026-02-08 13:52:17,177 [ERROR] AppliInfo:139 - Unknown STM32CubeMX version: 6.12.0
2026-02-08 13:52:17,177 [ERROR] AppliInfo:139 - Unknown STM32CubeMX version: 6.12.0
2026-02-08 13:52:17,177 [ERROR] AppliInfo:139 - Unknown STM32CubeMX version: 6.12.0
2026-02-08 13:52:17,177 [ERROR] AppliInfo:139 - Unknown STM32CubeMX version: 6.13.0
2026-02-08 13:52:17,177 [ERROR] AppliInfo:139 - Unknown STM32CubeMX version: 6.12.0
2026-02-08 13:52:17,177 [ERROR] AppliInfo:139 - Unknown STM32CubeMX version: 6.12.0
2026-02-08 13:52:17,177 [ERROR] AppliInfo:139 - Unknown STM32CubeMX version: 6.12.0
2026-02-08 13:52:17,177 [ERROR] AppliInfo:139 - Unknown STM32CubeMX version: 6.12.0
2026-02-08 13:52:17,177 [ERROR] AppliInfo:139 - Unknown STM32CubeMX version: 6.13.0
2026-02-08 13:52:18,158 [ERROR] AppliInfo:139 - Unknown STM32CubeMX version: 6.10.0
2026-02-08 13:52:18,158 [ERROR] AppliInfo:139 - Unknown STM32CubeMX version: 6.10.0
2026-02-08 13:52:18,159 [ERROR] AppliInfo:139 - Unknown STM32CubeMX version: 6.10.0
2026-02-08 13:52:18,159 [ERROR] AppliInfo:139 - Unknown STM32CubeMX version: 6.10.0
2026-02-08 13:52:18,159 [ERROR] AppliInfo:139 - Unknown STM32CubeMX version: 6.10.0
2026-02-08 13:52:18,159 [ERROR] AppliInfo:139 - Unknown STM32CubeMX version: 6.10.0
2026-02-08 13:52:18,160 [ERROR] AppliInfo:139 - Unknown STM32CubeMX version: 6.10.0
2026-02-08 13:52:18,160 [ERROR] AppliInfo:139 - Unknown STM32CubeMX version: 6.10.0
2026-02-08 13:52:18,160 [ERROR] AppliInfo:139 - Unknown STM32CubeMX version: 6.10.0
2026-02-08 13:52:18,160 [ERROR] AppliInfo:139 - Unknown STM32CubeMX version: 6.10.0
2026-02-08 13:52:18,160 [ERROR] AppliInfo:139 - Unknown STM32CubeMX version: 6.10.0
2026-02-08 13:52:18,161 [ERROR] AppliInfo:139 - Unknown STM32CubeMX version: 6.10.0
2026-02-08 13:52:18,161 [ERROR] AppliInfo:139 - Unknown STM32CubeMX version: 6.10.0
2026-02-08 13:52:18,161 [ERROR] AppliInfo:139 - Unknown STM32CubeMX version: 6.10.0
2026-02-08 13:52:18,161 [ERROR] AppliInfo:139 - Unknown STM32CubeMX version: 6.10.0
2026-02-08 13:52:18,162 [ERROR] AppliInfo:139 - Unknown STM32CubeMX version: 6.10.0
2026-02-08 13:52:18,162 [ERROR] AppliInfo:139 - Unknown STM32CubeMX version: 6.10.0
2026-02-08 13:52:18,162 [ERROR] AppliInfo:139 - Unknown STM32CubeMX version: 6.10.0
2026-02-08 13:52:18,163 [ERROR] AppliInfo:139 - Unknown STM32CubeMX version: 6.10.0
2026-02-08 13:52:18,163 [ERROR] AppliInfo:139 - Unknown STM32CubeMX version: 6.10.0
2026-02-08 13:52:18,163 [ERROR] AppliInfo:139 - Unknown STM32CubeMX version: 6.10.0
2026-02-08 13:52:18,163 [ERROR] AppliInfo:139 - Unknown STM32CubeMX version: 6.10.0
2026-02-08 13:52:18,164 [ERROR] AppliInfo:139 - Unknown STM32CubeMX version: 6.10.0
2026-02-08 13:52:18,164 [ERROR] AppliInfo:139 - Unknown STM32CubeMX version: 6.10.0
2026-02-08 13:52:18,164 [ERROR] AppliInfo:139 - Unknown STM32CubeMX version: 6.10.0
2026-02-08 13:52:18,164 [ERROR] AppliInfo:139 - Unknown STM32CubeMX version: 6.10.0
2026-02-08 13:52:18,164 [ERROR] AppliInfo:139 - Unknown STM32CubeMX version: 6.16.0
2026-02-08 13:52:18,165 [ERROR] AppliInfo:139 - Unknown STM32CubeMX version: 6.10.0
2026-02-08 13:52:18,165 [ERROR] AppliInfo:139 - Unknown STM32CubeMX version: 6.10.0
2026-02-08 13:52:18,165 [ERROR] AppliInfo:139 - Unknown STM32CubeMX version: 6.10.0
2026-02-08 13:52:18,165 [ERROR] AppliInfo:139 - Unknown STM32CubeMX version: 6.10.0
2026-02-08 13:52:18,165 [ERROR] AppliInfo:139 - Unknown STM32CubeMX version: 6.10.0
2026-02-08 13:52:18,165 [ERROR] AppliInfo:139 - Unknown STM32CubeMX version: 6.10.0
2026-02-08 13:52:18,166 [ERROR] AppliInfo:139 - Unknown STM32CubeMX version: 6.10.0
2026-02-08 13:52:18,166 [ERROR] AppliInfo:139 - Unknown STM32CubeMX version: 6.10.0
2026-02-08 13:52:18,166 [ERROR] AppliInfo:139 - Unknown STM32CubeMX version: 6.10.0
2026-02-08 13:52:18,167 [ERROR] AppliInfo:139 - Unknown STM32CubeMX version: 6.10.0
2026-02-08 13:52:18,167 [ERROR] AppliInfo:139 - Unknown STM32CubeMX version: 6.10.0
2026-02-08 13:52:18,167 [ERROR] AppliInfo:139 - Unknown STM32CubeMX version: 6.10.0
2026-02-08 13:52:18,167 [ERROR] AppliInfo:139 - Unknown STM32CubeMX version: 6.10.0
2026-02-08 13:52:18,167 [ERROR] AppliInfo:139 - Unknown STM32CubeMX version: 6.10.0
2026-02-08 13:52:18,168 [ERROR] AppliInfo:139 - Unknown STM32CubeMX version: 6.10.0
2026-02-08 13:52:18,168 [ERROR] AppliInfo:139 - Unknown STM32CubeMX version: 6.10.0
2026-02-08 13:52:18,168 [ERROR] AppliInfo:139 - Unknown STM32CubeMX version: 6.10.0
2026-02-08 13:52:18,168 [ERROR] AppliInfo:139 - Unknown STM32CubeMX version: 6.16.0
2026-02-08 13:52:18,168 [ERROR] AppliInfo:139 - Unknown STM32CubeMX version: 6.10.0
2026-02-08 13:52:18,168 [ERROR] AppliInfo:139 - Unknown STM32CubeMX version: 6.10.0
2026-02-08 13:52:18,169 [ERROR] AppliInfo:139 - Unknown STM32CubeMX version: 6.10.0
2026-02-08 13:52:18,169 [ERROR] AppliInfo:139 - Unknown STM32CubeMX version: 6.10.0
2026-02-08 13:52:18,169 [ERROR] AppliInfo:139 - Unknown STM32CubeMX version: 6.10.0
2026-02-08 13:52:18,169 [ERROR] AppliInfo:139 - Unknown STM32CubeMX version: 6.10.0
2026-02-08 13:52:18,169 [ERROR] AppliInfo:139 - Unknown STM32CubeMX version: 6.10.0
2026-02-08 13:52:18,170 [ERROR] AppliInfo:139 - Unknown STM32CubeMX version: 6.10.0
2026-02-08 13:52:18,170 [ERROR] AppliInfo:139 - Unknown STM32CubeMX version: 6.10.0
2026-02-08 13:52:18,170 [ERROR] AppliInfo:139 - Unknown STM32CubeMX version: 6.10.0
2026-02-08 13:52:18,170 [ERROR] AppliInfo:139 - Unknown STM32CubeMX version: 6.10.0
2026-02-08 13:52:18,170 [ERROR] AppliInfo:139 - Unknown STM32CubeMX version: 6.10.0
2026-02-08 13:52:18,170 [ERROR] AppliInfo:139 - Unknown STM32CubeMX version: 6.10.0
2026-02-08 13:52:18,171 [ERROR] AppliInfo:139 - Unknown STM32CubeMX version: 6.10.0
2026-02-08 13:52:18,171 [ERROR] AppliInfo:139 - Unknown STM32CubeMX version: 6.10.0
2026-02-08 13:52:18,171 [ERROR] AppliInfo:139 - Unknown STM32CubeMX version: 6.10.0
2026-02-08 13:52:18,171 [ERROR] AppliInfo:139 - Unknown STM32CubeMX version: 6.10.0
2026-02-08 13:52:18,171 [ERROR] AppliInfo:139 - Unknown STM32CubeMX version: 6.10.0
2026-02-08 13:52:18,171 [ERROR] AppliInfo:139 - Unknown STM32CubeMX version: 6.10.0
2026-02-08 13:52:18,171 [ERROR] AppliInfo:139 - Unknown STM32CubeMX version: 6.10.0
2026-02-08 13:52:18,172 [ERROR] AppliInfo:139 - Unknown STM32CubeMX version: 6.10.0
2026-02-08 13:52:18,172 [ERROR] AppliInfo:139 - Unknown STM32CubeMX version: 6.10.0
2026-02-08 13:52:18,172 [ERROR] AppliInfo:139 - Unknown STM32CubeMX version: 6.10.0
2026-02-08 13:52:18,172 [ERROR] AppliInfo:139 - Unknown STM32CubeMX version: 6.10.0
2026-02-08 13:52:18,172 [ERROR] AppliInfo:139 - Unknown STM32CubeMX version: 6.10.0
2026-02-08 13:52:18,172 [ERROR] AppliInfo:139 - Unknown STM32CubeMX version: 6.10.0
2026-02-08 13:52:18,172 [ERROR] AppliInfo:139 - Unknown STM32CubeMX version: 6.10.0
2026-02-08 13:52:18,173 [ERROR] AppliInfo:139 - Unknown STM32CubeMX version: 6.10.0
2026-02-08 13:52:18,173 [ERROR] AppliInfo:139 - Unknown STM32CubeMX version: 6.10.0
2026-02-08 13:52:18,173 [ERROR] AppliInfo:139 - Unknown STM32CubeMX version: 6.10.0
2026-02-08 13:52:18,173 [ERROR] AppliInfo:139 - Unknown STM32CubeMX version: 6.10.0
2026-02-08 13:52:18,173 [ERROR] AppliInfo:139 - Unknown STM32CubeMX version: 6.10.0
2026-02-08 13:52:18,173 [ERROR] AppliInfo:139 - Unknown STM32CubeMX version: 6.10.0
2026-02-08 13:52:18,173 [ERROR] AppliInfo:139 - Unknown STM32CubeMX version: 6.10.0
2026-02-08 13:52:18,174 [ERROR] AppliInfo:139 - Unknown STM32CubeMX version: 6.10.0
2026-02-08 13:52:18,174 [ERROR] AppliInfo:139 - Unknown STM32CubeMX version: 6.10.0
2026-02-08 13:52:18,174 [ERROR] AppliInfo:139 - Unknown STM32CubeMX version: 6.10.0
2026-02-08 13:52:18,174 [ERROR] AppliInfo:139 - Unknown STM32CubeMX version: 6.10.0
2026-02-08 13:52:18,174 [ERROR] AppliInfo:139 - Unknown STM32CubeMX version: 6.10.0
2026-02-08 13:52:18,174 [ERROR] AppliInfo:139 - Unknown STM32CubeMX version: 6.10.0
2026-02-08 13:52:18,174 [ERROR] AppliInfo:139 - Unknown STM32CubeMX version: 6.10.0
2026-02-08 13:52:18,175 [ERROR] AppliInfo:139 - Unknown STM32CubeMX version: 6.10.0
2026-02-08 13:52:18,175 [ERROR] AppliInfo:139 - Unknown STM32CubeMX version: 6.10.0
2026-02-08 13:52:18,175 [ERROR] AppliInfo:139 - Unknown STM32CubeMX version: 6.10.0
2026-02-08 13:52:18,175 [ERROR] AppliInfo:139 - Unknown STM32CubeMX version: 6.10.0
2026-02-08 13:52:18,175 [ERROR] AppliInfo:139 - Unknown STM32CubeMX version: 6.10.0
2026-02-08 13:52:18,175 [ERROR] AppliInfo:139 - Unknown STM32CubeMX version: 6.10.0
2026-02-08 13:52:18,175 [ERROR] AppliInfo:139 - Unknown STM32CubeMX version: 6.10.0
2026-02-08 13:52:18,175 [ERROR] AppliInfo:139 - Unknown STM32CubeMX version: 6.10.0
2026-02-08 13:52:18,176 [ERROR] AppliInfo:139 - Unknown STM32CubeMX version: 6.10.0
2026-02-08 13:52:18,176 [ERROR] AppliInfo:139 - Unknown STM32CubeMX version: 6.10.0
2026-02-08 13:52:18,176 [ERROR] AppliInfo:139 - Unknown STM32CubeMX version: 6.10.0
2026-02-08 13:52:18,176 [ERROR] AppliInfo:139 - Unknown STM32CubeMX version: 6.10.0
2026-02-08 13:52:18,176 [ERROR] AppliInfo:139 - Unknown STM32CubeMX version: 6.10.0
2026-02-08 13:52:18,176 [ERROR] AppliInfo:139 - Unknown STM32CubeMX version: 6.10.0
2026-02-08 13:52:18,177 [ERROR] AppliInfo:139 - Unknown STM32CubeMX version: 6.10.0
2026-02-08 13:52:18,177 [ERROR] AppliInfo:139 - Unknown STM32CubeMX version: 6.10.0
2026-02-08 13:52:18,177 [ERROR] AppliInfo:139 - Unknown STM32CubeMX version: 6.10.0
2026-02-08 13:52:18,177 [ERROR] AppliInfo:139 - Unknown STM32CubeMX version: 6.10.0
2026-02-08 13:52:18,177 [ERROR] AppliInfo:139 - Unknown STM32CubeMX version: 6.10.0
2026-02-08 13:52:18,177 [ERROR] AppliInfo:139 - Unknown STM32CubeMX version: 6.10.0
2026-02-08 13:52:18,177 [ERROR] AppliInfo:139 - Unknown STM32CubeMX version: 6.10.0
2026-02-08 13:52:18,177 [ERROR] AppliInfo:139 - Unknown STM32CubeMX version: 6.10.0
2026-02-08 13:52:18,178 [ERROR] AppliInfo:139 - Unknown STM32CubeMX version: 6.10.0
2026-02-08 13:52:18,178 [ERROR] AppliInfo:139 - Unknown STM32CubeMX version: 6.10.0
2026-02-08 13:52:18,178 [ERROR] AppliInfo:139 - Unknown STM32CubeMX version: 6.10.0
2026-02-08 13:52:18,178 [ERROR] AppliInfo:139 - Unknown STM32CubeMX version: 6.10.0
2026-02-08 13:52:18,178 [ERROR] AppliInfo:139 - Unknown STM32CubeMX version: 6.10.0
2026-02-08 13:52:18,182 [ERROR] AppliInfo:139 - Unknown STM32CubeMX version: 6.10.0
2026-02-08 13:52:18,182 [ERROR] AppliInfo:139 - Unknown STM32CubeMX version: 6.10.0
2026-02-08 13:52:18,183 [ERROR] AppliInfo:139 - Unknown STM32CubeMX version: 6.10.0
2026-02-08 13:52:18,183 [ERROR] AppliInfo:139 - Unknown STM32CubeMX version: 6.10.0
2026-02-08 13:52:18,183 [ERROR] AppliInfo:139 - Unknown STM32CubeMX version: 6.10.0
2026-02-08 13:52:18,183 [ERROR] AppliInfo:139 - Unknown STM32CubeMX version: 6.10.0
2026-02-08 13:52:18,184 [ERROR] AppliInfo:139 - Unknown STM32CubeMX version: 6.10.0
2026-02-08 13:52:18,184 [ERROR] AppliInfo:139 - Unknown STM32CubeMX version: 6.10.0
2026-02-08 13:52:18,184 [ERROR] AppliInfo:139 - Unknown STM32CubeMX version: 6.10.0
2026-02-08 13:52:18,184 [ERROR] AppliInfo:139 - Unknown STM32CubeMX version: 6.10.0
2026-02-08 13:52:18,184 [ERROR] AppliInfo:139 - Unknown STM32CubeMX version: 6.10.0
2026-02-08 13:52:18,184 [ERROR] AppliInfo:139 - Unknown STM32CubeMX version: 6.10.0
2026-02-08 13:52:18,185 [ERROR] AppliInfo:139 - Unknown STM32CubeMX version: 6.10.0
2026-02-08 13:52:18,186 [ERROR] AppliInfo:139 - Unknown STM32CubeMX version: 6.10.0
2026-02-08 13:52:18,186 [ERROR] AppliInfo:139 - Unknown STM32CubeMX version: 6.10.0
2026-02-08 13:52:18,186 [ERROR] AppliInfo:139 - Unknown STM32CubeMX version: 6.10.0
2026-02-08 13:52:18,186 [ERROR] AppliInfo:139 - Unknown STM32CubeMX version: 6.10.0
2026-02-08 13:52:18,186 [ERROR] AppliInfo:139 - Unknown STM32CubeMX version: 6.10.0
2026-02-08 13:52:18,187 [ERROR] AppliInfo:139 - Unknown STM32CubeMX version: 6.10.0
2026-02-08 13:52:18,187 [ERROR] AppliInfo:139 - Unknown STM32CubeMX version: 6.10.0
2026-02-08 13:52:18,187 [ERROR] AppliInfo:139 - Unknown STM32CubeMX version: 6.10.0
2026-02-08 13:52:18,187 [ERROR] AppliInfo:139 - Unknown STM32CubeMX version: 6.10.0
2026-02-08 13:52:18,187 [ERROR] AppliInfo:139 - Unknown STM32CubeMX version: 6.10.0
2026-02-08 13:52:18,188 [ERROR] AppliInfo:139 - Unknown STM32CubeMX version: 6.10.0
2026-02-08 13:52:18,188 [ERROR] AppliInfo:139 - Unknown STM32CubeMX version: 6.10.0
2026-02-08 13:52:18,188 [ERROR] AppliInfo:139 - Unknown STM32CubeMX version: 6.10.0
2026-02-08 13:52:18,188 [ERROR] AppliInfo:139 - Unknown STM32CubeMX version: 6.10.0
2026-02-08 13:52:18,188 [ERROR] AppliInfo:139 - Unknown STM32CubeMX version: 6.10.0
2026-02-08 13:52:18,189 [ERROR] AppliInfo:139 - Unknown STM32CubeMX version: 6.10.0
2026-02-08 13:52:18,189 [ERROR] AppliInfo:139 - Unknown STM32CubeMX version: 6.10.0
2026-02-08 13:52:18,190 [ERROR] AppliInfo:139 - Unknown STM32CubeMX version: 6.10.0
2026-02-08 13:52:18,190 [ERROR] AppliInfo:139 - Unknown STM32CubeMX version: 6.10.0
2026-02-08 13:52:18,191 [ERROR] AppliInfo:139 - Unknown STM32CubeMX version: 6.10.0
2026-02-08 13:52:18,191 [ERROR] AppliInfo:139 - Unknown STM32CubeMX version: 6.10.0
2026-02-08 13:52:18,191 [ERROR] AppliInfo:139 - Unknown STM32CubeMX version: 6.10.0
2026-02-08 13:52:18,191 [ERROR] AppliInfo:139 - Unknown STM32CubeMX version: 6.10.0
2026-02-08 13:52:18,191 [ERROR] AppliInfo:139 - Unknown STM32CubeMX version: 6.10.0
2026-02-08 13:52:18,191 [ERROR] AppliInfo:139 - Unknown STM32CubeMX version: 6.10.0
2026-02-08 13:52:18,192 [ERROR] AppliInfo:139 - Unknown STM32CubeMX version: 6.10.0
2026-02-08 13:52:18,192 [ERROR] AppliInfo:139 - Unknown STM32CubeMX version: 6.10.0
2026-02-08 13:52:18,192 [ERROR] AppliInfo:139 - Unknown STM32CubeMX version: 6.10.0
2026-02-08 13:52:18,193 [ERROR] AppliInfo:139 - Unknown STM32CubeMX version: 6.10.0
2026-02-08 13:52:18,193 [ERROR] AppliInfo:139 - Unknown STM32CubeMX version: 6.10.0
2026-02-08 13:52:18,193 [ERROR] AppliInfo:139 - Unknown STM32CubeMX version: 6.10.0
2026-02-08 13:52:18,194 [ERROR] AppliInfo:139 - Unknown STM32CubeMX version: 6.10.0
2026-02-08 13:52:18,194 [ERROR] AppliInfo:139 - Unknown STM32CubeMX version: 6.10.0
2026-02-08 13:52:18,194 [ERROR] AppliInfo:139 - Unknown STM32CubeMX version: 6.10.0
2026-02-08 13:52:18,195 [ERROR] AppliInfo:139 - Unknown STM32CubeMX version: 6.10.0
2026-02-08 13:52:18,195 [ERROR] AppliInfo:139 - Unknown STM32CubeMX version: 6.10.0
2026-02-08 13:52:18,195 [ERROR] AppliInfo:139 - Unknown STM32CubeMX version: 6.10.0
2026-02-08 13:52:18,195 [ERROR] AppliInfo:139 - Unknown STM32CubeMX version: 6.10.0
2026-02-08 13:52:18,196 [ERROR] AppliInfo:139 - Unknown STM32CubeMX version: 6.10.0
2026-02-08 13:52:18,196 [ERROR] AppliInfo:139 - Unknown STM32CubeMX version: 6.10.0
2026-02-08 13:52:18,196 [ERROR] AppliInfo:139 - Unknown STM32CubeMX version: 6.10.0
2026-02-08 13:52:18,196 [ERROR] AppliInfo:139 - Unknown STM32CubeMX version: 6.10.0
2026-02-08 13:52:18,196 [ERROR] AppliInfo:139 - Unknown STM32CubeMX version: 6.10.0
2026-02-08 13:52:18,197 [ERROR] AppliInfo:139 - Unknown STM32CubeMX version: 6.10.0
2026-02-08 13:52:18,197 [ERROR] AppliInfo:139 - Unknown STM32CubeMX version: 6.10.0
2026-02-08 13:52:18,197 [ERROR] AppliInfo:139 - Unknown STM32CubeMX version: 6.10.0
2026-02-08 13:52:18,197 [ERROR] AppliInfo:139 - Unknown STM32CubeMX version: 6.10.0
2026-02-08 13:52:18,197 [ERROR] AppliInfo:139 - Unknown STM32CubeMX version: 6.10.0
2026-02-08 13:52:18,197 [ERROR] AppliInfo:139 - Unknown STM32CubeMX version: 6.10.0
2026-02-08 13:52:18,198 [ERROR] AppliInfo:139 - Unknown STM32CubeMX version: 6.10.0
2026-02-08 13:52:18,198 [ERROR] AppliInfo:139 - Unknown STM32CubeMX version: 6.10.0
2026-02-08 13:52:18,198 [ERROR] AppliInfo:139 - Unknown STM32CubeMX version: 6.10.0
2026-02-08 13:52:18,198 [ERROR] AppliInfo:139 - Unknown STM32CubeMX version: 6.10.0
2026-02-08 13:52:18,198 [ERROR] AppliInfo:139 - Unknown STM32CubeMX version: 6.10.0
2026-02-08 13:52:18,198 [ERROR] AppliInfo:139 - Unknown STM32CubeMX version: 6.10.0
2026-02-08 13:52:18,199 [ERROR] AppliInfo:139 - Unknown STM32CubeMX version: 6.10.0
2026-02-08 13:52:18,199 [ERROR] AppliInfo:139 - Unknown STM32CubeMX version: 6.10.0
2026-02-08 13:52:18,199 [ERROR] AppliInfo:139 - Unknown STM32CubeMX version: 6.10.0
2026-02-08 13:52:18,199 [ERROR] AppliInfo:139 - Unknown STM32CubeMX version: 6.10.0
2026-02-08 13:52:18,199 [ERROR] AppliInfo:139 - Unknown STM32CubeMX version: 6.10.0
2026-02-08 13:52:18,199 [ERROR] AppliInfo:139 - Unknown STM32CubeMX version: 6.10.0
2026-02-08 13:52:18,200 [ERROR] AppliInfo:139 - Unknown STM32CubeMX version: 6.10.0
2026-02-08 13:52:18,200 [ERROR] AppliInfo:139 - Unknown STM32CubeMX version: 6.10.0
2026-02-08 13:52:18,200 [ERROR] AppliInfo:139 - Unknown STM32CubeMX version: 6.10.0
2026-02-08 13:52:18,200 [ERROR] AppliInfo:139 - Unknown STM32CubeMX version: 6.10.0
2026-02-08 13:52:18,200 [ERROR] AppliInfo:139 - Unknown STM32CubeMX version: 6.10.0
2026-02-08 13:52:18,200 [ERROR] AppliInfo:139 - Unknown STM32CubeMX version: 6.10.0
2026-02-08 13:52:18,201 [ERROR] AppliInfo:139 - Unknown STM32CubeMX version: 6.10.0
2026-02-08 13:52:18,201 [ERROR] AppliInfo:139 - Unknown STM32CubeMX version: 6.10.0
2026-02-08 13:52:18,201 [ERROR] AppliInfo:139 - Unknown STM32CubeMX version: 6.10.0
2026-02-08 13:52:18,201 [ERROR] AppliInfo:139 - Unknown STM32CubeMX version: 6.10.0
2026-02-08 13:52:18,201 [ERROR] AppliInfo:139 - Unknown STM32CubeMX version: 6.10.0
2026-02-08 13:52:18,201 [ERROR] AppliInfo:139 - Unknown STM32CubeMX version: 6.10.0
2026-02-08 13:52:18,201 [ERROR] AppliInfo:139 - Unknown STM32CubeMX version: 6.10.0
2026-02-08 13:52:18,201 [ERROR] AppliInfo:139 - Unknown STM32CubeMX version: 6.10.0
2026-02-08 13:52:18,202 [ERROR] AppliInfo:139 - Unknown STM32CubeMX version: 6.10.0
2026-02-08 13:52:18,202 [ERROR] AppliInfo:139 - Unknown STM32CubeMX version: 6.10.0
2026-02-08 13:52:18,202 [ERROR] AppliInfo:139 - Unknown STM32CubeMX version: 6.10.0
2026-02-08 13:52:18,202 [ERROR] AppliInfo:139 - Unknown STM32CubeMX version: 6.10.0
2026-02-08 13:52:18,202 [ERROR] AppliInfo:139 - Unknown STM32CubeMX version: 6.10.0
2026-02-08 13:52:18,202 [ERROR] AppliInfo:139 - Unknown STM32CubeMX version: 6.10.0
2026-02-08 13:52:18,202 [ERROR] AppliInfo:139 - Unknown STM32CubeMX version: 6.10.0
2026-02-08 13:52:18,203 [ERROR] AppliInfo:139 - Unknown STM32CubeMX version: 6.10.0
2026-02-08 13:52:18,203 [ERROR] AppliInfo:139 - Unknown STM32CubeMX version: 6.10.0
2026-02-08 13:52:18,203 [ERROR] AppliInfo:139 - Unknown STM32CubeMX version: 6.10.0
2026-02-08 13:52:18,203 [ERROR] AppliInfo:139 - Unknown STM32CubeMX version: 6.10.0
2026-02-08 13:52:18,203 [ERROR] AppliInfo:139 - Unknown STM32CubeMX version: 6.10.0
2026-02-08 13:52:18,204 [ERROR] AppliInfo:139 - Unknown STM32CubeMX version: 6.10.0
2026-02-08 13:52:18,204 [ERROR] AppliInfo:139 - Unknown STM32CubeMX version: 6.10.0
2026-02-08 13:52:18,204 [ERROR] AppliInfo:139 - Unknown STM32CubeMX version: 6.10.0
2026-02-08 13:52:18,204 [ERROR] AppliInfo:139 - Unknown STM32CubeMX version: 6.10.0
2026-02-08 13:52:18,204 [ERROR] AppliInfo:139 - Unknown STM32CubeMX version: 6.10.0
2026-02-08 13:52:18,204 [ERROR] AppliInfo:139 - Unknown STM32CubeMX version: 6.10.0
2026-02-08 13:52:18,205 [ERROR] AppliInfo:139 - Unknown STM32CubeMX version: 6.10.0
2026-02-08 13:52:18,205 [ERROR] AppliInfo:139 - Unknown STM32CubeMX version: 6.10.0
2026-02-08 13:52:18,205 [ERROR] AppliInfo:139 - Unknown STM32CubeMX version: 6.10.0
2026-02-08 13:52:18,205 [ERROR] AppliInfo:139 - Unknown STM32CubeMX version: 6.10.0
2026-02-08 13:52:18,205 [ERROR] AppliInfo:139 - Unknown STM32CubeMX version: 6.10.0
2026-02-08 13:52:18,205 [ERROR] AppliInfo:139 - Unknown STM32CubeMX version: 6.10.0
2026-02-08 13:52:18,209 [ERROR] AppliInfo:139 - Unknown STM32CubeMX version: 6.10.0
2026-02-08 13:52:18,210 [ERROR] AppliInfo:139 - Unknown STM32CubeMX version: 6.10.0
2026-02-08 13:52:18,210 [ERROR] AppliInfo:139 - Unknown STM32CubeMX version: 6.10.0
2026-02-08 13:52:18,210 [ERROR] AppliInfo:139 - Unknown STM32CubeMX version: 6.10.0
2026-02-08 13:52:18,210 [ERROR] AppliInfo:139 - Unknown STM32CubeMX version: 6.10.0
2026-02-08 13:52:18,210 [ERROR] AppliInfo:139 - Unknown STM32CubeMX version: 6.10.0
2026-02-08 13:52:18,211 [ERROR] AppliInfo:139 - Unknown STM32CubeMX version: 6.10.0
2026-02-08 13:52:18,211 [ERROR] AppliInfo:139 - Unknown STM32CubeMX version: 6.10.0
2026-02-08 13:52:18,211 [ERROR] AppliInfo:139 - Unknown STM32CubeMX version: 6.10.0
2026-02-08 13:52:18,211 [ERROR] AppliInfo:139 - Unknown STM32CubeMX version: 6.10.0
2026-02-08 13:52:18,211 [ERROR] AppliInfo:139 - Unknown STM32CubeMX version: 6.10.0
2026-02-08 13:52:18,211 [ERROR] AppliInfo:139 - Unknown STM32CubeMX version: 6.10.0
2026-02-08 13:52:18,212 [ERROR] AppliInfo:139 - Unknown STM32CubeMX version: 6.10.0
2026-02-08 13:52:18,212 [ERROR] AppliInfo:139 - Unknown STM32CubeMX version: 6.10.0
2026-02-08 13:52:18,212 [ERROR] AppliInfo:139 - Unknown STM32CubeMX version: 6.10.0
2026-02-08 13:52:18,212 [ERROR] AppliInfo:139 - Unknown STM32CubeMX version: 6.10.0
2026-02-08 13:52:18,212 [ERROR] AppliInfo:139 - Unknown STM32CubeMX version: 6.10.0
2026-02-08 13:52:18,213 [ERROR] AppliInfo:139 - Unknown STM32CubeMX version: 6.10.0
2026-02-08 13:52:18,213 [ERROR] AppliInfo:139 - Unknown STM32CubeMX version: 6.10.0
2026-02-08 13:52:18,213 [ERROR] AppliInfo:139 - Unknown STM32CubeMX version: 6.10.0
2026-02-08 13:52:18,213 [ERROR] AppliInfo:139 - Unknown STM32CubeMX version: 6.10.0
2026-02-08 13:52:18,213 [ERROR] AppliInfo:139 - Unknown STM32CubeMX version: 6.10.0
2026-02-08 13:52:18,214 [ERROR] AppliInfo:139 - Unknown STM32CubeMX version: 6.10.0
2026-02-08 13:52:18,214 [ERROR] AppliInfo:139 - Unknown STM32CubeMX version: 6.10.0
2026-02-08 13:52:18,214 [ERROR] AppliInfo:139 - Unknown STM32CubeMX version: 6.10.0
2026-02-08 13:52:18,214 [ERROR] AppliInfo:139 - Unknown STM32CubeMX version: 6.10.0
2026-02-08 13:52:18,214 [ERROR] AppliInfo:139 - Unknown STM32CubeMX version: 6.10.0
2026-02-08 13:52:18,215 [ERROR] AppliInfo:139 - Unknown STM32CubeMX version: 6.10.0
2026-02-08 13:52:18,215 [ERROR] AppliInfo:139 - Unknown STM32CubeMX version: 6.10.0
2026-02-08 13:52:18,215 [ERROR] AppliInfo:139 - Unknown STM32CubeMX version: 6.10.0
2026-02-08 13:52:18,216 [ERROR] AppliInfo:139 - Unknown STM32CubeMX version: 6.10.0
2026-02-08 13:52:18,216 [ERROR] AppliInfo:139 - Unknown STM32CubeMX version: 6.10.0
2026-02-08 13:52:18,216 [ERROR] AppliInfo:139 - Unknown STM32CubeMX version: 6.10.0
2026-02-08 13:52:18,216 [ERROR] AppliInfo:139 - Unknown STM32CubeMX version: 6.10.0
2026-02-08 13:52:18,216 [ERROR] AppliInfo:139 - Unknown STM32CubeMX version: 6.10.0
2026-02-08 13:52:18,216 [ERROR] AppliInfo:139 - Unknown STM32CubeMX version: 6.10.0
2026-02-08 13:52:18,216 [ERROR] AppliInfo:139 - Unknown STM32CubeMX version: 6.10.0
2026-02-08 13:52:18,216 [ERROR] AppliInfo:139 - Unknown STM32CubeMX version: 6.10.0
2026-02-08 13:52:18,217 [ERROR] AppliInfo:139 - Unknown STM32CubeMX version: 6.10.0
2026-02-08 13:52:18,217 [ERROR] AppliInfo:139 - Unknown STM32CubeMX version: 6.10.0
2026-02-08 13:52:18,217 [ERROR] AppliInfo:139 - Unknown STM32CubeMX version: 6.10.0
2026-02-08 13:52:18,217 [ERROR] AppliInfo:139 - Unknown STM32CubeMX version: 6.10.0
2026-02-08 13:52:18,217 [ERROR] AppliInfo:139 - Unknown STM32CubeMX version: 6.10.0
2026-02-08 13:52:18,217 [ERROR] AppliInfo:139 - Unknown STM32CubeMX version: 6.10.0
2026-02-08 13:52:18,217 [ERROR] AppliInfo:139 - Unknown STM32CubeMX version: 6.10.0
2026-02-08 13:52:18,218 [ERROR] AppliInfo:139 - Unknown STM32CubeMX version: 6.10.0
2026-02-08 13:52:18,218 [ERROR] AppliInfo:139 - Unknown STM32CubeMX version: 6.10.0
2026-02-08 13:52:18,218 [ERROR] AppliInfo:139 - Unknown STM32CubeMX version: 6.10.0
2026-02-08 13:52:18,218 [ERROR] AppliInfo:139 - Unknown STM32CubeMX version: 6.10.0
2026-02-08 13:52:18,218 [ERROR] AppliInfo:139 - Unknown STM32CubeMX version: 6.10.0
2026-02-08 13:52:18,218 [ERROR] AppliInfo:139 - Unknown STM32CubeMX version: 6.10.0
2026-02-08 13:52:18,219 [ERROR] AppliInfo:139 - Unknown STM32CubeMX version: 6.10.0
2026-02-08 13:52:18,219 [ERROR] AppliInfo:139 - Unknown STM32CubeMX version: 6.10.0
2026-02-08 13:52:18,219 [ERROR] AppliInfo:139 - Unknown STM32CubeMX version: 6.10.0
2026-02-08 13:52:18,219 [ERROR] AppliInfo:139 - Unknown STM32CubeMX version: 6.10.0
2026-02-08 13:52:18,220 [ERROR] AppliInfo:139 - Unknown STM32CubeMX version: 6.10.0
2026-02-08 13:52:18,220 [ERROR] AppliInfo:139 - Unknown STM32CubeMX version: 6.10.0
2026-02-08 13:52:18,220 [ERROR] AppliInfo:139 - Unknown STM32CubeMX version: 6.10.0
2026-02-08 13:52:18,220 [ERROR] AppliInfo:139 - Unknown STM32CubeMX version: 6.10.0
2026-02-08 13:52:18,220 [ERROR] AppliInfo:139 - Unknown STM32CubeMX version: 6.10.0
2026-02-08 13:52:18,220 [ERROR] AppliInfo:139 - Unknown STM32CubeMX version: 6.10.0
2026-02-08 13:52:18,220 [ERROR] AppliInfo:139 - Unknown STM32CubeMX version: 6.10.0
2026-02-08 13:52:18,221 [ERROR] AppliInfo:139 - Unknown STM32CubeMX version: 6.10.0
2026-02-08 13:52:18,221 [ERROR] AppliInfo:139 - Unknown STM32CubeMX version: 6.16.0
2026-02-08 13:52:18,221 [ERROR] AppliInfo:139 - Unknown STM32CubeMX version: 6.10.0
2026-02-08 13:52:18,221 [ERROR] AppliInfo:139 - Unknown STM32CubeMX version: 6.10.0
2026-02-08 13:52:18,221 [ERROR] AppliInfo:139 - Unknown STM32CubeMX version: 6.10.0
2026-02-08 13:52:18,221 [ERROR] AppliInfo:139 - Unknown STM32CubeMX version: 6.10.0
2026-02-08 13:52:18,221 [ERROR] AppliInfo:139 - Unknown STM32CubeMX version: 6.10.0
2026-02-08 13:52:18,222 [ERROR] AppliInfo:139 - Unknown STM32CubeMX version: 6.10.0
2026-02-08 13:52:18,222 [ERROR] AppliInfo:139 - Unknown STM32CubeMX version: 6.10.0
2026-02-08 13:52:18,222 [ERROR] AppliInfo:139 - Unknown STM32CubeMX version: 6.10.0
2026-02-08 13:52:18,222 [ERROR] AppliInfo:139 - Unknown STM32CubeMX version: 6.10.0
2026-02-08 13:52:18,222 [ERROR] AppliInfo:139 - Unknown STM32CubeMX version: 6.10.0
2026-02-08 13:52:18,222 [ERROR] AppliInfo:139 - Unknown STM32CubeMX version: 6.10.0
2026-02-08 13:52:18,222 [ERROR] AppliInfo:139 - Unknown STM32CubeMX version: 6.10.0
2026-02-08 13:52:18,222 [ERROR] AppliInfo:139 - Unknown STM32CubeMX version: 6.10.0
2026-02-08 13:52:18,223 [ERROR] AppliInfo:139 - Unknown STM32CubeMX version: 6.10.0
2026-02-08 13:52:18,223 [ERROR] AppliInfo:139 - Unknown STM32CubeMX version: 6.10.0
2026-02-08 13:52:18,223 [ERROR] AppliInfo:139 - Unknown STM32CubeMX version: 6.10.0
2026-02-08 13:52:18,223 [ERROR] AppliInfo:139 - Unknown STM32CubeMX version: 6.10.0
2026-02-08 13:52:18,223 [ERROR] AppliInfo:139 - Unknown STM32CubeMX version: 6.10.0
2026-02-08 13:52:18,223 [ERROR] AppliInfo:139 - Unknown STM32CubeMX version: 6.10.0
2026-02-08 13:52:18,223 [ERROR] AppliInfo:139 - Unknown STM32CubeMX version: 6.16.0
2026-02-08 13:52:18,224 [ERROR] AppliInfo:139 - Unknown STM32CubeMX version: 6.16.0
2026-02-08 13:52:18,224 [ERROR] AppliInfo:139 - Unknown STM32CubeMX version: 6.16.0
2026-02-08 13:52:18,224 [ERROR] AppliInfo:139 - Unknown STM32CubeMX version: 6.16.0
2026-02-08 13:52:18,224 [ERROR] AppliInfo:139 - Unknown STM32CubeMX version: 6.16.0
2026-02-08 13:52:18,225 [ERROR] AppliInfo:139 - Unknown STM32CubeMX version: 6.16.0
2026-02-08 13:52:18,225 [ERROR] AppliInfo:139 - Unknown STM32CubeMX version: 6.16.0
2026-02-08 13:52:18,225 [ERROR] AppliInfo:139 - Unknown STM32CubeMX version: 6.16.0
2026-02-08 13:52:18,225 [ERROR] AppliInfo:139 - Unknown STM32CubeMX version: 6.16.0
2026-02-08 13:52:18,225 [ERROR] AppliInfo:139 - Unknown STM32CubeMX version: 6.16.0
2026-02-08 13:52:18,225 [ERROR] AppliInfo:139 - Unknown STM32CubeMX version: 6.13.0
2026-02-08 13:52:18,226 [ERROR] AppliInfo:139 - Unknown STM32CubeMX version: 6.15.0
2026-02-08 13:52:18,226 [ERROR] AppliInfo:139 - Unknown STM32CubeMX version: 6.13.0
2026-02-08 13:52:18,226 [ERROR] AppliInfo:139 - Unknown STM32CubeMX version: 6.16.0
2026-02-08 13:52:18,226 [ERROR] AppliInfo:139 - Unknown STM32CubeMX version: 6.14.0
2026-02-08 13:52:18,226 [ERROR] AppliInfo:139 - Unknown STM32CubeMX version: 6.13.0
2026-02-08 13:52:18,226 [ERROR] AppliInfo:139 - Unknown STM32CubeMX version: 6.13.0
2026-02-08 13:52:18,226 [ERROR] AppliInfo:139 - Unknown STM32CubeMX version: 6.13.0
2026-02-08 13:52:18,226 [ERROR] AppliInfo:139 - Unknown STM32CubeMX version: 6.13.0
2026-02-08 13:52:18,227 [ERROR] AppliInfo:139 - Unknown STM32CubeMX version: 6.13.0
2026-02-08 13:52:18,227 [ERROR] AppliInfo:139 - Unknown STM32CubeMX version: 6.13.0
2026-02-08 13:52:18,227 [ERROR] AppliInfo:139 - Unknown STM32CubeMX version: 6.13.0
2026-02-08 13:52:18,227 [ERROR] AppliInfo:139 - Unknown STM32CubeMX version: 6.15.0
2026-02-08 13:52:18,231 [ERROR] AppliInfo:139 - Unknown STM32CubeMX version: 6.13.0
2026-02-08 13:52:18,231 [ERROR] AppliInfo:139 - Unknown STM32CubeMX version: 6.13.0
2026-02-08 13:52:18,231 [ERROR] AppliInfo:139 - Unknown STM32CubeMX version: 6.13.0
2026-02-08 13:52:18,231 [ERROR] AppliInfo:139 - Unknown STM32CubeMX version: 6.16.0
2026-02-08 13:52:18,231 [ERROR] AppliInfo:139 - Unknown STM32CubeMX version: 6.13.0
2026-02-08 13:52:18,231 [ERROR] AppliInfo:139 - Unknown STM32CubeMX version: 6.13.0
2026-02-08 13:52:18,231 [ERROR] AppliInfo:139 - Unknown STM32CubeMX version: 6.16.0
2026-02-08 13:52:18,231 [ERROR] AppliInfo:139 - Unknown STM32CubeMX version: 6.13.0
2026-02-08 13:52:18,232 [ERROR] AppliInfo:139 - Unknown STM32CubeMX version: 6.15.0
2026-02-08 13:52:18,232 [ERROR] AppliInfo:139 - Unknown STM32CubeMX version: 6.13.0
2026-02-08 13:52:18,232 [ERROR] AppliInfo:139 - Unknown STM32CubeMX version: 6.13.0
2026-02-08 13:52:18,232 [ERROR] AppliInfo:139 - Unknown STM32CubeMX version: 6.15.0
2026-02-08 13:52:18,232 [ERROR] AppliInfo:139 - Unknown STM32CubeMX version: 6.13.0
2026-02-08 13:52:18,232 [ERROR] AppliInfo:139 - Unknown STM32CubeMX version: 6.13.0
2026-02-08 13:52:18,232 [ERROR] AppliInfo:139 - Unknown STM32CubeMX version: 6.13.0
2026-02-08 13:52:18,233 [ERROR] AppliInfo:139 - Unknown STM32CubeMX version: 6.13.0
2026-02-08 13:52:18,233 [ERROR] AppliInfo:139 - Unknown STM32CubeMX version: 6.13.0
2026-02-08 13:52:18,233 [ERROR] AppliInfo:139 - Unknown STM32CubeMX version: 6.16.0
2026-02-08 13:52:18,233 [ERROR] AppliInfo:139 - Unknown STM32CubeMX version: 6.13.0
2026-02-08 13:52:18,233 [ERROR] AppliInfo:139 - Unknown STM32CubeMX version: 6.13.0
2026-02-08 13:52:18,233 [ERROR] AppliInfo:139 - Unknown STM32CubeMX version: 6.13.0
2026-02-08 13:52:18,233 [ERROR] AppliInfo:139 - Unknown STM32CubeMX version: 6.13.0
2026-02-08 13:52:18,233 [ERROR] AppliInfo:139 - Unknown STM32CubeMX version: 6.16.0
2026-02-08 13:52:18,233 [ERROR] AppliInfo:139 - Unknown STM32CubeMX version: 6.16.0
2026-02-08 13:52:18,234 [ERROR] AppliInfo:139 - Unknown STM32CubeMX version: 6.16.0
2026-02-08 13:52:18,234 [ERROR] AppliInfo:139 - Unknown STM32CubeMX version: 6.13.0
2026-02-08 13:52:18,234 [ERROR] AppliInfo:139 - Unknown STM32CubeMX version: 6.14.0
2026-02-08 13:52:18,234 [ERROR] AppliInfo:139 - Unknown STM32CubeMX version: 6.15.0
2026-02-08 13:52:18,234 [ERROR] AppliInfo:139 - Unknown STM32CubeMX version: 6.13.0
2026-02-08 13:52:18,234 [ERROR] AppliInfo:139 - Unknown STM32CubeMX version: 6.13.0
2026-02-08 13:52:18,234 [ERROR] AppliInfo:139 - Unknown STM32CubeMX version: 6.13.0
2026-02-08 13:52:18,234 [ERROR] AppliInfo:139 - Unknown STM32CubeMX version: 6.13.0
2026-02-08 13:52:18,234 [ERROR] AppliInfo:139 - Unknown STM32CubeMX version: 6.13.0
2026-02-08 13:52:18,235 [ERROR] AppliInfo:139 - Unknown STM32CubeMX version: 6.15.0
2026-02-08 13:52:18,235 [ERROR] AppliInfo:139 - Unknown STM32CubeMX version: 6.15.0
2026-02-08 13:52:18,235 [ERROR] AppliInfo:139 - Unknown STM32CubeMX version: 6.13.0
2026-02-08 13:52:18,235 [ERROR] AppliInfo:139 - Unknown STM32CubeMX version: 6.13.0
2026-02-08 13:52:18,235 [ERROR] AppliInfo:139 - Unknown STM32CubeMX version: 6.13.0
2026-02-08 13:52:18,235 [ERROR] AppliInfo:139 - Unknown STM32CubeMX version: 6.13.0
2026-02-08 13:52:18,235 [ERROR] AppliInfo:139 - Unknown STM32CubeMX version: 6.13.0
2026-02-08 13:52:18,236 [ERROR] AppliInfo:139 - Unknown STM32CubeMX version: 6.13.0
2026-02-08 13:52:18,236 [ERROR] AppliInfo:139 - Unknown STM32CubeMX version: 6.13.0
2026-02-08 13:52:18,236 [ERROR] AppliInfo:139 - Unknown STM32CubeMX version: 6.13.0
2026-02-08 13:52:18,236 [ERROR] AppliInfo:139 - Unknown STM32CubeMX version: 6.13.0
2026-02-08 13:52:18,236 [ERROR] AppliInfo:139 - Unknown STM32CubeMX version: 6.13.0
2026-02-08 13:52:18,236 [ERROR] AppliInfo:139 - Unknown STM32CubeMX version: 6.13.0
2026-02-08 13:52:18,236 [ERROR] AppliInfo:139 - Unknown STM32CubeMX version: 6.13.0
2026-02-08 13:52:18,236 [ERROR] AppliInfo:139 - Unknown STM32CubeMX version: 6.15.0
2026-02-08 13:52:18,236 [ERROR] AppliInfo:139 - Unknown STM32CubeMX version: 6.13.0
2026-02-08 13:52:18,237 [ERROR] AppliInfo:139 - Unknown STM32CubeMX version: 6.15.0
2026-02-08 13:52:18,237 [ERROR] AppliInfo:139 - Unknown STM32CubeMX version: 6.15.0
2026-02-08 13:52:18,237 [ERROR] AppliInfo:139 - Unknown STM32CubeMX version: 6.13.0
2026-02-08 13:52:18,237 [ERROR] AppliInfo:139 - Unknown STM32CubeMX version: 6.13.0
2026-02-08 13:52:18,237 [ERROR] AppliInfo:139 - Unknown STM32CubeMX version: 6.13.0
2026-02-08 13:52:18,237 [ERROR] AppliInfo:139 - Unknown STM32CubeMX version: 6.13.0
2026-02-08 13:52:18,237 [ERROR] AppliInfo:139 - Unknown STM32CubeMX version: 6.13.0
2026-02-08 13:52:18,237 [ERROR] AppliInfo:139 - Unknown STM32CubeMX version: 6.16.0
2026-02-08 13:52:18,238 [ERROR] AppliInfo:139 - Unknown STM32CubeMX version: 6.13.0
2026-02-08 13:52:18,238 [ERROR] AppliInfo:139 - Unknown STM32CubeMX version: 6.13.0
2026-02-08 13:52:18,238 [ERROR] AppliInfo:139 - Unknown STM32CubeMX version: 6.13.0
2026-02-08 13:52:18,238 [ERROR] AppliInfo:139 - Unknown STM32CubeMX version: 6.16.0
2026-02-08 13:52:18,238 [ERROR] AppliInfo:139 - Unknown STM32CubeMX version: 6.13.0
2026-02-08 13:52:18,238 [ERROR] AppliInfo:139 - Unknown STM32CubeMX version: 6.16.0
2026-02-08 13:52:18,238 [ERROR] AppliInfo:139 - Unknown STM32CubeMX version: 6.16.0
2026-02-08 13:52:18,239 [ERROR] AppliInfo:139 - Unknown STM32CubeMX version: 6.16.0
2026-02-08 13:52:18,239 [ERROR] AppliInfo:139 - Unknown STM32CubeMX version: 6.16.0
2026-02-08 13:52:18,240 [ERROR] AppliInfo:139 - Unknown STM32CubeMX version: 6.13.0
2026-02-08 13:52:18,240 [ERROR] AppliInfo:139 - Unknown STM32CubeMX version: 6.13.0
2026-02-08 13:52:18,240 [ERROR] AppliInfo:139 - Unknown STM32CubeMX version: 6.13.0
2026-02-08 13:52:18,240 [ERROR] AppliInfo:139 - Unknown STM32CubeMX version: 6.13.0
2026-02-08 13:52:18,241 [ERROR] AppliInfo:139 - Unknown STM32CubeMX version: 6.13.0
2026-02-08 13:52:18,241 [ERROR] AppliInfo:139 - Unknown STM32CubeMX version: 6.14.0
2026-02-08 13:52:18,241 [ERROR] AppliInfo:139 - Unknown STM32CubeMX version: 6.16.0
2026-02-08 13:52:18,241 [ERROR] AppliInfo:139 - Unknown STM32CubeMX version: 6.16.0
2026-02-08 13:52:18,241 [ERROR] AppliInfo:139 - Unknown STM32CubeMX version: 6.15.0
2026-02-08 13:52:18,241 [ERROR] AppliInfo:139 - Unknown STM32CubeMX version: 6.13.0
2026-02-08 13:52:18,241 [ERROR] AppliInfo:139 - Unknown STM32CubeMX version: 6.13.0
2026-02-08 13:52:18,241 [ERROR] AppliInfo:139 - Unknown STM32CubeMX version: 6.13.0
2026-02-08 13:52:18,242 [ERROR] AppliInfo:139 - Unknown STM32CubeMX version: 6.15.0
2026-02-08 13:52:18,242 [ERROR] AppliInfo:139 - Unknown STM32CubeMX version: 6.14.0
2026-02-08 13:52:18,247 [ERROR] AppliInfo:139 - Unknown STM32CubeMX version: 6.16.0
2026-02-08 13:52:18,247 [ERROR] AppliInfo:139 - Unknown STM32CubeMX version: 6.16.0
2026-02-08 13:52:18,247 [ERROR] AppliInfo:139 - Unknown STM32CubeMX version: 6.16.0
2026-02-08 13:52:18,247 [ERROR] AppliInfo:139 - Unknown STM32CubeMX version: 6.15.0
2026-02-08 13:52:18,247 [ERROR] AppliInfo:139 - Unknown STM32CubeMX version: 6.15.0
2026-02-08 13:52:18,248 [ERROR] AppliInfo:139 - Unknown STM32CubeMX version: 6.15.0
2026-02-08 13:52:18,248 [ERROR] AppliInfo:139 - Unknown STM32CubeMX version: 6.13.0
2026-02-08 13:52:18,248 [ERROR] AppliInfo:139 - Unknown STM32CubeMX version: 6.13.0
2026-02-08 13:52:18,248 [ERROR] AppliInfo:139 - Unknown STM32CubeMX version: 6.16.0
2026-02-08 13:52:18,248 [ERROR] AppliInfo:139 - Unknown STM32CubeMX version: 6.16.0
2026-02-08 13:52:18,248 [ERROR] AppliInfo:139 - Unknown STM32CubeMX version: 6.13.0
2026-02-08 13:52:18,248 [ERROR] AppliInfo:139 - Unknown STM32CubeMX version: 6.13.0
2026-02-08 13:52:18,248 [ERROR] AppliInfo:139 - Unknown STM32CubeMX version: 6.13.0
2026-02-08 13:52:18,249 [ERROR] AppliInfo:139 - Unknown STM32CubeMX version: 6.14.0
2026-02-08 13:52:18,249 [ERROR] AppliInfo:139 - Unknown STM32CubeMX version: 6.13.0
2026-02-08 13:52:18,249 [ERROR] AppliInfo:139 - Unknown STM32CubeMX version: 6.13.0
2026-02-08 13:52:18,249 [ERROR] AppliInfo:139 - Unknown STM32CubeMX version: 6.13.0
2026-02-08 13:52:18,249 [ERROR] AppliInfo:139 - Unknown STM32CubeMX version: 6.16.0
2026-02-08 13:52:18,249 [ERROR] AppliInfo:139 - Unknown STM32CubeMX version: 6.16.0
2026-02-08 13:52:18,250 [ERROR] AppliInfo:139 - Unknown STM32CubeMX version: 6.16.0
2026-02-08 13:52:18,250 [ERROR] AppliInfo:139 - Unknown STM32CubeMX version: 6.13.0
2026-02-08 13:52:18,250 [ERROR] AppliInfo:139 - Unknown STM32CubeMX version: 6.16.0
2026-02-08 13:52:18,250 [ERROR] AppliInfo:139 - Unknown STM32CubeMX version: 6.14.0
2026-02-08 13:52:18,251 [ERROR] AppliInfo:139 - Unknown STM32CubeMX version: 6.13.0
2026-02-08 13:52:18,251 [ERROR] AppliInfo:139 - Unknown STM32CubeMX version: 6.14.0
2026-02-08 13:52:18,251 [ERROR] AppliInfo:139 - Unknown STM32CubeMX version: 6.13.0
2026-02-08 13:52:18,251 [ERROR] AppliInfo:139 - Unknown STM32CubeMX version: 6.13.0
2026-02-08 13:52:18,251 [ERROR] AppliInfo:139 - Unknown STM32CubeMX version: 6.14.0
2026-02-08 13:52:18,251 [ERROR] AppliInfo:139 - Unknown STM32CubeMX version: 6.14.0
2026-02-08 13:52:18,251 [ERROR] AppliInfo:139 - Unknown STM32CubeMX version: 6.14.0
2026-02-08 13:52:18,252 [ERROR] AppliInfo:139 - Unknown STM32CubeMX version: 6.14.0
2026-02-08 13:52:18,252 [ERROR] AppliInfo:139 - Unknown STM32CubeMX version: 6.13.0
2026-02-08 13:52:18,252 [ERROR] AppliInfo:139 - Unknown STM32CubeMX version: 6.14.0
2026-02-08 13:52:18,252 [ERROR] AppliInfo:139 - Unknown STM32CubeMX version: 6.16.0
2026-02-08 13:52:18,252 [ERROR] AppliInfo:139 - Unknown STM32CubeMX version: 6.16.0
2026-02-08 13:52:18,252 [ERROR] AppliInfo:139 - Unknown STM32CubeMX version: 6.16.0
2026-02-08 13:52:18,252 [ERROR] AppliInfo:139 - Unknown STM32CubeMX version: 6.14.0
2026-02-08 13:52:18,253 [ERROR] AppliInfo:139 - Unknown STM32CubeMX version: 6.14.0
2026-02-08 13:52:18,253 [ERROR] AppliInfo:139 - Unknown STM32CubeMX version: 6.16.0
2026-02-08 13:52:18,253 [ERROR] AppliInfo:139 - Unknown STM32CubeMX version: 6.14.0
2026-02-08 13:52:18,253 [ERROR] AppliInfo:139 - Unknown STM32CubeMX version: 6.14.0
2026-02-08 13:52:18,253 [ERROR] AppliInfo:139 - Unknown STM32CubeMX version: 6.14.0
2026-02-08 13:52:18,253 [ERROR] AppliInfo:139 - Unknown STM32CubeMX version: 6.13.0
2026-02-08 13:52:18,253 [ERROR] AppliInfo:139 - Unknown STM32CubeMX version: 6.13.0
2026-02-08 13:52:18,254 [ERROR] AppliInfo:139 - Unknown STM32CubeMX version: 6.13.0
2026-02-08 13:52:18,254 [ERROR] AppliInfo:139 - Unknown STM32CubeMX version: 6.13.0
2026-02-08 13:52:18,254 [ERROR] AppliInfo:139 - Unknown STM32CubeMX version: 6.14.0
2026-02-08 13:52:18,254 [ERROR] AppliInfo:139 - Unknown STM32CubeMX version: 6.13.0
2026-02-08 13:52:18,254 [ERROR] AppliInfo:139 - Unknown STM32CubeMX version: 6.14.0
2026-02-08 13:52:18,255 [ERROR] AppliInfo:139 - Unknown STM32CubeMX version: 6.11.0
2026-02-08 13:52:18,255 [ERROR] AppliInfo:139 - Unknown STM32CubeMX version: 6.11.0
2026-02-08 13:52:18,255 [ERROR] AppliInfo:139 - Unknown STM32CubeMX version: 6.11.0
2026-02-08 13:52:18,255 [ERROR] AppliInfo:139 - Unknown STM32CubeMX version: 6.11.0
2026-02-08 13:52:18,255 [ERROR] AppliInfo:139 - Unknown STM32CubeMX version: 6.11.0
2026-02-08 13:52:18,255 [ERROR] AppliInfo:139 - Unknown STM32CubeMX version: 6.11.0
2026-02-08 13:52:18,256 [ERROR] AppliInfo:139 - Unknown STM32CubeMX version: 6.11.0
2026-02-08 13:52:18,256 [ERROR] AppliInfo:139 - Unknown STM32CubeMX version: 6.11.0
2026-02-08 13:52:18,256 [ERROR] AppliInfo:139 - Unknown STM32CubeMX version: 6.11.0
2026-02-08 13:52:18,256 [ERROR] AppliInfo:139 - Unknown STM32CubeMX version: 6.11.0
2026-02-08 13:52:18,256 [ERROR] AppliInfo:139 - Unknown STM32CubeMX version: 6.11.0
2026-02-08 13:52:18,256 [ERROR] AppliInfo:139 - Unknown STM32CubeMX version: 6.11.0
2026-02-08 13:52:18,256 [ERROR] AppliInfo:139 - Unknown STM32CubeMX version: 6.11.0
2026-02-08 13:52:18,257 [ERROR] AppliInfo:139 - Unknown STM32CubeMX version: 6.11.0
2026-02-08 13:52:18,257 [ERROR] AppliInfo:139 - Unknown STM32CubeMX version: 6.11.0
2026-02-08 13:52:18,257 [ERROR] AppliInfo:139 - Unknown STM32CubeMX version: 6.11.0
2026-02-08 13:52:18,257 [ERROR] AppliInfo:139 - Unknown STM32CubeMX version: 6.11.0
2026-02-08 13:52:18,257 [ERROR] AppliInfo:139 - Unknown STM32CubeMX version: 6.11.0
2026-02-08 13:52:18,257 [ERROR] AppliInfo:139 - Unknown STM32CubeMX version: 6.11.0
2026-02-08 13:52:18,257 [ERROR] AppliInfo:139 - Unknown STM32CubeMX version: 6.11.0
2026-02-08 13:52:18,257 [ERROR] AppliInfo:139 - Unknown STM32CubeMX version: 6.11.0
2026-02-08 13:52:18,262 [ERROR] AppliInfo:139 - Unknown STM32CubeMX version: 6.11.0
2026-02-08 13:52:18,263 [ERROR] AppliInfo:139 - Unknown STM32CubeMX version: 6.11.0
2026-02-08 13:52:18,263 [ERROR] AppliInfo:139 - Unknown STM32CubeMX version: 6.11.0
2026-02-08 13:52:18,263 [ERROR] AppliInfo:139 - Unknown STM32CubeMX version: 6.11.0
2026-02-08 13:52:18,263 [ERROR] AppliInfo:139 - Unknown STM32CubeMX version: 6.11.0
2026-02-08 13:52:18,263 [ERROR] AppliInfo:139 - Unknown STM32CubeMX version: 6.11.0
2026-02-08 13:52:18,263 [ERROR] AppliInfo:139 - Unknown STM32CubeMX version: 6.11.0
2026-02-08 13:52:18,264 [ERROR] AppliInfo:139 - Unknown STM32CubeMX version: 6.11.0
2026-02-08 13:52:18,264 [ERROR] AppliInfo:139 - Unknown STM32CubeMX version: 6.13.0
2026-02-08 13:52:18,264 [ERROR] AppliInfo:139 - Unknown STM32CubeMX version: 6.13.0
2026-02-08 13:52:18,264 [ERROR] AppliInfo:139 - Unknown STM32CubeMX version: 6.13.0
2026-02-08 13:52:18,264 [ERROR] AppliInfo:139 - Unknown STM32CubeMX version: 6.13.0
2026-02-08 13:52:18,265 [ERROR] AppliInfo:139 - Unknown STM32CubeMX version: 6.11.0
2026-02-08 13:52:18,265 [ERROR] AppliInfo:139 - Unknown STM32CubeMX version: 6.11.0
2026-02-08 13:52:18,265 [ERROR] AppliInfo:139 - Unknown STM32CubeMX version: 6.11.0
2026-02-08 13:52:18,265 [ERROR] AppliInfo:139 - Unknown STM32CubeMX version: 6.11.0
2026-02-08 13:52:18,265 [ERROR] AppliInfo:139 - Unknown STM32CubeMX version: 6.11.0
2026-02-08 13:52:18,265 [ERROR] AppliInfo:139 - Unknown STM32CubeMX version: 6.11.0
2026-02-08 13:52:18,265 [ERROR] AppliInfo:139 - Unknown STM32CubeMX version: 6.11.0
2026-02-08 13:52:18,266 [ERROR] AppliInfo:139 - Unknown STM32CubeMX version: 6.11.0
2026-02-08 13:52:18,266 [ERROR] AppliInfo:139 - Unknown STM32CubeMX version: 6.11.0
2026-02-08 13:52:18,266 [ERROR] AppliInfo:139 - Unknown STM32CubeMX version: 6.11.0
2026-02-08 13:52:18,266 [ERROR] AppliInfo:139 - Unknown STM32CubeMX version: 6.11.0
2026-02-08 13:52:18,266 [ERROR] AppliInfo:139 - Unknown STM32CubeMX version: 6.11.0
2026-02-08 13:52:18,266 [ERROR] AppliInfo:139 - Unknown STM32CubeMX version: 6.11.0
2026-02-08 13:52:18,267 [ERROR] AppliInfo:139 - Unknown STM32CubeMX version: 6.11.0
2026-02-08 13:52:18,267 [ERROR] AppliInfo:139 - Unknown STM32CubeMX version: 6.11.0
2026-02-08 13:52:18,267 [ERROR] AppliInfo:139 - Unknown STM32CubeMX version: 6.11.0
2026-02-08 13:52:18,267 [ERROR] AppliInfo:139 - Unknown STM32CubeMX version: 6.11.0
2026-02-08 13:52:18,267 [ERROR] AppliInfo:139 - Unknown STM32CubeMX version: 6.11.0
2026-02-08 13:52:18,267 [ERROR] AppliInfo:139 - Unknown STM32CubeMX version: 6.11.0
2026-02-08 13:52:18,267 [ERROR] AppliInfo:139 - Unknown STM32CubeMX version: 6.11.0
2026-02-08 13:52:18,267 [ERROR] AppliInfo:139 - Unknown STM32CubeMX version: 6.11.0
2026-02-08 13:52:18,268 [ERROR] AppliInfo:139 - Unknown STM32CubeMX version: 6.11.0
2026-02-08 13:52:18,268 [ERROR] AppliInfo:139 - Unknown STM32CubeMX version: 6.11.0
2026-02-08 13:52:18,268 [ERROR] AppliInfo:139 - Unknown STM32CubeMX version: 6.11.0
2026-02-08 13:52:18,268 [ERROR] AppliInfo:139 - Unknown STM32CubeMX version: 6.11.0
2026-02-08 13:52:18,268 [ERROR] AppliInfo:139 - Unknown STM32CubeMX version: 6.11.0
2026-02-08 13:52:18,268 [ERROR] AppliInfo:139 - Unknown STM32CubeMX version: 6.11.0
2026-02-08 13:52:18,268 [ERROR] AppliInfo:139 - Unknown STM32CubeMX version: 6.11.0
2026-02-08 13:52:18,269 [ERROR] AppliInfo:139 - Unknown STM32CubeMX version: 6.11.0
2026-02-08 13:52:18,269 [ERROR] AppliInfo:139 - Unknown STM32CubeMX version: 6.11.0
2026-02-08 13:52:18,269 [ERROR] AppliInfo:139 - Unknown STM32CubeMX version: 6.11.0
2026-02-08 13:52:18,269 [ERROR] AppliInfo:139 - Unknown STM32CubeMX version: 6.11.0
2026-02-08 13:52:18,269 [ERROR] AppliInfo:139 - Unknown STM32CubeMX version: 6.11.0
2026-02-08 13:52:18,269 [ERROR] AppliInfo:139 - Unknown STM32CubeMX version: 6.11.0
2026-02-08 13:52:18,269 [ERROR] AppliInfo:139 - Unknown STM32CubeMX version: 6.11.0
2026-02-08 13:52:18,270 [ERROR] AppliInfo:139 - Unknown STM32CubeMX version: 6.11.0
2026-02-08 13:52:18,270 [ERROR] AppliInfo:139 - Unknown STM32CubeMX version: 6.11.0
2026-02-08 13:52:18,270 [ERROR] AppliInfo:139 - Unknown STM32CubeMX version: 6.11.0
2026-02-08 13:52:18,270 [ERROR] AppliInfo:139 - Unknown STM32CubeMX version: 6.11.0
2026-02-08 13:52:18,270 [ERROR] AppliInfo:139 - Unknown STM32CubeMX version: 6.11.0
2026-02-08 13:52:18,270 [ERROR] AppliInfo:139 - Unknown STM32CubeMX version: 6.11.0
2026-02-08 13:52:18,270 [ERROR] AppliInfo:139 - Unknown STM32CubeMX version: 6.11.0
2026-02-08 13:52:18,271 [ERROR] AppliInfo:139 - Unknown STM32CubeMX version: 6.11.0
2026-02-08 13:52:18,271 [ERROR] AppliInfo:139 - Unknown STM32CubeMX version: 6.11.0
2026-02-08 13:52:18,271 [ERROR] AppliInfo:139 - Unknown STM32CubeMX version: 6.11.0
2026-02-08 13:52:18,271 [ERROR] AppliInfo:139 - Unknown STM32CubeMX version: 6.11.0
2026-02-08 13:52:18,271 [ERROR] AppliInfo:139 - Unknown STM32CubeMX version: 6.11.0
2026-02-08 13:52:18,271 [ERROR] AppliInfo:139 - Unknown STM32CubeMX version: 6.11.0
2026-02-08 13:52:18,271 [ERROR] AppliInfo:139 - Unknown STM32CubeMX version: 6.11.0
2026-02-08 13:52:18,271 [ERROR] AppliInfo:139 - Unknown STM32CubeMX version: 6.11.0
2026-02-08 13:52:18,272 [ERROR] AppliInfo:139 - Unknown STM32CubeMX version: 6.11.0
2026-02-08 13:52:18,272 [ERROR] AppliInfo:139 - Unknown STM32CubeMX version: 6.11.0
2026-02-08 13:52:18,272 [ERROR] AppliInfo:139 - Unknown STM32CubeMX version: 6.11.0
2026-02-08 13:52:18,272 [ERROR] AppliInfo:139 - Unknown STM32CubeMX version: 6.11.0
2026-02-08 13:52:18,272 [ERROR] AppliInfo:139 - Unknown STM32CubeMX version: 6.11.0
2026-02-08 13:52:18,272 [ERROR] AppliInfo:139 - Unknown STM32CubeMX version: 6.11.0
2026-02-08 13:52:18,273 [ERROR] AppliInfo:139 - Unknown STM32CubeMX version: 6.11.0
2026-02-08 13:52:18,273 [ERROR] AppliInfo:139 - Unknown STM32CubeMX version: 6.11.0
2026-02-08 13:52:18,273 [ERROR] AppliInfo:139 - Unknown STM32CubeMX version: 6.11.0
2026-02-08 13:52:18,273 [ERROR] AppliInfo:139 - Unknown STM32CubeMX version: 6.11.0
2026-02-08 13:52:18,273 [ERROR] AppliInfo:139 - Unknown STM32CubeMX version: 6.11.0
2026-02-08 13:52:18,273 [ERROR] AppliInfo:139 - Unknown STM32CubeMX version: 6.11.0
2026-02-08 13:52:18,273 [ERROR] AppliInfo:139 - Unknown STM32CubeMX version: 6.11.0
2026-02-08 13:52:18,274 [ERROR] AppliInfo:139 - Unknown STM32CubeMX version: 6.11.0
2026-02-08 13:52:18,274 [ERROR] AppliInfo:139 - Unknown STM32CubeMX version: 6.11.0
2026-02-08 13:52:18,274 [ERROR] AppliInfo:139 - Unknown STM32CubeMX version: 6.11.0
2026-02-08 13:52:18,274 [ERROR] AppliInfo:139 - Unknown STM32CubeMX version: 6.11.0
2026-02-08 13:52:18,274 [ERROR] AppliInfo:139 - Unknown STM32CubeMX version: 6.11.0
2026-02-08 13:52:18,274 [ERROR] AppliInfo:139 - Unknown STM32CubeMX version: 6.11.0
2026-02-08 13:52:18,279 [ERROR] AppliInfo:139 - Unknown STM32CubeMX version: 6.11.0
2026-02-08 13:52:18,280 [ERROR] AppliInfo:139 - Unknown STM32CubeMX version: 6.11.0
2026-02-08 13:52:18,280 [ERROR] AppliInfo:139 - Unknown STM32CubeMX version: 6.11.0
2026-02-08 13:52:18,280 [ERROR] AppliInfo:139 - Unknown STM32CubeMX version: 6.11.0
2026-02-08 13:52:18,281 [ERROR] AppliInfo:139 - Unknown STM32CubeMX version: 6.11.0
2026-02-08 13:52:18,281 [ERROR] AppliInfo:139 - Unknown STM32CubeMX version: 6.11.0
2026-02-08 13:52:18,281 [ERROR] AppliInfo:139 - Unknown STM32CubeMX version: 6.11.0
2026-02-08 13:52:18,281 [ERROR] AppliInfo:139 - Unknown STM32CubeMX version: 6.11.0
2026-02-08 13:52:18,282 [ERROR] AppliInfo:139 - Unknown STM32CubeMX version: 6.11.0
2026-02-08 13:52:18,282 [ERROR] AppliInfo:139 - Unknown STM32CubeMX version: 6.11.0
2026-02-08 13:52:18,282 [ERROR] AppliInfo:139 - Unknown STM32CubeMX version: 6.11.0
2026-02-08 13:52:18,282 [ERROR] AppliInfo:139 - Unknown STM32CubeMX version: 6.11.0
2026-02-08 13:52:18,282 [ERROR] AppliInfo:139 - Unknown STM32CubeMX version: 6.11.0
2026-02-08 13:52:18,283 [ERROR] AppliInfo:139 - Unknown STM32CubeMX version: 6.11.0
2026-02-08 13:52:18,283 [ERROR] AppliInfo:139 - Unknown STM32CubeMX version: 6.11.0
2026-02-08 13:52:18,283 [ERROR] AppliInfo:139 - Unknown STM32CubeMX version: 6.11.0
2026-02-08 13:52:18,283 [ERROR] AppliInfo:139 - Unknown STM32CubeMX version: 6.11.0
2026-02-08 13:52:18,283 [ERROR] AppliInfo:139 - Unknown STM32CubeMX version: 6.11.0
2026-02-08 13:52:18,284 [ERROR] AppliInfo:139 - Unknown STM32CubeMX version: 6.11.0
2026-02-08 13:52:18,284 [ERROR] AppliInfo:139 - Unknown STM32CubeMX version: 6.11.0
2026-02-08 13:52:18,284 [ERROR] AppliInfo:139 - Unknown STM32CubeMX version: 6.11.0
2026-02-08 13:52:18,284 [ERROR] AppliInfo:139 - Unknown STM32CubeMX version: 6.11.0
2026-02-08 13:52:18,284 [ERROR] AppliInfo:139 - Unknown STM32CubeMX version: 6.11.0
2026-02-08 13:52:18,285 [ERROR] AppliInfo:139 - Unknown STM32CubeMX version: 6.11.0
2026-02-08 13:52:18,285 [ERROR] AppliInfo:139 - Unknown STM32CubeMX version: 6.11.0
2026-02-08 13:52:18,285 [ERROR] AppliInfo:139 - Unknown STM32CubeMX version: 6.11.0
2026-02-08 13:52:18,285 [ERROR] AppliInfo:139 - Unknown STM32CubeMX version: 6.11.0
2026-02-08 13:52:18,285 [ERROR] AppliInfo:139 - Unknown STM32CubeMX version: 6.11.0
2026-02-08 13:52:18,286 [ERROR] AppliInfo:139 - Unknown STM32CubeMX version: 6.11.0
2026-02-08 13:52:18,286 [ERROR] AppliInfo:139 - Unknown STM32CubeMX version: 6.11.0
2026-02-08 13:52:18,286 [ERROR] AppliInfo:139 - Unknown STM32CubeMX version: 6.11.0
2026-02-08 13:52:18,286 [ERROR] AppliInfo:139 - Unknown STM32CubeMX version: 6.11.0
2026-02-08 13:52:18,287 [ERROR] AppliInfo:139 - Unknown STM32CubeMX version: 6.11.0
2026-02-08 13:52:18,287 [ERROR] AppliInfo:139 - Unknown STM32CubeMX version: 6.11.0
2026-02-08 13:52:18,287 [ERROR] AppliInfo:139 - Unknown STM32CubeMX version: 6.11.0
2026-02-08 13:52:18,287 [ERROR] AppliInfo:139 - Unknown STM32CubeMX version: 6.11.0
2026-02-08 13:52:18,287 [ERROR] AppliInfo:139 - Unknown STM32CubeMX version: 6.11.0
2026-02-08 13:52:18,288 [ERROR] AppliInfo:139 - Unknown STM32CubeMX version: 6.11.0
2026-02-08 13:52:18,288 [ERROR] AppliInfo:139 - Unknown STM32CubeMX version: 6.11.0
2026-02-08 13:52:18,288 [ERROR] AppliInfo:139 - Unknown STM32CubeMX version: 6.11.0
2026-02-08 13:52:18,288 [ERROR] AppliInfo:139 - Unknown STM32CubeMX version: 6.11.0
2026-02-08 13:52:18,289 [ERROR] AppliInfo:139 - Unknown STM32CubeMX version: 6.11.0
2026-02-08 13:52:18,289 [ERROR] AppliInfo:139 - Unknown STM32CubeMX version: 6.11.0
2026-02-08 13:52:18,289 [ERROR] AppliInfo:139 - Unknown STM32CubeMX version: 6.11.0
2026-02-08 13:52:18,289 [ERROR] AppliInfo:139 - Unknown STM32CubeMX version: 6.11.0
2026-02-08 13:52:18,289 [ERROR] AppliInfo:139 - Unknown STM32CubeMX version: 6.11.0
2026-02-08 13:52:18,290 [ERROR] AppliInfo:139 - Unknown STM32CubeMX version: 6.11.0
2026-02-08 13:52:18,290 [ERROR] AppliInfo:139 - Unknown STM32CubeMX version: 6.11.0
2026-02-08 13:52:18,290 [ERROR] AppliInfo:139 - Unknown STM32CubeMX version: 6.11.0
2026-02-08 13:52:18,291 [ERROR] AppliInfo:139 - Unknown STM32CubeMX version: 6.11.0
2026-02-08 13:52:18,291 [ERROR] AppliInfo:139 - Unknown STM32CubeMX version: 6.11.0
2026-02-08 13:52:18,291 [ERROR] AppliInfo:139 - Unknown STM32CubeMX version: 6.11.0
2026-02-08 13:52:18,291 [ERROR] AppliInfo:139 - Unknown STM32CubeMX version: 6.11.0
2026-02-08 13:52:18,292 [ERROR] AppliInfo:139 - Unknown STM32CubeMX version: 6.11.0
2026-02-08 13:52:19,080 [ERROR] AppliInfo:139 - Unknown STM32CubeMX version: 6.11.0
2026-02-08 13:52:19,080 [ERROR] AppliInfo:139 - Unknown STM32CubeMX version: 6.11.0
2026-02-08 13:52:19,080 [ERROR] AppliInfo:139 - Unknown STM32CubeMX version: 6.11.0
2026-02-08 13:52:19,080 [ERROR] AppliInfo:139 - Unknown STM32CubeMX version: 6.11.0
2026-02-08 13:52:19,081 [ERROR] AppliInfo:139 - Unknown STM32CubeMX version: 6.11.0
2026-02-08 13:52:19,081 [ERROR] AppliInfo:139 - Unknown STM32CubeMX version: 6.11.0
2026-02-08 13:52:19,081 [ERROR] AppliInfo:139 - Unknown STM32CubeMX version: 6.11.0
2026-02-08 13:52:19,081 [ERROR] AppliInfo:139 - Unknown STM32CubeMX version: 6.11.0
2026-02-08 13:52:19,081 [ERROR] AppliInfo:139 - Unknown STM32CubeMX version: 6.11.0
2026-02-08 13:52:19,081 [ERROR] AppliInfo:139 - Unknown STM32CubeMX version: 6.11.0
2026-02-08 13:52:19,081 [ERROR] AppliInfo:139 - Unknown STM32CubeMX version: 6.11.0
2026-02-08 13:52:19,081 [ERROR] AppliInfo:139 - Unknown STM32CubeMX version: 6.11.0
2026-02-08 13:52:19,082 [ERROR] AppliInfo:139 - Unknown STM32CubeMX version: 6.11.0
2026-02-08 13:52:19,082 [ERROR] AppliInfo:139 - Unknown STM32CubeMX version: 6.11.0
2026-02-08 13:52:19,082 [ERROR] AppliInfo:139 - Unknown STM32CubeMX version: 6.11.0
2026-02-08 13:52:19,082 [ERROR] AppliInfo:139 - Unknown STM32CubeMX version: 6.11.0
2026-02-08 13:52:19,082 [ERROR] AppliInfo:139 - Unknown STM32CubeMX version: 6.11.0
2026-02-08 13:52:19,082 [ERROR] AppliInfo:139 - Unknown STM32CubeMX version: 6.11.0
2026-02-08 13:52:19,082 [ERROR] AppliInfo:139 - Unknown STM32CubeMX version: 6.11.0
2026-02-08 13:52:19,082 [ERROR] AppliInfo:139 - Unknown STM32CubeMX version: 6.11.0
2026-02-08 13:52:19,083 [ERROR] AppliInfo:139 - Unknown STM32CubeMX version: 6.11.0
2026-02-08 13:52:19,083 [ERROR] AppliInfo:139 - Unknown STM32CubeMX version: 6.11.0
2026-02-08 13:52:19,083 [ERROR] AppliInfo:139 - Unknown STM32CubeMX version: 6.11.0
2026-02-08 13:52:19,083 [ERROR] AppliInfo:139 - Unknown STM32CubeMX version: 6.11.0
2026-02-08 13:52:19,083 [ERROR] AppliInfo:139 - Unknown STM32CubeMX version: 6.11.0
2026-02-08 13:52:19,083 [ERROR] AppliInfo:139 - Unknown STM32CubeMX version: 6.11.0
2026-02-08 13:52:19,084 [ERROR] AppliInfo:139 - Unknown STM32CubeMX version: 6.11.0
2026-02-08 13:52:19,084 [ERROR] AppliInfo:139 - Unknown STM32CubeMX version: 6.11.0
2026-02-08 13:52:19,084 [ERROR] AppliInfo:139 - Unknown STM32CubeMX version: 6.11.0
2026-02-08 13:52:19,084 [ERROR] AppliInfo:139 - Unknown STM32CubeMX version: 6.11.0
2026-02-08 13:52:19,084 [ERROR] AppliInfo:139 - Unknown STM32CubeMX version: 6.11.0
2026-02-08 13:52:19,084 [ERROR] AppliInfo:139 - Unknown STM32CubeMX version: 6.11.0
2026-02-08 13:52:19,084 [ERROR] AppliInfo:139 - Unknown STM32CubeMX version: 6.11.0
2026-02-08 13:52:19,085 [ERROR] AppliInfo:139 - Unknown STM32CubeMX version: 6.11.0
2026-02-08 13:52:19,085 [ERROR] AppliInfo:139 - Unknown STM32CubeMX version: 6.11.0
2026-02-08 13:52:19,085 [ERROR] AppliInfo:139 - Unknown STM32CubeMX version: 6.11.0
2026-02-08 13:52:19,085 [ERROR] AppliInfo:139 - Unknown STM32CubeMX version: 6.11.0
2026-02-08 13:52:19,085 [ERROR] AppliInfo:139 - Unknown STM32CubeMX version: 6.11.0
2026-02-08 13:52:19,085 [ERROR] AppliInfo:139 - Unknown STM32CubeMX version: 6.11.0
2026-02-08 13:52:19,086 [ERROR] AppliInfo:139 - Unknown STM32CubeMX version: 6.11.0
2026-02-08 13:52:19,086 [ERROR] AppliInfo:139 - Unknown STM32CubeMX version: 6.11.0
2026-02-08 13:52:19,086 [ERROR] AppliInfo:139 - Unknown STM32CubeMX version: 6.11.0
2026-02-08 13:52:19,086 [ERROR] AppliInfo:139 - Unknown STM32CubeMX version: 6.11.0
2026-02-08 13:52:19,086 [ERROR] AppliInfo:139 - Unknown STM32CubeMX version: 6.12.0
2026-02-08 13:52:19,086 [ERROR] AppliInfo:139 - Unknown STM32CubeMX version: 6.11.0
2026-02-08 13:52:19,086 [ERROR] AppliInfo:139 - Unknown STM32CubeMX version: 6.11.0
2026-02-08 13:52:19,087 [ERROR] AppliInfo:139 - Unknown STM32CubeMX version: 6.11.0
2026-02-08 13:52:19,087 [ERROR] AppliInfo:139 - Unknown STM32CubeMX version: 6.11.0
2026-02-08 13:52:19,087 [ERROR] AppliInfo:139 - Unknown STM32CubeMX version: 6.11.0
2026-02-08 13:52:19,087 [ERROR] AppliInfo:139 - Unknown STM32CubeMX version: 6.11.0
2026-02-08 13:52:19,087 [ERROR] AppliInfo:139 - Unknown STM32CubeMX version: 6.11.0
2026-02-08 13:52:19,087 [ERROR] AppliInfo:139 - Unknown STM32CubeMX version: 6.11.0
2026-02-08 13:52:19,087 [ERROR] AppliInfo:139 - Unknown STM32CubeMX version: 6.11.0
2026-02-08 13:52:19,088 [ERROR] AppliInfo:139 - Unknown STM32CubeMX version: 6.11.0
2026-02-08 13:52:19,088 [ERROR] AppliInfo:139 - Unknown STM32CubeMX version: 6.11.0
2026-02-08 13:52:19,088 [ERROR] AppliInfo:139 - Unknown STM32CubeMX version: 6.11.0
2026-02-08 13:52:19,088 [ERROR] AppliInfo:139 - Unknown STM32CubeMX version: 6.11.0
2026-02-08 13:52:19,088 [ERROR] AppliInfo:139 - Unknown STM32CubeMX version: 6.11.0
2026-02-08 13:52:19,088 [ERROR] AppliInfo:139 - Unknown STM32CubeMX version: 6.11.0
2026-02-08 13:52:19,088 [ERROR] AppliInfo:139 - Unknown STM32CubeMX version: 6.11.0
2026-02-08 13:52:19,088 [ERROR] AppliInfo:139 - Unknown STM32CubeMX version: 6.11.0
2026-02-08 13:52:19,089 [ERROR] AppliInfo:139 - Unknown STM32CubeMX version: 6.11.0
2026-02-08 13:52:19,089 [ERROR] AppliInfo:139 - Unknown STM32CubeMX version: 6.11.0
2026-02-08 13:52:19,089 [ERROR] AppliInfo:139 - Unknown STM32CubeMX version: 6.11.0
2026-02-08 13:52:19,089 [ERROR] AppliInfo:139 - Unknown STM32CubeMX version: 6.11.0
2026-02-08 13:52:19,089 [ERROR] AppliInfo:139 - Unknown STM32CubeMX version: 6.13.0
2026-02-08 13:52:19,089 [ERROR] AppliInfo:139 - Unknown STM32CubeMX version: 6.13.0
2026-02-08 13:52:19,090 [ERROR] AppliInfo:139 - Unknown STM32CubeMX version: 6.13.0
2026-02-08 13:52:19,090 [ERROR] AppliInfo:139 - Unknown STM32CubeMX version: 6.13.0
2026-02-08 13:52:19,090 [ERROR] AppliInfo:139 - Unknown STM32CubeMX version: 6.13.0
2026-02-08 13:52:19,090 [ERROR] AppliInfo:139 - Unknown STM32CubeMX version: 6.13.0
2026-02-08 13:52:19,090 [ERROR] AppliInfo:139 - Unknown STM32CubeMX version: 6.12.0
2026-02-08 13:52:19,090 [ERROR] AppliInfo:139 - Unknown STM32CubeMX version: 6.12.0
2026-02-08 13:52:19,091 [ERROR] AppliInfo:139 - Unknown STM32CubeMX version: 6.11.0
2026-02-08 13:52:19,091 [ERROR] AppliInfo:139 - Unknown STM32CubeMX version: 6.12.0
2026-02-08 13:52:19,091 [ERROR] AppliInfo:139 - Unknown STM32CubeMX version: 6.12.0
2026-02-08 13:52:19,091 [ERROR] AppliInfo:139 - Unknown STM32CubeMX version: 6.12.0
2026-02-08 13:52:19,091 [ERROR] AppliInfo:139 - Unknown STM32CubeMX version: 6.12.0
2026-02-08 13:52:19,091 [ERROR] AppliInfo:139 - Unknown STM32CubeMX version: 6.12.0
2026-02-08 13:52:19,091 [ERROR] AppliInfo:139 - Unknown STM32CubeMX version: 6.12.0
2026-02-08 13:52:19,091 [ERROR] AppliInfo:139 - Unknown STM32CubeMX version: 6.12.0
2026-02-08 13:52:19,092 [ERROR] AppliInfo:139 - Unknown STM32CubeMX version: 6.12.0
2026-02-08 13:52:19,092 [ERROR] AppliInfo:139 - Unknown STM32CubeMX version: 6.12.0
2026-02-08 13:52:19,092 [ERROR] AppliInfo:139 - Unknown STM32CubeMX version: 6.12.0
2026-02-08 13:52:19,092 [ERROR] AppliInfo:139 - Unknown STM32CubeMX version: 6.12.0
2026-02-08 13:52:19,092 [ERROR] AppliInfo:139 - Unknown STM32CubeMX version: 6.12.0
2026-02-08 13:52:19,092 [ERROR] AppliInfo:139 - Unknown STM32CubeMX version: 6.12.0
2026-02-08 13:52:19,092 [ERROR] AppliInfo:139 - Unknown STM32CubeMX version: 6.12.0
2026-02-08 13:52:19,093 [ERROR] AppliInfo:139 - Unknown STM32CubeMX version: 6.12.0
2026-02-08 13:52:19,093 [ERROR] AppliInfo:139 - Unknown STM32CubeMX version: 6.12.0
2026-02-08 13:52:19,093 [ERROR] AppliInfo:139 - Unknown STM32CubeMX version: 6.12.0
2026-02-08 13:52:19,093 [ERROR] AppliInfo:139 - Unknown STM32CubeMX version: 6.12.0
2026-02-08 13:52:19,093 [ERROR] AppliInfo:139 - Unknown STM32CubeMX version: 6.12.0
2026-02-08 13:52:19,093 [ERROR] AppliInfo:139 - Unknown STM32CubeMX version: 6.12.0
2026-02-08 13:52:19,093 [ERROR] AppliInfo:139 - Unknown STM32CubeMX version: 6.12.0
2026-02-08 13:52:19,093 [ERROR] AppliInfo:139 - Unknown STM32CubeMX version: 6.12.0
2026-02-08 13:52:19,093 [ERROR] AppliInfo:139 - Unknown STM32CubeMX version: 6.12.0
2026-02-08 13:52:19,094 [ERROR] AppliInfo:139 - Unknown STM32CubeMX version: 6.12.0
2026-02-08 13:52:19,094 [ERROR] AppliInfo:139 - Unknown STM32CubeMX version: 6.12.0
2026-02-08 13:52:19,094 [ERROR] AppliInfo:139 - Unknown STM32CubeMX version: 6.11.0
2026-02-08 13:52:19,094 [ERROR] AppliInfo:139 - Unknown STM32CubeMX version: 6.11.0
2026-02-08 13:52:19,094 [ERROR] AppliInfo:139 - Unknown STM32CubeMX version: 6.11.0
2026-02-08 13:52:19,094 [ERROR] AppliInfo:139 - Unknown STM32CubeMX version: 6.11.0
2026-02-08 13:52:19,095 [ERROR] AppliInfo:139 - Unknown STM32CubeMX version: 6.12.0
2026-02-08 13:52:19,095 [ERROR] AppliInfo:139 - Unknown STM32CubeMX version: 6.11.0
2026-02-08 13:52:19,095 [ERROR] AppliInfo:139 - Unknown STM32CubeMX version: 6.11.0
2026-02-08 13:52:19,095 [ERROR] AppliInfo:139 - Unknown STM32CubeMX version: 6.13.0
2026-02-08 13:52:19,097 [ERROR] AppliInfo:139 - Unknown STM32CubeMX version: 6.13.0
2026-02-08 13:52:19,097 [ERROR] AppliInfo:139 - Unknown STM32CubeMX version: 6.13.0
2026-02-08 13:52:19,097 [ERROR] AppliInfo:139 - Unknown STM32CubeMX version: 6.13.0
2026-02-08 13:52:19,097 [ERROR] AppliInfo:139 - Unknown STM32CubeMX version: 6.13.0
2026-02-08 13:52:19,097 [ERROR] AppliInfo:139 - Unknown STM32CubeMX version: 6.13.0
2026-02-08 13:52:19,097 [ERROR] AppliInfo:139 - Unknown STM32CubeMX version: 6.13.0
2026-02-08 13:52:19,097 [ERROR] AppliInfo:139 - Unknown STM32CubeMX version: 6.13.0
2026-02-08 13:52:19,098 [ERROR] AppliInfo:139 - Unknown STM32CubeMX version: 6.13.0
2026-02-08 13:52:19,098 [ERROR] AppliInfo:139 - Unknown STM32CubeMX version: 6.13.0
2026-02-08 13:52:19,098 [ERROR] AppliInfo:139 - Unknown STM32CubeMX version: 6.14.0
2026-02-08 13:52:19,098 [ERROR] AppliInfo:139 - Unknown STM32CubeMX version: 6.13.0
2026-02-08 13:52:19,098 [ERROR] AppliInfo:139 - Unknown STM32CubeMX version: 6.13.0
2026-02-08 13:52:19,098 [ERROR] AppliInfo:139 - Unknown STM32CubeMX version: 6.13.0
2026-02-08 13:52:19,098 [ERROR] AppliInfo:139 - Unknown STM32CubeMX version: 6.13.0
2026-02-08 13:52:19,099 [ERROR] AppliInfo:139 - Unknown STM32CubeMX version: 6.13.0
2026-02-08 13:52:19,099 [ERROR] AppliInfo:139 - Unknown STM32CubeMX version: 6.13.0
2026-02-08 13:52:19,099 [ERROR] AppliInfo:139 - Unknown STM32CubeMX version: 6.13.0
2026-02-08 13:52:19,099 [ERROR] AppliInfo:139 - Unknown STM32CubeMX version: 6.13.0
2026-02-08 13:52:19,099 [ERROR] AppliInfo:139 - Unknown STM32CubeMX version: 6.13.0
2026-02-08 13:52:19,099 [ERROR] AppliInfo:139 - Unknown STM32CubeMX version: 6.13.0
2026-02-08 13:52:19,099 [ERROR] AppliInfo:139 - Unknown STM32CubeMX version: 6.13.0
2026-02-08 13:52:19,100 [ERROR] AppliInfo:139 - Unknown STM32CubeMX version: 6.13.0
2026-02-08 13:52:19,100 [ERROR] AppliInfo:139 - Unknown STM32CubeMX version: 6.13.0
2026-02-08 13:52:19,100 [ERROR] AppliInfo:139 - Unknown STM32CubeMX version: 6.13.0
2026-02-08 13:52:19,100 [ERROR] AppliInfo:139 - Unknown STM32CubeMX version: 6.13.0
2026-02-08 13:52:19,100 [ERROR] AppliInfo:139 - Unknown STM32CubeMX version: 6.13.0
2026-02-08 13:52:19,100 [ERROR] AppliInfo:139 - Unknown STM32CubeMX version: 6.13.0
2026-02-08 13:52:19,100 [ERROR] AppliInfo:139 - Unknown STM32CubeMX version: 6.13.0
2026-02-08 13:52:19,101 [ERROR] AppliInfo:139 - Unknown STM32CubeMX version: 6.13.0
2026-02-08 13:52:19,101 [ERROR] AppliInfo:139 - Unknown STM32CubeMX version: 6.13.0
2026-02-08 13:52:19,101 [ERROR] AppliInfo:139 - Unknown STM32CubeMX version: 6.13.0
2026-02-08 13:52:19,101 [ERROR] AppliInfo:139 - Unknown STM32CubeMX version: 6.13.0
2026-02-08 13:52:19,101 [ERROR] AppliInfo:139 - Unknown STM32CubeMX version: 6.13.0
2026-02-08 13:52:19,101 [ERROR] AppliInfo:139 - Unknown STM32CubeMX version: 6.13.0
2026-02-08 13:52:19,101 [ERROR] AppliInfo:139 - Unknown STM32CubeMX version: 6.13.0
2026-02-08 13:52:19,102 [ERROR] AppliInfo:139 - Unknown STM32CubeMX version: 6.13.0
2026-02-08 13:52:19,102 [ERROR] AppliInfo:139 - Unknown STM32CubeMX version: 6.13.0
2026-02-08 13:52:19,102 [ERROR] AppliInfo:139 - Unknown STM32CubeMX version: 6.13.0
2026-02-08 13:52:19,102 [ERROR] AppliInfo:139 - Unknown STM32CubeMX version: 6.13.0
2026-02-08 13:52:19,102 [ERROR] AppliInfo:139 - Unknown STM32CubeMX version: 6.13.0
2026-02-08 13:52:19,102 [ERROR] AppliInfo:139 - Unknown STM32CubeMX version: 6.13.0
2026-02-08 13:52:19,102 [ERROR] AppliInfo:139 - Unknown STM32CubeMX version: 6.13.0
2026-02-08 13:52:19,103 [ERROR] AppliInfo:139 - Unknown STM32CubeMX version: 6.13.0
2026-02-08 13:52:19,103 [ERROR] AppliInfo:139 - Unknown STM32CubeMX version: 6.13.0
2026-02-08 13:52:19,103 [ERROR] AppliInfo:139 - Unknown STM32CubeMX version: 6.13.0
2026-02-08 13:52:19,103 [ERROR] AppliInfo:139 - Unknown STM32CubeMX version: 6.13.0
2026-02-08 13:52:19,103 [ERROR] AppliInfo:139 - Unknown STM32CubeMX version: 6.13.0
2026-02-08 13:52:19,103 [ERROR] AppliInfo:139 - Unknown STM32CubeMX version: 6.13.0
2026-02-08 13:52:19,107 [ERROR] AppliInfo:139 - Unknown STM32CubeMX version: 6.13.0
2026-02-08 13:52:19,107 [ERROR] AppliInfo:139 - Unknown STM32CubeMX version: 6.13.0
2026-02-08 13:52:19,107 [ERROR] AppliInfo:139 - Unknown STM32CubeMX version: 6.13.0
2026-02-08 13:52:19,107 [ERROR] AppliInfo:139 - Unknown STM32CubeMX version: 6.13.0
2026-02-08 13:52:19,107 [ERROR] AppliInfo:139 - Unknown STM32CubeMX version: 6.13.0
2026-02-08 13:52:19,108 [ERROR] AppliInfo:139 - Unknown STM32CubeMX version: 6.13.0
2026-02-08 13:52:19,108 [ERROR] AppliInfo:139 - Unknown STM32CubeMX version: 6.14.0
2026-02-08 13:52:19,108 [ERROR] AppliInfo:139 - Unknown STM32CubeMX version: 6.13.0
2026-02-08 13:52:19,108 [ERROR] AppliInfo:139 - Unknown STM32CubeMX version: 6.13.0
2026-02-08 13:52:19,108 [ERROR] AppliInfo:139 - Unknown STM32CubeMX version: 6.14.0
2026-02-08 13:52:19,108 [ERROR] AppliInfo:139 - Unknown STM32CubeMX version: 6.14.0
2026-02-08 13:52:19,109 [ERROR] AppliInfo:139 - Unknown STM32CubeMX version: 6.13.0
2026-02-08 13:52:19,109 [ERROR] AppliInfo:139 - Unknown STM32CubeMX version: 6.13.0
2026-02-08 13:52:19,109 [ERROR] AppliInfo:139 - Unknown STM32CubeMX version: 6.13.0
2026-02-08 13:52:19,109 [ERROR] AppliInfo:139 - Unknown STM32CubeMX version: 6.13.0
2026-02-08 13:52:19,109 [ERROR] AppliInfo:139 - Unknown STM32CubeMX version: 6.13.0
2026-02-08 13:52:19,109 [ERROR] AppliInfo:139 - Unknown STM32CubeMX version: 6.13.0
2026-02-08 13:52:19,109 [ERROR] AppliInfo:139 - Unknown STM32CubeMX version: 6.13.0
2026-02-08 13:52:19,109 [ERROR] AppliInfo:139 - Unknown STM32CubeMX version: 6.13.0
2026-02-08 13:52:19,110 [ERROR] AppliInfo:139 - Unknown STM32CubeMX version: 6.13.0
2026-02-08 13:52:19,110 [ERROR] AppliInfo:139 - Unknown STM32CubeMX version: 6.13.0
2026-02-08 13:52:19,110 [ERROR] AppliInfo:139 - Unknown STM32CubeMX version: 6.13.0
2026-02-08 13:52:19,110 [ERROR] AppliInfo:139 - Unknown STM32CubeMX version: 6.13.0
2026-02-08 13:52:19,110 [ERROR] AppliInfo:139 - Unknown STM32CubeMX version: 6.13.0
2026-02-08 13:52:19,110 [ERROR] AppliInfo:139 - Unknown STM32CubeMX version: 6.13.0
2026-02-08 13:52:19,111 [ERROR] AppliInfo:139 - Unknown STM32CubeMX version: 6.13.0
2026-02-08 13:52:19,111 [ERROR] AppliInfo:139 - Unknown STM32CubeMX version: 6.13.0
2026-02-08 13:52:19,111 [ERROR] AppliInfo:139 - Unknown STM32CubeMX version: 6.13.0
2026-02-08 13:52:19,111 [ERROR] AppliInfo:139 - Unknown STM32CubeMX version: 6.13.0
2026-02-08 13:52:19,111 [ERROR] AppliInfo:139 - Unknown STM32CubeMX version: 6.13.0
2026-02-08 13:52:19,111 [ERROR] AppliInfo:139 - Unknown STM32CubeMX version: 6.13.0
2026-02-08 13:52:19,111 [ERROR] AppliInfo:139 - Unknown STM32CubeMX version: 6.13.0
2026-02-08 13:52:19,112 [ERROR] AppliInfo:139 - Unknown STM32CubeMX version: 6.13.0
2026-02-08 13:52:19,112 [ERROR] AppliInfo:139 - Unknown STM32CubeMX version: 6.13.0
2026-02-08 13:52:19,112 [ERROR] AppliInfo:139 - Unknown STM32CubeMX version: 6.13.0
2026-02-08 13:52:19,112 [ERROR] AppliInfo:139 - Unknown STM32CubeMX version: 6.13.0
2026-02-08 13:52:19,112 [ERROR] AppliInfo:139 - Unknown STM32CubeMX version: 6.13.0
2026-02-08 13:52:19,112 [ERROR] AppliInfo:139 - Unknown STM32CubeMX version: 6.13.0
2026-02-08 13:52:19,112 [ERROR] AppliInfo:139 - Unknown STM32CubeMX version: 6.13.0
2026-02-08 13:52:19,113 [ERROR] AppliInfo:139 - Unknown STM32CubeMX version: 6.13.0
2026-02-08 13:52:19,113 [ERROR] AppliInfo:139 - Unknown STM32CubeMX version: 6.13.0
2026-02-08 13:52:19,113 [ERROR] AppliInfo:139 - Unknown STM32CubeMX version: 6.13.0
2026-02-08 13:52:19,113 [ERROR] AppliInfo:139 - Unknown STM32CubeMX version: 6.13.0
2026-02-08 13:52:19,114 [ERROR] AppliInfo:139 - Unknown STM32CubeMX version: 6.13.0
2026-02-08 13:52:19,114 [ERROR] AppliInfo:139 - Unknown STM32CubeMX version: 6.13.0
2026-02-08 13:52:19,114 [ERROR] AppliInfo:139 - Unknown STM32CubeMX version: 6.13.0
2026-02-08 13:52:19,114 [ERROR] AppliInfo:139 - Unknown STM32CubeMX version: 6.13.0
2026-02-08 13:52:19,114 [ERROR] AppliInfo:139 - Unknown STM32CubeMX version: 6.13.0
2026-02-08 13:52:19,115 [ERROR] AppliInfo:139 - Unknown STM32CubeMX version: 6.13.0
2026-02-08 13:52:19,115 [ERROR] AppliInfo:139 - Unknown STM32CubeMX version: 6.13.0
2026-02-08 13:52:19,115 [ERROR] AppliInfo:139 - Unknown STM32CubeMX version: 6.13.0
2026-02-08 13:52:19,115 [ERROR] AppliInfo:139 - Unknown STM32CubeMX version: 6.13.0
2026-02-08 13:52:19,115 [ERROR] AppliInfo:139 - Unknown STM32CubeMX version: 6.13.0
2026-02-08 13:52:19,115 [ERROR] AppliInfo:139 - Unknown STM32CubeMX version: 6.13.0
2026-02-08 13:52:19,116 [ERROR] AppliInfo:139 - Unknown STM32CubeMX version: 6.13.0
2026-02-08 13:52:19,116 [ERROR] AppliInfo:139 - Unknown STM32CubeMX version: 6.13.0
2026-02-08 13:52:19,116 [ERROR] AppliInfo:139 - Unknown STM32CubeMX version: 6.13.0
2026-02-08 13:52:19,116 [ERROR] AppliInfo:139 - Unknown STM32CubeMX version: 6.13.0
2026-02-08 13:52:19,116 [ERROR] AppliInfo:139 - Unknown STM32CubeMX version: 6.13.0
2026-02-08 13:52:19,117 [ERROR] AppliInfo:139 - Unknown STM32CubeMX version: 6.13.0
2026-02-08 13:52:19,117 [ERROR] AppliInfo:139 - Unknown STM32CubeMX version: 6.13.0
2026-02-08 13:52:19,117 [ERROR] AppliInfo:139 - Unknown STM32CubeMX version: 6.13.0
2026-02-08 13:52:19,117 [ERROR] AppliInfo:139 - Unknown STM32CubeMX version: 6.13.0
2026-02-08 13:52:19,117 [ERROR] AppliInfo:139 - Unknown STM32CubeMX version: 6.13.0
2026-02-08 13:52:19,117 [ERROR] AppliInfo:139 - Unknown STM32CubeMX version: 6.13.0
2026-02-08 13:52:19,118 [ERROR] AppliInfo:139 - Unknown STM32CubeMX version: 6.13.0
2026-02-08 13:52:19,118 [ERROR] AppliInfo:139 - Unknown STM32CubeMX version: 6.13.0
2026-02-08 13:52:19,118 [ERROR] AppliInfo:139 - Unknown STM32CubeMX version: 6.13.0
2026-02-08 13:52:19,118 [ERROR] AppliInfo:139 - Unknown STM32CubeMX version: 6.13.0
2026-02-08 13:52:19,118 [ERROR] AppliInfo:139 - Unknown STM32CubeMX version: 6.13.0
2026-02-08 13:52:19,119 [ERROR] AppliInfo:139 - Unknown STM32CubeMX version: 6.13.0
2026-02-08 13:52:19,119 [ERROR] AppliInfo:139 - Unknown STM32CubeMX version: 6.13.0
2026-02-08 13:52:19,119 [ERROR] AppliInfo:139 - Unknown STM32CubeMX version: 6.13.0
2026-02-08 13:52:19,119 [ERROR] AppliInfo:139 - Unknown STM32CubeMX version: 6.13.0
2026-02-08 13:52:19,119 [ERROR] AppliInfo:139 - Unknown STM32CubeMX version: 6.14.0
2026-02-08 13:52:19,120 [ERROR] AppliInfo:139 - Unknown STM32CubeMX version: 6.14.0
2026-02-08 13:52:19,120 [ERROR] AppliInfo:139 - Unknown STM32CubeMX version: 6.13.0
2026-02-08 13:52:19,120 [ERROR] AppliInfo:139 - Unknown STM32CubeMX version: 6.13.0
2026-02-08 13:52:19,120 [ERROR] AppliInfo:139 - Unknown STM32CubeMX version: 6.13.0
2026-02-08 13:52:19,120 [ERROR] AppliInfo:139 - Unknown STM32CubeMX version: 6.13.0
2026-02-08 13:52:19,120 [ERROR] AppliInfo:139 - Unknown STM32CubeMX version: 6.13.0
2026-02-08 13:52:19,121 [ERROR] AppliInfo:139 - Unknown STM32CubeMX version: 6.13.0
2026-02-08 13:52:19,121 [ERROR] AppliInfo:139 - Unknown STM32CubeMX version: 6.13.0
2026-02-08 13:52:19,121 [ERROR] AppliInfo:139 - Unknown STM32CubeMX version: 6.13.0
2026-02-08 13:52:19,121 [ERROR] AppliInfo:139 - Unknown STM32CubeMX version: 6.13.0
2026-02-08 13:52:19,121 [ERROR] AppliInfo:139 - Unknown STM32CubeMX version: 6.13.0
2026-02-08 13:52:19,122 [ERROR] AppliInfo:139 - Unknown STM32CubeMX version: 6.13.0
2026-02-08 13:52:19,122 [ERROR] AppliInfo:139 - Unknown STM32CubeMX version: 6.13.0
2026-02-08 13:52:19,122 [ERROR] AppliInfo:139 - Unknown STM32CubeMX version: 6.13.0
2026-02-08 13:52:19,122 [ERROR] AppliInfo:139 - Unknown STM32CubeMX version: 6.13.0
2026-02-08 13:52:19,122 [ERROR] AppliInfo:139 - Unknown STM32CubeMX version: 6.13.0
2026-02-08 13:52:19,122 [ERROR] AppliInfo:139 - Unknown STM32CubeMX version: 6.13.0
2026-02-08 13:52:19,123 [ERROR] AppliInfo:139 - Unknown STM32CubeMX version: 6.13.0
2026-02-08 13:52:19,123 [ERROR] AppliInfo:139 - Unknown STM32CubeMX version: 6.13.0
2026-02-08 13:52:19,123 [ERROR] AppliInfo:139 - Unknown STM32CubeMX version: 6.13.0
2026-02-08 13:52:19,123 [ERROR] AppliInfo:139 - Unknown STM32CubeMX version: 6.14.0
2026-02-08 13:52:19,123 [ERROR] AppliInfo:139 - Unknown STM32CubeMX version: 6.14.0
2026-02-08 13:52:19,124 [ERROR] AppliInfo:139 - Unknown STM32CubeMX version: 6.13.0
2026-02-08 13:52:19,124 [ERROR] AppliInfo:139 - Unknown STM32CubeMX version: 6.13.0
2026-02-08 13:52:19,124 [ERROR] AppliInfo:139 - Unknown STM32CubeMX version: 6.13.0
2026-02-08 13:52:19,124 [ERROR] AppliInfo:139 - Unknown STM32CubeMX version: 6.13.0
2026-02-08 13:52:19,124 [ERROR] AppliInfo:139 - Unknown STM32CubeMX version: 6.13.0
2026-02-08 13:52:19,125 [ERROR] AppliInfo:139 - Unknown STM32CubeMX version: 6.13.0
2026-02-08 13:52:19,125 [ERROR] AppliInfo:139 - Unknown STM32CubeMX version: 6.13.0
2026-02-08 13:52:19,125 [ERROR] AppliInfo:139 - Unknown STM32CubeMX version: 6.13.0
2026-02-08 13:52:19,125 [ERROR] AppliInfo:139 - Unknown STM32CubeMX version: 6.13.0
2026-02-08 13:52:19,126 [ERROR] AppliInfo:139 - Unknown STM32CubeMX version: 6.13.0
2026-02-08 13:52:19,126 [ERROR] AppliInfo:139 - Unknown STM32CubeMX version: 6.13.0
2026-02-08 13:52:19,126 [ERROR] AppliInfo:139 - Unknown STM32CubeMX version: 6.13.0
2026-02-08 13:52:19,126 [ERROR] AppliInfo:139 - Unknown STM32CubeMX version: 6.13.0
2026-02-08 13:52:19,126 [ERROR] AppliInfo:139 - Unknown STM32CubeMX version: 6.13.0
2026-02-08 13:52:19,127 [ERROR] AppliInfo:139 - Unknown STM32CubeMX version: 6.13.0
2026-02-08 13:52:19,127 [ERROR] AppliInfo:139 - Unknown STM32CubeMX version: 6.13.0
2026-02-08 13:52:19,127 [ERROR] AppliInfo:139 - Unknown STM32CubeMX version: 6.13.0
2026-02-08 13:52:19,127 [ERROR] AppliInfo:139 - Unknown STM32CubeMX version: 6.13.0
2026-02-08 13:52:19,127 [ERROR] AppliInfo:139 - Unknown STM32CubeMX version: 6.13.0
2026-02-08 13:52:19,127 [ERROR] AppliInfo:139 - Unknown STM32CubeMX version: 6.13.0
2026-02-08 13:52:19,127 [ERROR] AppliInfo:139 - Unknown STM32CubeMX version: 6.13.0
2026-02-08 13:52:19,128 [ERROR] AppliInfo:139 - Unknown STM32CubeMX version: 6.13.0
2026-02-08 13:52:19,128 [ERROR] AppliInfo:139 - Unknown STM32CubeMX version: 6.13.0
2026-02-08 13:52:19,128 [ERROR] AppliInfo:139 - Unknown STM32CubeMX version: 6.13.0
2026-02-08 13:52:19,128 [ERROR] AppliInfo:139 - Unknown STM32CubeMX version: 6.13.0
2026-02-08 13:52:19,128 [ERROR] AppliInfo:139 - Unknown STM32CubeMX version: 6.13.0
2026-02-08 13:52:19,128 [ERROR] AppliInfo:139 - Unknown STM32CubeMX version: 6.13.0
2026-02-08 13:52:19,129 [ERROR] AppliInfo:139 - Unknown STM32CubeMX version: 6.13.0
2026-02-08 13:52:19,129 [ERROR] AppliInfo:139 - Unknown STM32CubeMX version: 6.13.0
2026-02-08 13:52:19,129 [ERROR] AppliInfo:139 - Unknown STM32CubeMX version: 6.13.0
2026-02-08 13:52:19,129 [ERROR] AppliInfo:139 - Unknown STM32CubeMX version: 6.13.0
2026-02-08 13:52:19,129 [ERROR] AppliInfo:139 - Unknown STM32CubeMX version: 6.13.0
2026-02-08 13:52:19,129 [ERROR] AppliInfo:139 - Unknown STM32CubeMX version: 6.13.0
2026-02-08 13:52:19,130 [ERROR] AppliInfo:139 - Unknown STM32CubeMX version: 6.13.0
2026-02-08 13:52:19,130 [ERROR] AppliInfo:139 - Unknown STM32CubeMX version: 6.13.0
2026-02-08 13:52:19,130 [ERROR] AppliInfo:139 - Unknown STM32CubeMX version: 6.13.0
2026-02-08 13:52:19,130 [ERROR] AppliInfo:139 - Unknown STM32CubeMX version: 6.13.0
2026-02-08 13:52:19,130 [ERROR] AppliInfo:139 - Unknown STM32CubeMX version: 6.13.0
2026-02-08 13:52:19,130 [ERROR] AppliInfo:139 - Unknown STM32CubeMX version: 6.13.0
2026-02-08 13:52:19,130 [ERROR] AppliInfo:139 - Unknown STM32CubeMX version: 6.13.0
2026-02-08 13:52:19,131 [ERROR] AppliInfo:139 - Unknown STM32CubeMX version: 6.13.0
2026-02-08 13:52:19,131 [ERROR] AppliInfo:139 - Unknown STM32CubeMX version: 6.13.0
2026-02-08 13:52:19,131 [ERROR] AppliInfo:139 - Unknown STM32CubeMX version: 6.13.0
2026-02-08 13:52:19,131 [ERROR] AppliInfo:139 - Unknown STM32CubeMX version: 6.13.0
2026-02-08 13:52:19,131 [ERROR] AppliInfo:139 - Unknown STM32CubeMX version: 6.13.0
2026-02-08 13:52:19,131 [ERROR] AppliInfo:139 - Unknown STM32CubeMX version: 6.14.0
2026-02-08 13:52:19,131 [ERROR] AppliInfo:139 - Unknown STM32CubeMX version: 6.13.0
2026-02-08 13:52:19,132 [ERROR] AppliInfo:139 - Unknown STM32CubeMX version: 6.14.0
2026-02-08 13:52:19,132 [ERROR] AppliInfo:139 - Unknown STM32CubeMX version: 6.13.0
2026-02-08 13:52:19,132 [ERROR] AppliInfo:139 - Unknown STM32CubeMX version: 6.14.0
2026-02-08 13:52:19,132 [ERROR] AppliInfo:139 - Unknown STM32CubeMX version: 6.13.0
2026-02-08 13:52:19,132 [ERROR] AppliInfo:139 - Unknown STM32CubeMX version: 6.13.0
2026-02-08 13:52:19,133 [ERROR] AppliInfo:139 - Unknown STM32CubeMX version: 6.13.0
2026-02-08 13:52:19,133 [ERROR] AppliInfo:139 - Unknown STM32CubeMX version: 6.13.0
2026-02-08 13:52:19,133 [ERROR] AppliInfo:139 - Unknown STM32CubeMX version: 6.13.0
2026-02-08 13:52:19,133 [ERROR] AppliInfo:139 - Unknown STM32CubeMX version: 6.13.0
2026-02-08 13:52:19,138 [ERROR] AppliInfo:139 - Unknown STM32CubeMX version: 6.13.0
2026-02-08 13:52:19,139 [ERROR] AppliInfo:139 - Unknown STM32CubeMX version: 6.13.0
2026-02-08 13:52:19,139 [ERROR] AppliInfo:139 - Unknown STM32CubeMX version: 6.13.0
2026-02-08 13:52:19,139 [ERROR] AppliInfo:139 - Unknown STM32CubeMX version: 6.13.0
2026-02-08 13:52:19,139 [ERROR] AppliInfo:139 - Unknown STM32CubeMX version: 6.13.0
2026-02-08 13:52:19,139 [ERROR] AppliInfo:139 - Unknown STM32CubeMX version: 6.13.0
2026-02-08 13:52:19,140 [ERROR] AppliInfo:139 - Unknown STM32CubeMX version: 6.13.0
2026-02-08 13:52:19,140 [ERROR] AppliInfo:139 - Unknown STM32CubeMX version: 6.13.0
2026-02-08 13:52:19,140 [ERROR] AppliInfo:139 - Unknown STM32CubeMX version: 6.13.0
2026-02-08 13:52:19,140 [ERROR] AppliInfo:139 - Unknown STM32CubeMX version: 6.13.0
2026-02-08 13:52:19,140 [ERROR] AppliInfo:139 - Unknown STM32CubeMX version: 6.13.0
2026-02-08 13:52:19,140 [ERROR] AppliInfo:139 - Unknown STM32CubeMX version: 6.13.0
2026-02-08 13:52:19,141 [ERROR] AppliInfo:139 - Unknown STM32CubeMX version: 6.13.0
2026-02-08 13:52:19,141 [ERROR] AppliInfo:139 - Unknown STM32CubeMX version: 6.13.0
2026-02-08 13:52:19,141 [ERROR] AppliInfo:139 - Unknown STM32CubeMX version: 6.13.0
2026-02-08 13:52:19,141 [ERROR] AppliInfo:139 - Unknown STM32CubeMX version: 6.13.0
2026-02-08 13:52:19,142 [ERROR] AppliInfo:139 - Unknown STM32CubeMX version: 6.13.0
2026-02-08 13:52:19,142 [ERROR] AppliInfo:139 - Unknown STM32CubeMX version: 6.13.0
2026-02-08 13:52:19,142 [ERROR] AppliInfo:139 - Unknown STM32CubeMX version: 6.13.0
2026-02-08 13:52:19,142 [ERROR] AppliInfo:139 - Unknown STM32CubeMX version: 6.13.0
2026-02-08 13:52:19,142 [ERROR] AppliInfo:139 - Unknown STM32CubeMX version: 6.13.0
2026-02-08 13:52:19,143 [ERROR] AppliInfo:139 - Unknown STM32CubeMX version: 6.13.0
2026-02-08 13:52:19,143 [ERROR] AppliInfo:139 - Unknown STM32CubeMX version: 6.13.0
2026-02-08 13:52:19,143 [ERROR] AppliInfo:139 - Unknown STM32CubeMX version: 6.13.0
2026-02-08 13:52:19,143 [ERROR] AppliInfo:139 - Unknown STM32CubeMX version: 6.13.0
2026-02-08 13:52:19,143 [ERROR] AppliInfo:139 - Unknown STM32CubeMX version: 6.13.0
2026-02-08 13:52:19,144 [ERROR] AppliInfo:139 - Unknown STM32CubeMX version: 6.13.0
2026-02-08 13:52:19,144 [ERROR] AppliInfo:139 - Unknown STM32CubeMX version: 6.13.0
2026-02-08 13:52:19,144 [ERROR] AppliInfo:139 - Unknown STM32CubeMX version: 6.13.0
2026-02-08 13:52:19,145 [ERROR] AppliInfo:139 - Unknown STM32CubeMX version: 6.13.0
2026-02-08 13:52:19,145 [ERROR] AppliInfo:139 - Unknown STM32CubeMX version: 6.13.0
2026-02-08 13:52:19,145 [ERROR] AppliInfo:139 - Unknown STM32CubeMX version: 6.13.0
2026-02-08 13:52:19,145 [ERROR] AppliInfo:139 - Unknown STM32CubeMX version: 6.13.0
2026-02-08 13:52:19,146 [ERROR] AppliInfo:139 - Unknown STM32CubeMX version: 6.13.0
2026-02-08 13:52:19,146 [ERROR] AppliInfo:139 - Unknown STM32CubeMX version: 6.13.0
2026-02-08 13:52:19,146 [ERROR] AppliInfo:139 - Unknown STM32CubeMX version: 6.13.0
2026-02-08 13:52:19,146 [ERROR] AppliInfo:139 - Unknown STM32CubeMX version: 6.13.0
2026-02-08 13:52:19,146 [ERROR] AppliInfo:139 - Unknown STM32CubeMX version: 6.13.0
2026-02-08 13:52:19,147 [ERROR] AppliInfo:139 - Unknown STM32CubeMX version: 6.13.0
2026-02-08 13:52:19,147 [ERROR] AppliInfo:139 - Unknown STM32CubeMX version: 6.13.0
2026-02-08 13:52:19,147 [ERROR] AppliInfo:139 - Unknown STM32CubeMX version: 6.13.0
2026-02-08 13:52:19,150 [ERROR] AppliInfo:139 - Unknown STM32CubeMX version: 6.13.0
2026-02-08 13:52:19,151 [ERROR] AppliInfo:139 - Unknown STM32CubeMX version: 6.13.0
2026-02-08 13:52:19,151 [ERROR] AppliInfo:139 - Unknown STM32CubeMX version: 6.13.0
2026-02-08 13:52:19,151 [ERROR] AppliInfo:139 - Unknown STM32CubeMX version: 6.13.0
2026-02-08 13:52:19,155 [ERROR] AppliInfo:139 - Unknown STM32CubeMX version: 6.13.0
2026-02-08 13:52:19,156 [ERROR] AppliInfo:139 - Unknown STM32CubeMX version: 6.13.0
2026-02-08 13:52:19,156 [ERROR] AppliInfo:139 - Unknown STM32CubeMX version: 6.13.0
2026-02-08 13:52:19,156 [ERROR] AppliInfo:139 - Unknown STM32CubeMX version: 6.13.0
2026-02-08 13:52:19,156 [ERROR] AppliInfo:139 - Unknown STM32CubeMX version: 6.14.0
2026-02-08 13:52:19,157 [ERROR] AppliInfo:139 - Unknown STM32CubeMX version: 6.14.0
2026-02-08 13:52:19,160 [ERROR] AppliInfo:139 - Unknown STM32CubeMX version: 6.13.0
2026-02-08 13:52:19,160 [ERROR] AppliInfo:139 - Unknown STM32CubeMX version: 6.13.0
2026-02-08 13:52:19,160 [ERROR] AppliInfo:139 - Unknown STM32CubeMX version: 6.13.0
2026-02-08 13:52:19,160 [ERROR] AppliInfo:139 - Unknown STM32CubeMX version: 6.14.0
2026-02-08 13:52:19,161 [ERROR] AppliInfo:139 - Unknown STM32CubeMX version: 6.13.0
2026-02-08 13:52:19,161 [ERROR] AppliInfo:139 - Unknown STM32CubeMX version: 6.13.0
2026-02-08 13:52:19,161 [ERROR] AppliInfo:139 - Unknown STM32CubeMX version: 6.15.0
2026-02-08 13:52:19,161 [ERROR] AppliInfo:139 - Unknown STM32CubeMX version: 6.15.0
2026-02-08 13:52:19,162 [ERROR] AppliInfo:139 - Unknown STM32CubeMX version: 6.14.0
2026-02-08 13:52:19,163 [ERROR] AppliInfo:139 - Unknown STM32CubeMX version: 6.13.0
2026-02-08 13:52:19,163 [ERROR] AppliInfo:139 - Unknown STM32CubeMX version: 6.13.0
2026-02-08 13:52:19,163 [ERROR] AppliInfo:139 - Unknown STM32CubeMX version: 6.13.0
2026-02-08 13:52:19,220 [ERROR] AppliInfo:139 - Unknown STM32CubeMX version: 6.13.0
2026-02-08 13:52:19,220 [ERROR] AppliInfo:139 - Unknown STM32CubeMX version: 6.15.0
2026-02-08 13:52:19,220 [ERROR] AppliInfo:139 - Unknown STM32CubeMX version: 6.13.0
2026-02-08 13:52:19,220 [ERROR] AppliInfo:139 - Unknown STM32CubeMX version: 6.13.0
2026-02-08 13:52:19,223 [ERROR] AppliInfo:139 - Unknown STM32CubeMX version: 6.13.0
2026-02-08 13:52:19,224 [ERROR] AppliInfo:139 - Unknown STM32CubeMX version: 6.13.0
2026-02-08 13:52:19,224 [ERROR] AppliInfo:139 - Unknown STM32CubeMX version: 6.13.0
2026-02-08 13:52:19,224 [ERROR] AppliInfo:139 - Unknown STM32CubeMX version: 6.15.0
2026-02-08 13:52:19,224 [ERROR] AppliInfo:139 - Unknown STM32CubeMX version: 6.13.0
2026-02-08 13:52:19,224 [ERROR] AppliInfo:139 - Unknown STM32CubeMX version: 6.13.0
2026-02-08 13:52:19,228 [ERROR] AppliInfo:139 - Unknown STM32CubeMX version: 6.13.0
2026-02-08 13:52:19,228 [ERROR] AppliInfo:139 - Unknown STM32CubeMX version: 6.13.0
2026-02-08 13:52:19,229 [ERROR] AppliInfo:139 - Unknown STM32CubeMX version: 6.13.0
2026-02-08 13:52:19,229 [ERROR] AppliInfo:139 - Unknown STM32CubeMX version: 6.13.0
2026-02-08 13:52:19,232 [ERROR] AppliInfo:139 - Unknown STM32CubeMX version: 6.13.0
2026-02-08 13:52:19,232 [ERROR] AppliInfo:139 - Unknown STM32CubeMX version: 6.13.0
2026-02-08 13:52:19,237 [ERROR] AppliInfo:139 - Unknown STM32CubeMX version: 6.13.0
2026-02-08 13:52:19,237 [ERROR] AppliInfo:139 - Unknown STM32CubeMX version: 6.13.0
2026-02-08 13:52:19,240 [ERROR] AppliInfo:139 - Unknown STM32CubeMX version: 6.13.0
2026-02-08 13:52:19,240 [ERROR] AppliInfo:139 - Unknown STM32CubeMX version: 6.13.0
2026-02-08 13:52:19,240 [ERROR] AppliInfo:139 - Unknown STM32CubeMX version: 6.13.0
2026-02-08 13:52:19,241 [ERROR] AppliInfo:139 - Unknown STM32CubeMX version: 6.13.0
2026-02-08 13:52:19,241 [ERROR] AppliInfo:139 - Unknown STM32CubeMX version: 6.13.0
2026-02-08 13:52:19,241 [ERROR] AppliInfo:139 - Unknown STM32CubeMX version: 6.13.0
2026-02-08 13:52:19,241 [ERROR] AppliInfo:139 - Unknown STM32CubeMX version: 6.13.0
2026-02-08 13:52:19,241 [ERROR] AppliInfo:139 - Unknown STM32CubeMX version: 6.13.0
2026-02-08 13:52:19,241 [ERROR] AppliInfo:139 - Unknown STM32CubeMX version: 6.15.0
2026-02-08 13:52:19,241 [ERROR] AppliInfo:139 - Unknown STM32CubeMX version: 6.13.0
2026-02-08 13:52:19,242 [ERROR] AppliInfo:139 - Unknown STM32CubeMX version: 6.15.0
2026-02-08 13:52:19,242 [ERROR] AppliInfo:139 - Unknown STM32CubeMX version: 6.15.0
2026-02-08 13:52:19,242 [ERROR] AppliInfo:139 - Unknown STM32CubeMX version: 6.13.0
2026-02-08 13:52:19,245 [ERROR] AppliInfo:139 - Unknown STM32CubeMX version: 6.13.0
2026-02-08 13:52:19,246 [ERROR] AppliInfo:139 - Unknown STM32CubeMX version: 6.13.0
2026-02-08 13:52:19,246 [ERROR] AppliInfo:139 - Unknown STM32CubeMX version: 6.13.0
2026-02-08 13:52:19,246 [ERROR] AppliInfo:139 - Unknown STM32CubeMX version: 6.13.0
2026-02-08 13:52:19,246 [ERROR] AppliInfo:139 - Unknown STM32CubeMX version: 6.13.0
2026-02-08 13:52:19,251 [ERROR] AppliInfo:139 - Unknown STM32CubeMX version: 6.13.0
2026-02-08 13:52:19,251 [ERROR] AppliInfo:139 - Unknown STM32CubeMX version: 6.13.0
2026-02-08 13:52:19,252 [ERROR] AppliInfo:139 - Unknown STM32CubeMX version: 6.13.0
2026-02-08 13:52:19,252 [ERROR] AppliInfo:139 - Unknown STM32CubeMX version: 6.13.0
2026-02-08 13:52:19,252 [ERROR] AppliInfo:139 - Unknown STM32CubeMX version: 6.13.0
2026-02-08 13:52:19,252 [ERROR] AppliInfo:139 - Unknown STM32CubeMX version: 6.13.0
2026-02-08 13:52:19,253 [ERROR] AppliInfo:139 - Unknown STM32CubeMX version: 6.13.0
2026-02-08 13:52:19,255 [ERROR] AppliInfo:139 - Unknown STM32CubeMX version: 6.13.0
2026-02-08 13:52:19,255 [ERROR] AppliInfo:139 - Unknown STM32CubeMX version: 6.13.0
2026-02-08 13:52:19,255 [ERROR] AppliInfo:139 - Unknown STM32CubeMX version: 6.13.0
2026-02-08 13:52:19,256 [ERROR] AppliInfo:139 - Unknown STM32CubeMX version: 6.13.0
2026-02-08 13:52:19,260 [ERROR] AppliInfo:139 - Unknown STM32CubeMX version: 6.15.0
2026-02-08 13:52:19,260 [ERROR] AppliInfo:139 - Unknown STM32CubeMX version: 6.13.0
2026-02-08 13:52:19,260 [ERROR] AppliInfo:139 - Unknown STM32CubeMX version: 6.15.0
2026-02-08 13:52:19,260 [ERROR] AppliInfo:139 - Unknown STM32CubeMX version: 6.13.0
2026-02-08 13:52:19,261 [ERROR] AppliInfo:139 - Unknown STM32CubeMX version: 6.13.0
2026-02-08 13:52:19,261 [ERROR] AppliInfo:139 - Unknown STM32CubeMX version: 6.13.0
2026-02-08 13:52:19,261 [ERROR] AppliInfo:139 - Unknown STM32CubeMX version: 6.13.0
2026-02-08 13:52:19,261 [ERROR] AppliInfo:139 - Unknown STM32CubeMX version: 6.11.0
2026-02-08 13:52:19,261 [ERROR] AppliInfo:139 - Unknown STM32CubeMX version: 6.11.0
2026-02-08 13:52:19,262 [ERROR] AppliInfo:139 - Unknown STM32CubeMX version: 6.13.0
2026-02-08 13:52:19,265 [ERROR] AppliInfo:139 - Unknown STM32CubeMX version: 6.11.0
2026-02-08 13:52:19,266 [ERROR] AppliInfo:139 - Unknown STM32CubeMX version: 6.11.0
2026-02-08 13:52:19,266 [ERROR] AppliInfo:139 - Unknown STM32CubeMX version: 6.16.0
2026-02-08 13:52:19,273 [ERROR] AppliInfo:139 - Unknown STM32CubeMX version: 6.13.0
2026-02-08 13:52:20,103 [ERROR] AppliInfo:139 - Unknown STM32CubeMX version: 6.11.0
2026-02-08 13:52:20,104 [ERROR] AppliInfo:139 - Unknown STM32CubeMX version: 6.14.0
2026-02-08 13:52:20,104 [ERROR] AppliInfo:139 - Unknown STM32CubeMX version: 6.11.0
2026-02-08 13:52:20,104 [ERROR] AppliInfo:139 - Unknown STM32CubeMX version: 6.11.0
2026-02-08 13:52:20,104 [ERROR] AppliInfo:139 - Unknown STM32CubeMX version: 6.11.0
2026-02-08 13:52:20,104 [ERROR] AppliInfo:139 - Unknown STM32CubeMX version: 6.13.0
2026-02-08 13:52:20,104 [ERROR] AppliInfo:139 - Unknown STM32CubeMX version: 6.13.0
2026-02-08 13:52:20,105 [ERROR] AppliInfo:139 - Unknown STM32CubeMX version: 6.11.0
2026-02-08 13:52:20,108 [ERROR] AppliInfo:139 - Unknown STM32CubeMX version: 6.16.0
2026-02-08 13:52:20,108 [ERROR] AppliInfo:139 - Unknown STM32CubeMX version: 6.16.0
2026-02-08 13:52:20,108 [ERROR] AppliInfo:139 - Unknown STM32CubeMX version: 6.16.0
2026-02-08 13:52:20,108 [ERROR] AppliInfo:139 - Unknown STM32CubeMX version: 6.16.0
2026-02-08 13:52:20,109 [ERROR] AppliInfo:139 - Unknown STM32CubeMX version: 6.16.0
2026-02-08 13:52:20,109 [ERROR] AppliInfo:139 - Unknown STM32CubeMX version: 6.16.0
2026-02-08 13:52:20,112 [ERROR] AppliInfo:139 - Unknown STM32CubeMX version: 6.13.0
2026-02-08 13:52:20,126 [ERROR] AppliInfo:139 - Unknown STM32CubeMX version: 6.13.0
2026-02-08 13:52:21,407 [ERROR] AppliInfo:139 - Unknown STM32CubeMX version: 6.11.0
2026-02-08 13:52:21,408 [ERROR] AppliInfo:139 - Unknown STM32CubeMX version: 6.11.0
2026-02-08 13:52:21,408 [ERROR] AppliInfo:139 - Unknown STM32CubeMX version: 6.11.0
2026-02-08 13:52:21,413 [ERROR] AppliInfo:139 - Unknown STM32CubeMX version: 6.14.0
2026-02-08 13:52:21,413 [ERROR] AppliInfo:139 - Unknown STM32CubeMX version: 6.14.0
2026-02-08 13:52:21,413 [ERROR] AppliInfo:139 - Unknown STM32CubeMX version: 6.14.0
2026-02-08 13:52:21,414 [ERROR] AppliInfo:139 - Unknown STM32CubeMX version: 6.12.1
2026-02-08 13:52:21,414 [ERROR] AppliInfo:139 - Unknown STM32CubeMX version: 6.16.0
2026-02-08 13:52:21,414 [ERROR] AppliInfo:139 - Unknown STM32CubeMX version: 6.16.0
2026-02-08 13:52:21,414 [ERROR] AppliInfo:139 - Unknown STM32CubeMX version: 6.16.0
2026-02-08 13:52:21,414 [ERROR] AppliInfo:139 - Unknown STM32CubeMX version: 6.16.0
2026-02-08 13:52:21,415 [ERROR] AppliInfo:139 - Unknown STM32CubeMX version: 6.16.0
2026-02-08 13:52:21,415 [ERROR] AppliInfo:139 - Unknown STM32CubeMX version: 6.16.0
2026-02-08 13:52:21,425 [ERROR] AppliInfo:139 - Unknown STM32CubeMX version: 6.16.0
2026-02-08 13:52:21,425 [ERROR] AppliInfo:139 - Unknown STM32CubeMX version: 6.16.0
2026-02-08 13:52:21,425 [ERROR] AppliInfo:139 - Unknown STM32CubeMX version: 6.16.0
2026-02-08 13:52:21,426 [ERROR] AppliInfo:139 - Unknown STM32CubeMX version: 6.16.0
2026-02-08 13:52:21,426 [ERROR] AppliInfo:139 - Unknown STM32CubeMX version: 6.16.0
2026-02-08 13:52:21,426 [ERROR] AppliInfo:139 - Unknown STM32CubeMX version: 6.16.0
2026-02-08 13:52:21,426 [ERROR] AppliInfo:139 - Unknown STM32CubeMX version: 6.16.0
2026-02-08 13:52:21,427 [ERROR] AppliInfo:139 - Unknown STM32CubeMX version: 6.16.0
2026-02-08 13:52:21,427 [ERROR] AppliInfo:139 - Unknown STM32CubeMX version: 6.16.0
2026-02-08 13:52:21,427 [ERROR] AppliInfo:139 - Unknown STM32CubeMX version: 6.16.0
2026-02-08 13:52:21,427 [ERROR] AppliInfo:139 - Unknown STM32CubeMX version: 6.16.0
2026-02-08 13:52:21,427 [ERROR] AppliInfo:139 - Unknown STM32CubeMX version: 6.16.0
2026-02-08 13:52:21,427 [ERROR] AppliInfo:139 - Unknown STM32CubeMX version: 6.16.0
2026-02-08 13:52:21,428 [ERROR] AppliInfo:139 - Unknown STM32CubeMX version: 6.16.0
2026-02-08 13:52:21,428 [ERROR] AppliInfo:139 - Unknown STM32CubeMX version: 6.16.0
2026-02-08 13:52:21,428 [ERROR] AppliInfo:139 - Unknown STM32CubeMX version: 6.14.0
2026-02-08 13:52:21,429 [ERROR] AppliInfo:139 - Unknown STM32CubeMX version: 6.14.0
2026-02-08 13:52:21,429 [ERROR] AppliInfo:139 - Unknown STM32CubeMX version: 6.14.0
2026-02-08 13:52:21,429 [ERROR] AppliInfo:139 - Unknown STM32CubeMX version: 6.14.0
2026-02-08 13:52:21,429 [ERROR] AppliInfo:139 - Unknown STM32CubeMX version: 6.14.0
2026-02-08 13:52:21,430 [ERROR] AppliInfo:139 - Unknown STM32CubeMX version: 6.14.0
2026-02-08 13:52:21,430 [ERROR] AppliInfo:139 - Unknown STM32CubeMX version: 6.14.0
2026-02-08 13:52:21,430 [ERROR] AppliInfo:139 - Unknown STM32CubeMX version: 6.14.0
2026-02-08 13:52:21,430 [ERROR] AppliInfo:139 - Unknown STM32CubeMX version: 6.14.0
2026-02-08 13:52:21,430 [ERROR] AppliInfo:139 - Unknown STM32CubeMX version: 6.14.0
2026-02-08 13:52:21,430 [ERROR] AppliInfo:139 - Unknown STM32CubeMX version: 6.14.0
2026-02-08 13:52:21,430 [ERROR] AppliInfo:139 - Unknown STM32CubeMX version: 6.14.0
2026-02-08 13:52:21,431 [ERROR] AppliInfo:139 - Unknown STM32CubeMX version: 6.14.0
2026-02-08 13:52:21,431 [ERROR] AppliInfo:139 - Unknown STM32CubeMX version: 6.14.0
2026-02-08 13:52:21,431 [ERROR] AppliInfo:139 - Unknown STM32CubeMX version: 6.14.0
2026-02-08 13:52:21,431 [ERROR] AppliInfo:139 - Unknown STM32CubeMX version: 6.14.0
2026-02-08 13:52:21,431 [ERROR] AppliInfo:139 - Unknown STM32CubeMX version: 6.14.0
2026-02-08 13:52:21,431 [ERROR] AppliInfo:139 - Unknown STM32CubeMX version: 6.14.0
2026-02-08 13:52:21,431 [ERROR] AppliInfo:139 - Unknown STM32CubeMX version: 6.14.0
2026-02-08 13:52:21,432 [ERROR] AppliInfo:139 - Unknown STM32CubeMX version: 6.14.0
2026-02-08 13:52:21,432 [ERROR] AppliInfo:139 - Unknown STM32CubeMX version: 6.14.0
2026-02-08 13:52:21,432 [ERROR] AppliInfo:139 - Unknown STM32CubeMX version: 6.14.0
2026-02-08 13:52:21,432 [ERROR] AppliInfo:139 - Unknown STM32CubeMX version: 6.14.0
2026-02-08 13:52:21,432 [ERROR] AppliInfo:139 - Unknown STM32CubeMX version: 6.14.0
2026-02-08 13:52:21,432 [ERROR] AppliInfo:139 - Unknown STM32CubeMX version: 6.14.0
2026-02-08 13:52:21,432 [ERROR] AppliInfo:139 - Unknown STM32CubeMX version: 6.14.0
2026-02-08 13:52:21,432 [ERROR] AppliInfo:139 - Unknown STM32CubeMX version: 6.14.0
2026-02-08 13:52:21,433 [ERROR] AppliInfo:139 - Unknown STM32CubeMX version: 6.14.0
2026-02-08 13:52:21,433 [ERROR] AppliInfo:139 - Unknown STM32CubeMX version: 6.14.0
2026-02-08 13:52:21,433 [ERROR] AppliInfo:139 - Unknown STM32CubeMX version: 6.14.0
2026-02-08 13:52:21,433 [ERROR] AppliInfo:139 - Unknown STM32CubeMX version: 6.14.0
2026-02-08 13:52:21,433 [ERROR] AppliInfo:139 - Unknown STM32CubeMX version: 6.14.0
2026-02-08 13:52:21,433 [ERROR] AppliInfo:139 - Unknown STM32CubeMX version: 6.14.0
2026-02-08 13:52:21,434 [ERROR] AppliInfo:139 - Unknown STM32CubeMX version: 6.14.0
2026-02-08 13:52:21,434 [ERROR] AppliInfo:139 - Unknown STM32CubeMX version: 6.14.0
2026-02-08 13:52:21,434 [ERROR] AppliInfo:139 - Unknown STM32CubeMX version: 6.14.0
2026-02-08 13:52:21,434 [ERROR] AppliInfo:139 - Unknown STM32CubeMX version: 6.14.0
2026-02-08 13:52:21,434 [ERROR] AppliInfo:139 - Unknown STM32CubeMX version: 6.16.0
2026-02-08 13:52:21,434 [ERROR] AppliInfo:139 - Unknown STM32CubeMX version: 6.16.0
2026-02-08 13:52:21,435 [ERROR] AppliInfo:139 - Unknown STM32CubeMX version: 6.16.0
2026-02-08 13:52:21,435 [ERROR] AppliInfo:139 - Unknown STM32CubeMX version: 6.16.0
2026-02-08 13:52:21,435 [ERROR] AppliInfo:139 - Unknown STM32CubeMX version: 6.16.0
2026-02-08 13:52:21,438 [ERROR] AppliInfo:139 - Unknown STM32CubeMX version: 6.16.0
2026-02-08 13:52:21,438 [ERROR] AppliInfo:139 - Unknown STM32CubeMX version: 6.16.0
2026-02-08 13:52:21,438 [ERROR] AppliInfo:139 - Unknown STM32CubeMX version: 6.16.0
2026-02-08 13:52:21,439 [ERROR] AppliInfo:139 - Unknown STM32CubeMX version: 6.16.0
2026-02-08 13:52:21,439 [ERROR] AppliInfo:139 - Unknown STM32CubeMX version: 6.16.0
2026-02-08 13:52:21,439 [ERROR] AppliInfo:139 - Unknown STM32CubeMX version: 6.16.0
2026-02-08 13:52:21,442 [ERROR] AppliInfo:139 - Unknown STM32CubeMX version: 6.16.0
2026-02-08 13:52:21,443 [ERROR] AppliInfo:139 - Unknown STM32CubeMX version: 6.16.0
2026-02-08 13:52:21,443 [ERROR] AppliInfo:139 - Unknown STM32CubeMX version: 6.16.0
2026-02-08 13:52:21,443 [ERROR] AppliInfo:139 - Unknown STM32CubeMX version: 6.16.0
2026-02-08 13:52:21,444 [ERROR] AppliInfo:139 - Unknown STM32CubeMX version: 6.16.0
2026-02-08 13:52:21,444 [ERROR] AppliInfo:139 - Unknown STM32CubeMX version: 6.16.0
2026-02-08 13:52:22,632 [ERROR] AppliInfo:139 - Unknown STM32CubeMX version: 6.16.0
2026-02-08 13:52:22,633 [ERROR] AppliInfo:139 - Unknown STM32CubeMX version: 6.16.0
2026-02-08 13:52:22,633 [ERROR] AppliInfo:139 - Unknown STM32CubeMX version: 6.16.0
2026-02-08 13:52:22,633 [ERROR] AppliInfo:139 - Unknown STM32CubeMX version: 6.16.0
2026-02-08 13:52:22,633 [ERROR] AppliInfo:139 - Unknown STM32CubeMX version: 6.14.0
2026-02-08 13:52:22,634 [ERROR] AppliInfo:139 - Unknown STM32CubeMX version: 6.14.0
2026-02-08 13:52:22,634 [ERROR] AppliInfo:139 - Unknown STM32CubeMX version: 6.14.0
2026-02-08 13:52:22,635 [ERROR] AppliInfo:139 - Unknown STM32CubeMX version: 6.14.0
2026-02-08 13:52:22,635 [ERROR] AppliInfo:139 - Unknown STM32CubeMX version: 6.14.0
2026-02-08 13:52:22,635 [ERROR] AppliInfo:139 - Unknown STM32CubeMX version: 6.14.0
2026-02-08 13:52:22,635 [ERROR] AppliInfo:139 - Unknown STM32CubeMX version: 6.14.0
2026-02-08 13:52:22,635 [ERROR] AppliInfo:139 - Unknown STM32CubeMX version: 6.14.0
2026-02-08 13:52:22,635 [ERROR] AppliInfo:139 - Unknown STM32CubeMX version: 6.14.0
2026-02-08 13:52:22,636 [ERROR] AppliInfo:139 - Unknown STM32CubeMX version: 6.14.0
2026-02-08 13:52:22,636 [ERROR] AppliInfo:139 - Unknown STM32CubeMX version: 6.14.0
2026-02-08 13:52:22,636 [ERROR] AppliInfo:139 - Unknown STM32CubeMX version: 6.14.0
2026-02-08 13:52:22,636 [ERROR] AppliInfo:139 - Unknown STM32CubeMX version: 6.14.0
2026-02-08 13:52:22,636 [ERROR] AppliInfo:139 - Unknown STM32CubeMX version: 6.14.0
2026-02-08 13:52:22,636 [ERROR] AppliInfo:139 - Unknown STM32CubeMX version: 6.14.0
2026-02-08 13:52:22,636 [ERROR] AppliInfo:139 - Unknown STM32CubeMX version: 6.14.0
2026-02-08 13:52:22,636 [ERROR] AppliInfo:139 - Unknown STM32CubeMX version: 6.14.0
2026-02-08 13:52:22,637 [ERROR] AppliInfo:139 - Unknown STM32CubeMX version: 6.14.0
2026-02-08 13:52:22,637 [ERROR] AppliInfo:139 - Unknown STM32CubeMX version: 6.14.0
2026-02-08 13:52:22,637 [ERROR] AppliInfo:139 - Unknown STM32CubeMX version: 6.14.0
2026-02-08 13:52:22,637 [ERROR] AppliInfo:139 - Unknown STM32CubeMX version: 6.14.0
2026-02-08 13:52:22,637 [ERROR] AppliInfo:139 - Unknown STM32CubeMX version: 6.14.0
2026-02-08 13:52:22,637 [ERROR] AppliInfo:139 - Unknown STM32CubeMX version: 6.14.0
2026-02-08 13:52:22,637 [ERROR] AppliInfo:139 - Unknown STM32CubeMX version: 6.14.0
2026-02-08 13:52:22,638 [ERROR] AppliInfo:139 - Unknown STM32CubeMX version: 6.14.0
2026-02-08 13:52:22,638 [ERROR] AppliInfo:139 - Unknown STM32CubeMX version: 6.14.0
2026-02-08 13:52:22,638 [ERROR] AppliInfo:139 - Unknown STM32CubeMX version: 6.14.0
2026-02-08 13:52:22,638 [ERROR] AppliInfo:139 - Unknown STM32CubeMX version: 6.14.0
2026-02-08 13:52:22,638 [ERROR] AppliInfo:139 - Unknown STM32CubeMX version: 6.14.0
2026-02-08 13:52:22,638 [ERROR] AppliInfo:139 - Unknown STM32CubeMX version: 6.14.0
2026-02-08 13:52:22,638 [ERROR] AppliInfo:139 - Unknown STM32CubeMX version: 6.14.0
2026-02-08 13:52:22,639 [ERROR] AppliInfo:139 - Unknown STM32CubeMX version: 6.14.0
2026-02-08 13:52:22,639 [ERROR] AppliInfo:139 - Unknown STM32CubeMX version: 6.14.0
2026-02-08 13:52:22,639 [ERROR] AppliInfo:139 - Unknown STM32CubeMX version: 6.14.0
2026-02-08 13:52:22,639 [ERROR] AppliInfo:139 - Unknown STM32CubeMX version: 6.14.0
2026-02-08 13:52:22,639 [ERROR] AppliInfo:139 - Unknown STM32CubeMX version: 6.14.0
2026-02-08 13:52:22,639 [ERROR] AppliInfo:139 - Unknown STM32CubeMX version: 6.14.0
2026-02-08 13:52:22,640 [ERROR] AppliInfo:139 - Unknown STM32CubeMX version: 6.16.0
2026-02-08 13:52:22,640 [ERROR] AppliInfo:139 - Unknown STM32CubeMX version: 6.16.0
2026-02-08 13:52:22,640 [ERROR] AppliInfo:139 - Unknown STM32CubeMX version: 6.16.0
2026-02-08 13:52:22,640 [ERROR] AppliInfo:139 - Unknown STM32CubeMX version: 6.16.0
2026-02-08 13:52:22,641 [ERROR] AppliInfo:139 - Unknown STM32CubeMX version: 6.16.0
2026-02-08 13:52:22,641 [ERROR] AppliInfo:139 - Unknown STM32CubeMX version: 6.16.0
2026-02-08 13:52:22,641 [ERROR] AppliInfo:139 - Unknown STM32CubeMX version: 6.16.0
2026-02-08 13:52:22,641 [ERROR] AppliInfo:139 - Unknown STM32CubeMX version: 6.16.0
2026-02-08 13:52:22,641 [ERROR] AppliInfo:139 - Unknown STM32CubeMX version: 6.16.0
2026-02-08 13:52:22,641 [ERROR] AppliInfo:139 - Unknown STM32CubeMX version: 6.16.0
2026-02-08 13:52:22,642 [ERROR] AppliInfo:139 - Unknown STM32CubeMX version: 6.16.0
2026-02-08 13:52:22,642 [ERROR] AppliInfo:139 - Unknown STM32CubeMX version: 6.16.0
2026-02-08 13:52:22,642 [ERROR] AppliInfo:139 - Unknown STM32CubeMX version: 6.16.0
2026-02-08 13:52:22,642 [ERROR] AppliInfo:139 - Unknown STM32CubeMX version: 6.16.0
2026-02-08 13:52:22,642 [ERROR] AppliInfo:139 - Unknown STM32CubeMX version: 6.16.0
2026-02-08 13:52:22,642 [ERROR] AppliInfo:139 - Unknown STM32CubeMX version: 6.16.0
2026-02-08 13:52:22,643 [ERROR] AppliInfo:139 - Unknown STM32CubeMX version: 6.16.0
2026-02-08 13:52:22,643 [ERROR] AppliInfo:139 - Unknown STM32CubeMX version: 6.16.0
2026-02-08 13:52:22,643 [ERROR] AppliInfo:139 - Unknown STM32CubeMX version: 6.16.0
2026-02-08 13:52:22,643 [ERROR] AppliInfo:139 - Unknown STM32CubeMX version: 6.16.0
2026-02-08 13:52:22,643 [ERROR] AppliInfo:139 - Unknown STM32CubeMX version: 6.16.0
2026-02-08 13:52:22,646 [ERROR] AppliInfo:139 - Unknown STM32CubeMX version: 6.14.0
2026-02-08 13:52:22,647 [ERROR] AppliInfo:139 - Unknown STM32CubeMX version: 6.14.0
2026-02-08 13:52:22,647 [ERROR] AppliInfo:139 - Unknown STM32CubeMX version: 6.14.0
2026-02-08 13:52:22,649 [ERROR] AppliInfo:139 - Unknown STM32CubeMX version: 6.14.0
2026-02-08 13:52:22,649 [ERROR] AppliInfo:139 - Unknown STM32CubeMX version: 6.14.0
2026-02-08 13:52:22,649 [ERROR] AppliInfo:139 - Unknown STM32CubeMX version: 6.14.0
2026-02-08 13:52:22,650 [ERROR] AppliInfo:139 - Unknown STM32CubeMX version: 6.14.0
2026-02-08 13:52:22,650 [ERROR] AppliInfo:139 - Unknown STM32CubeMX version: 6.14.0
2026-02-08 13:52:22,650 [ERROR] AppliInfo:139 - Unknown STM32CubeMX version: 6.14.0
2026-02-08 13:52:22,650 [ERROR] AppliInfo:139 - Unknown STM32CubeMX version: 6.14.0
2026-02-08 13:52:22,651 [ERROR] AppliInfo:139 - Unknown STM32CubeMX version: 6.14.0
2026-02-08 13:52:22,651 [ERROR] AppliInfo:139 - Unknown STM32CubeMX version: 6.14.0
2026-02-08 13:52:22,651 [ERROR] AppliInfo:139 - Unknown STM32CubeMX version: 6.14.0
2026-02-08 13:52:22,651 [ERROR] AppliInfo:139 - Unknown STM32CubeMX version: 6.14.0
2026-02-08 13:52:22,651 [ERROR] AppliInfo:139 - Unknown STM32CubeMX version: 6.14.0
2026-02-08 13:52:22,652 [ERROR] AppliInfo:139 - Unknown STM32CubeMX version: 6.14.0
2026-02-08 13:52:22,652 [ERROR] AppliInfo:139 - Unknown STM32CubeMX version: 6.14.0
2026-02-08 13:52:22,652 [ERROR] AppliInfo:139 - Unknown STM32CubeMX version: 6.14.0
2026-02-08 13:52:22,652 [ERROR] AppliInfo:139 - Unknown STM32CubeMX version: 6.14.0
2026-02-08 13:52:22,653 [ERROR] AppliInfo:139 - Unknown STM32CubeMX version: 6.14.0
2026-02-08 13:52:22,653 [ERROR] AppliInfo:139 - Unknown STM32CubeMX version: 6.14.0
2026-02-08 13:52:22,653 [ERROR] AppliInfo:139 - Unknown STM32CubeMX version: 6.14.0
2026-02-08 13:52:22,654 [ERROR] AppliInfo:139 - Unknown STM32CubeMX version: 6.14.0
2026-02-08 13:52:22,654 [ERROR] AppliInfo:139 - Unknown STM32CubeMX version: 6.14.0
2026-02-08 13:52:22,654 [ERROR] AppliInfo:139 - Unknown STM32CubeMX version: 6.14.0
2026-02-08 13:52:22,654 [ERROR] AppliInfo:139 - Unknown STM32CubeMX version: 6.14.0
2026-02-08 13:52:22,654 [ERROR] AppliInfo:139 - Unknown STM32CubeMX version: 6.14.0
2026-02-08 13:52:22,655 [ERROR] AppliInfo:139 - Unknown STM32CubeMX version: 6.14.0
2026-02-08 13:52:22,655 [ERROR] AppliInfo:139 - Unknown STM32CubeMX version: 6.14.0
2026-02-08 13:52:22,655 [ERROR] AppliInfo:139 - Unknown STM32CubeMX version: 6.14.0
2026-02-08 13:52:22,655 [ERROR] AppliInfo:139 - Unknown STM32CubeMX version: 6.14.0
2026-02-08 13:52:22,656 [ERROR] AppliInfo:139 - Unknown STM32CubeMX version: 6.14.0
2026-02-08 13:52:22,656 [ERROR] AppliInfo:139 - Unknown STM32CubeMX version: 6.14.0
2026-02-08 13:52:22,656 [ERROR] AppliInfo:139 - Unknown STM32CubeMX version: 6.14.0
2026-02-08 13:52:22,656 [ERROR] AppliInfo:139 - Unknown STM32CubeMX version: 6.14.0
2026-02-08 13:52:22,656 [ERROR] AppliInfo:139 - Unknown STM32CubeMX version: 6.14.0
2026-02-08 13:52:22,657 [ERROR] AppliInfo:139 - Unknown STM32CubeMX version: 6.14.0
2026-02-08 13:52:22,657 [ERROR] AppliInfo:139 - Unknown STM32CubeMX version: 6.14.0
2026-02-08 13:52:22,657 [ERROR] AppliInfo:139 - Unknown STM32CubeMX version: 6.14.0
2026-02-08 13:52:22,657 [ERROR] AppliInfo:139 - Unknown STM32CubeMX version: 6.14.0
2026-02-08 13:52:22,658 [ERROR] AppliInfo:139 - Unknown STM32CubeMX version: 6.14.0
2026-02-08 13:52:22,658 [ERROR] AppliInfo:139 - Unknown STM32CubeMX version: 6.14.0
2026-02-08 13:52:22,658 [ERROR] AppliInfo:139 - Unknown STM32CubeMX version: 6.14.0
2026-02-08 13:52:22,658 [ERROR] AppliInfo:139 - Unknown STM32CubeMX version: 6.14.0
2026-02-08 13:52:22,658 [ERROR] AppliInfo:139 - Unknown STM32CubeMX version: 6.14.0
2026-02-08 13:52:22,659 [ERROR] AppliInfo:139 - Unknown STM32CubeMX version: 6.14.0
2026-02-08 13:52:22,659 [ERROR] AppliInfo:139 - Unknown STM32CubeMX version: 6.14.0
2026-02-08 13:52:22,659 [ERROR] AppliInfo:139 - Unknown STM32CubeMX version: 6.14.0
2026-02-08 13:52:22,659 [ERROR] AppliInfo:139 - Unknown STM32CubeMX version: 6.14.0
2026-02-08 13:52:22,662 [ERROR] AppliInfo:139 - Unknown STM32CubeMX version: 6.14.0
2026-02-08 13:52:22,662 [ERROR] AppliInfo:139 - Unknown STM32CubeMX version: 6.14.0
2026-02-08 13:52:22,662 [ERROR] AppliInfo:139 - Unknown STM32CubeMX version: 6.14.0
2026-02-08 13:52:22,663 [ERROR] AppliInfo:139 - Unknown STM32CubeMX version: 6.14.0
2026-02-08 13:52:22,663 [ERROR] AppliInfo:139 - Unknown STM32CubeMX version: 6.14.0
2026-02-08 13:52:22,663 [ERROR] AppliInfo:139 - Unknown STM32CubeMX version: 6.14.0
2026-02-08 13:52:22,663 [ERROR] AppliInfo:139 - Unknown STM32CubeMX version: 6.14.0
2026-02-08 13:52:22,663 [ERROR] AppliInfo:139 - Unknown STM32CubeMX version: 6.14.0
2026-02-08 13:52:22,664 [ERROR] AppliInfo:139 - Unknown STM32CubeMX version: 6.14.0
2026-02-08 13:52:22,664 [ERROR] AppliInfo:139 - Unknown STM32CubeMX version: 6.14.0
2026-02-08 13:52:22,664 [ERROR] AppliInfo:139 - Unknown STM32CubeMX version: 6.14.0
2026-02-08 13:52:22,664 [ERROR] AppliInfo:139 - Unknown STM32CubeMX version: 6.14.0
2026-02-08 13:52:22,664 [ERROR] AppliInfo:139 - Unknown STM32CubeMX version: 6.14.0
2026-02-08 13:52:22,665 [ERROR] AppliInfo:139 - Unknown STM32CubeMX version: 6.14.0
2026-02-08 13:52:22,665 [ERROR] AppliInfo:139 - Unknown STM32CubeMX version: 6.14.0
2026-02-08 13:52:22,665 [ERROR] AppliInfo:139 - Unknown STM32CubeMX version: 6.14.0
2026-02-08 13:52:22,665 [ERROR] AppliInfo:139 - Unknown STM32CubeMX version: 6.14.0
2026-02-08 13:52:22,665 [ERROR] AppliInfo:139 - Unknown STM32CubeMX version: 6.14.0
2026-02-08 13:52:22,666 [ERROR] AppliInfo:139 - Unknown STM32CubeMX version: 6.14.0
2026-02-08 13:52:22,666 [ERROR] AppliInfo:139 - Unknown STM32CubeMX version: 6.14.0
2026-02-08 13:52:22,666 [ERROR] AppliInfo:139 - Unknown STM32CubeMX version: 6.14.0
2026-02-08 13:52:22,666 [ERROR] AppliInfo:139 - Unknown STM32CubeMX version: 6.16.0
2026-02-08 13:52:22,667 [ERROR] AppliInfo:139 - Unknown STM32CubeMX version: 6.16.0
2026-02-08 13:52:22,667 [ERROR] AppliInfo:139 - Unknown STM32CubeMX version: 6.16.0
2026-02-08 13:52:22,667 [ERROR] AppliInfo:139 - Unknown STM32CubeMX version: 6.16.0
2026-02-08 13:52:22,667 [ERROR] AppliInfo:139 - Unknown STM32CubeMX version: 6.16.0
2026-02-08 13:52:22,667 [ERROR] AppliInfo:139 - Unknown STM32CubeMX version: 6.16.0
2026-02-08 13:52:22,668 [ERROR] AppliInfo:139 - Unknown STM32CubeMX version: 6.16.0
2026-02-08 13:52:22,668 [ERROR] AppliInfo:139 - Unknown STM32CubeMX version: 6.16.0
2026-02-08 13:52:22,668 [ERROR] AppliInfo:139 - Unknown STM32CubeMX version: 6.16.0
2026-02-08 13:52:22,669 [ERROR] AppliInfo:139 - Unknown STM32CubeMX version: 6.14.0
2026-02-08 13:52:22,669 [ERROR] AppliInfo:139 - Unknown STM32CubeMX version: 6.14.0
2026-02-08 13:52:22,669 [ERROR] AppliInfo:139 - Unknown STM32CubeMX version: 6.14.0
2026-02-08 13:52:22,669 [ERROR] AppliInfo:139 - Unknown STM32CubeMX version: 6.14.0
2026-02-08 13:52:22,669 [ERROR] AppliInfo:139 - Unknown STM32CubeMX version: 6.16.0
2026-02-08 13:52:22,670 [ERROR] AppliInfo:139 - Unknown STM32CubeMX version: 6.16.0
2026-02-08 13:52:22,670 [ERROR] AppliInfo:139 - Unknown STM32CubeMX version: 6.16.0
2026-02-08 13:52:22,670 [ERROR] AppliInfo:139 - Unknown STM32CubeMX version: 6.16.0
2026-02-08 13:52:22,670 [ERROR] AppliInfo:139 - Unknown STM32CubeMX version: 6.16.0
2026-02-08 13:52:22,670 [ERROR] AppliInfo:139 - Unknown STM32CubeMX version: 6.16.0
2026-02-08 13:52:22,671 [ERROR] AppliInfo:139 - Unknown STM32CubeMX version: 6.14.0
2026-02-08 13:52:22,672 [ERROR] AppliInfo:139 - Unknown STM32CubeMX version: 6.14.0
2026-02-08 13:52:22,672 [ERROR] AppliInfo:139 - Unknown STM32CubeMX version: 6.14.0
2026-02-08 13:52:22,672 [ERROR] AppliInfo:139 - Unknown STM32CubeMX version: 6.14.0
2026-02-08 13:52:22,675 [ERROR] AppliInfo:139 - Unknown STM32CubeMX version: 6.16.0
2026-02-08 13:52:22,676 [ERROR] AppliInfo:139 - Unknown STM32CubeMX version: 6.16.0
2026-02-08 13:52:22,676 [ERROR] AppliInfo:139 - Unknown STM32CubeMX version: 6.16.0
2026-02-08 13:52:22,676 [ERROR] AppliInfo:139 - Unknown STM32CubeMX version: 6.16.0
2026-02-08 13:52:22,677 [ERROR] AppliInfo:139 - Unknown STM32CubeMX version: 6.16.0
2026-02-08 13:52:22,677 [ERROR] AppliInfo:139 - Unknown STM32CubeMX version: 6.16.0
2026-02-08 13:52:22,677 [ERROR] AppliInfo:139 - Unknown STM32CubeMX version: 6.16.0
2026-02-08 13:52:22,677 [ERROR] AppliInfo:139 - Unknown STM32CubeMX version: 6.16.0
2026-02-08 13:52:22,681 [ERROR] AppliInfo:139 - Unknown STM32CubeMX version: 6.14.0
2026-02-08 13:52:22,681 [ERROR] AppliInfo:139 - Unknown STM32CubeMX version: 6.14.0
2026-02-08 13:52:22,682 [ERROR] AppliInfo:139 - Unknown STM32CubeMX version: 6.14.0
2026-02-08 13:52:22,682 [ERROR] AppliInfo:139 - Unknown STM32CubeMX version: 6.14.0
2026-02-08 13:52:22,682 [ERROR] AppliInfo:139 - Unknown STM32CubeMX version: 6.16.0
2026-02-08 13:52:22,683 [ERROR] AppliInfo:139 - Unknown STM32CubeMX version: 6.16.0
2026-02-08 13:52:22,683 [ERROR] AppliInfo:139 - Unknown STM32CubeMX version: 6.16.0
2026-02-08 13:52:22,683 [ERROR] AppliInfo:139 - Unknown STM32CubeMX version: 6.16.0
2026-02-08 13:52:22,684 [ERROR] AppliInfo:139 - Unknown STM32CubeMX version: 6.16.0
2026-02-08 13:52:22,687 [ERROR] AppliInfo:139 - Unknown STM32CubeMX version: 6.16.0
2026-02-08 13:52:22,687 [ERROR] AppliInfo:139 - Unknown STM32CubeMX version: 6.16.0
2026-02-08 13:52:22,688 [ERROR] AppliInfo:139 - Unknown STM32CubeMX version: 6.16.0
2026-02-08 13:52:22,688 [ERROR] AppliInfo:139 - Unknown STM32CubeMX version: 6.16.0
2026-02-08 13:52:22,688 [ERROR] AppliInfo:139 - Unknown STM32CubeMX version: 6.16.0
2026-02-08 13:52:22,692 [ERROR] AppliInfo:139 - Unknown STM32CubeMX version: 6.16.0
2026-02-08 13:52:22,692 [ERROR] AppliInfo:139 - Unknown STM32CubeMX version: 6.16.0
2026-02-08 13:52:22,692 [ERROR] AppliInfo:139 - Unknown STM32CubeMX version: 6.16.0
2026-02-08 13:52:22,692 [ERROR] AppliInfo:139 - Unknown STM32CubeMX version: 6.16.0
2026-02-08 13:52:22,697 [ERROR] AppliInfo:139 - Unknown STM32CubeMX version: 6.16.0
2026-02-08 13:52:22,697 [ERROR] AppliInfo:139 - Unknown STM32CubeMX version: 6.16.0
2026-02-08 13:52:22,698 [ERROR] AppliInfo:139 - Unknown STM32CubeMX version: 6.16.0
2026-02-08 13:52:22,698 [ERROR] AppliInfo:139 - Unknown STM32CubeMX version: 6.16.0
2026-02-08 13:52:22,698 [ERROR] AppliInfo:139 - Unknown STM32CubeMX version: 6.16.0
2026-02-08 13:52:23,907 [ERROR] AppliInfo:139 - Unknown STM32CubeMX version: 6.16.0
2026-02-08 13:52:23,907 [ERROR] AppliInfo:139 - Unknown STM32CubeMX version: 6.16.0
2026-02-08 13:52:23,908 [ERROR] AppliInfo:139 - Unknown STM32CubeMX version: 6.16.0
2026-02-08 13:52:23,909 [ERROR] AppliInfo:139 - Unknown STM32CubeMX version: 6.16.0
2026-02-08 13:52:23,909 [ERROR] AppliInfo:139 - Unknown STM32CubeMX version: 6.16.0
2026-02-08 13:52:23,910 [ERROR] AppliInfo:139 - Unknown STM32CubeMX version: 6.15.0
2026-02-08 13:52:23,910 [ERROR] AppliInfo:139 - Unknown STM32CubeMX version: 6.16.0
2026-02-08 13:52:23,910 [ERROR] AppliInfo:139 - Unknown STM32CubeMX version: 6.16.0
2026-02-08 13:52:23,910 [ERROR] AppliInfo:139 - Unknown STM32CubeMX version: 6.16.0
2026-02-08 13:52:23,911 [ERROR] AppliInfo:139 - Unknown STM32CubeMX version: 6.16.0
2026-02-08 13:52:23,911 [ERROR] AppliInfo:139 - Unknown STM32CubeMX version: 6.16.0
2026-02-08 13:52:23,911 [ERROR] AppliInfo:139 - Unknown STM32CubeMX version: 6.16.0
2026-02-08 13:52:23,911 [ERROR] AppliInfo:139 - Unknown STM32CubeMX version: 6.16.0
2026-02-08 13:52:23,912 [ERROR] AppliInfo:139 - Unknown STM32CubeMX version: 6.16.0
2026-02-08 13:52:23,912 [ERROR] AppliInfo:139 - Unknown STM32CubeMX version: 6.16.0
2026-02-08 13:52:23,912 [ERROR] AppliInfo:139 - Unknown STM32CubeMX version: 6.15.0
2026-02-08 13:52:23,912 [ERROR] AppliInfo:139 - Unknown STM32CubeMX version: 6.16.0
2026-02-08 13:52:23,913 [ERROR] AppliInfo:139 - Unknown STM32CubeMX version: 6.16.0
2026-02-08 13:52:23,913 [ERROR] AppliInfo:139 - Unknown STM32CubeMX version: 6.15.0
2026-02-08 13:52:23,913 [ERROR] AppliInfo:139 - Unknown STM32CubeMX version: 6.16.0
2026-02-08 13:52:23,913 [ERROR] AppliInfo:139 - Unknown STM32CubeMX version: 6.16.0
2026-02-08 13:52:23,913 [ERROR] AppliInfo:139 - Unknown STM32CubeMX version: 6.15.0
2026-02-08 13:52:23,914 [ERROR] AppliInfo:139 - Unknown STM32CubeMX version: 6.15.0
2026-02-08 13:52:23,914 [ERROR] AppliInfo:139 - Unknown STM32CubeMX version: 6.16.0
2026-02-08 13:52:23,914 [ERROR] AppliInfo:139 - Unknown STM32CubeMX version: 6.16.0
2026-02-08 13:52:23,914 [ERROR] AppliInfo:139 - Unknown STM32CubeMX version: 6.16.0
2026-02-08 13:52:23,915 [ERROR] AppliInfo:139 - Unknown STM32CubeMX version: 6.16.0
2026-02-08 13:52:23,915 [ERROR] AppliInfo:139 - Unknown STM32CubeMX version: 6.16.0
2026-02-08 13:52:23,915 [ERROR] AppliInfo:139 - Unknown STM32CubeMX version: 6.16.0
2026-02-08 13:52:23,915 [ERROR] AppliInfo:139 - Unknown STM32CubeMX version: 6.14.0
2026-02-08 13:52:23,916 [ERROR] AppliInfo:139 - Unknown STM32CubeMX version: 6.14.0
2026-02-08 13:52:23,916 [ERROR] AppliInfo:139 - Unknown STM32CubeMX version: 6.14.0
2026-02-08 13:52:23,916 [ERROR] AppliInfo:139 - Unknown STM32CubeMX version: 6.14.0
2026-02-08 13:52:23,916 [ERROR] AppliInfo:139 - Unknown STM32CubeMX version: 6.14.0
2026-02-08 13:52:23,916 [ERROR] AppliInfo:139 - Unknown STM32CubeMX version: 6.14.0
2026-02-08 13:52:23,917 [ERROR] AppliInfo:139 - Unknown STM32CubeMX version: 6.14.0
2026-02-08 13:52:23,917 [ERROR] AppliInfo:139 - Unknown STM32CubeMX version: 6.14.0
2026-02-08 13:52:23,917 [ERROR] AppliInfo:139 - Unknown STM32CubeMX version: 6.14.0
2026-02-08 13:52:23,917 [ERROR] AppliInfo:139 - Unknown STM32CubeMX version: 6.14.0
2026-02-08 13:52:23,921 [ERROR] AppliInfo:139 - Unknown STM32CubeMX version: 6.14.0
2026-02-08 13:52:23,921 [ERROR] AppliInfo:139 - Unknown STM32CubeMX version: 6.14.0
2026-02-08 13:52:23,921 [ERROR] AppliInfo:139 - Unknown STM32CubeMX version: 6.14.0
2026-02-08 13:52:23,922 [ERROR] AppliInfo:139 - Unknown STM32CubeMX version: 6.14.0
2026-02-08 13:52:23,922 [ERROR] AppliInfo:139 - Unknown STM32CubeMX version: 6.14.0
2026-02-08 13:52:23,922 [ERROR] AppliInfo:139 - Unknown STM32CubeMX version: 6.14.0
2026-02-08 13:52:23,923 [ERROR] AppliInfo:139 - Unknown STM32CubeMX version: 6.14.0
2026-02-08 13:52:23,923 [ERROR] AppliInfo:139 - Unknown STM32CubeMX version: 6.14.0
2026-02-08 13:52:23,923 [ERROR] AppliInfo:139 - Unknown STM32CubeMX version: 6.14.0
2026-02-08 13:52:23,924 [ERROR] AppliInfo:139 - Unknown STM32CubeMX version: 6.14.0
2026-02-08 13:52:23,924 [ERROR] AppliInfo:139 - Unknown STM32CubeMX version: 6.14.0
2026-02-08 13:52:23,924 [ERROR] AppliInfo:139 - Unknown STM32CubeMX version: 6.14.0
2026-02-08 13:52:23,924 [ERROR] AppliInfo:139 - Unknown STM32CubeMX version: 6.14.0
2026-02-08 13:52:23,924 [ERROR] AppliInfo:139 - Unknown STM32CubeMX version: 6.14.0
2026-02-08 13:52:23,925 [ERROR] AppliInfo:139 - Unknown STM32CubeMX version: 6.14.0
2026-02-08 13:52:23,925 [ERROR] AppliInfo:139 - Unknown STM32CubeMX version: 6.14.0
2026-02-08 13:52:23,925 [ERROR] AppliInfo:139 - Unknown STM32CubeMX version: 6.14.0
2026-02-08 13:52:23,925 [ERROR] AppliInfo:139 - Unknown STM32CubeMX version: 6.14.0
2026-02-08 13:52:23,926 [ERROR] AppliInfo:139 - Unknown STM32CubeMX version: 6.14.0
2026-02-08 13:52:23,926 [ERROR] AppliInfo:139 - Unknown STM32CubeMX version: 6.14.0
2026-02-08 13:52:23,926 [ERROR] AppliInfo:139 - Unknown STM32CubeMX version: 6.14.0
2026-02-08 13:52:23,926 [ERROR] AppliInfo:139 - Unknown STM32CubeMX version: 6.14.0
2026-02-08 13:52:23,927 [ERROR] AppliInfo:139 - Unknown STM32CubeMX version: 6.14.0
2026-02-08 13:52:23,927 [ERROR] AppliInfo:139 - Unknown STM32CubeMX version: 6.14.0
2026-02-08 13:52:23,927 [ERROR] AppliInfo:139 - Unknown STM32CubeMX version: 6.14.0
2026-02-08 13:52:23,927 [ERROR] AppliInfo:139 - Unknown STM32CubeMX version: 6.14.0
2026-02-08 13:52:23,928 [ERROR] AppliInfo:139 - Unknown STM32CubeMX version: 6.14.0
2026-02-08 13:52:23,928 [ERROR] AppliInfo:139 - Unknown STM32CubeMX version: 6.14.0
2026-02-08 13:52:23,928 [ERROR] AppliInfo:139 - Unknown STM32CubeMX version: 6.14.0
2026-02-08 13:52:23,928 [ERROR] AppliInfo:139 - Unknown STM32CubeMX version: 6.14.0
2026-02-08 13:52:23,929 [ERROR] AppliInfo:139 - Unknown STM32CubeMX version: 6.14.0
2026-02-08 13:52:23,929 [ERROR] AppliInfo:139 - Unknown STM32CubeMX version: 6.14.0
2026-02-08 13:52:23,929 [ERROR] AppliInfo:139 - Unknown STM32CubeMX version: 6.14.0
2026-02-08 13:52:23,929 [ERROR] AppliInfo:139 - Unknown STM32CubeMX version: 6.14.0
2026-02-08 13:52:23,930 [ERROR] AppliInfo:139 - Unknown STM32CubeMX version: 6.14.0
2026-02-08 13:52:23,930 [ERROR] AppliInfo:139 - Unknown STM32CubeMX version: 6.14.0
2026-02-08 13:52:23,930 [ERROR] AppliInfo:139 - Unknown STM32CubeMX version: 6.14.0
2026-02-08 13:52:23,930 [ERROR] AppliInfo:139 - Unknown STM32CubeMX version: 6.14.0
2026-02-08 13:52:23,931 [ERROR] AppliInfo:139 - Unknown STM32CubeMX version: 6.14.0
2026-02-08 13:52:23,931 [ERROR] AppliInfo:139 - Unknown STM32CubeMX version: 6.14.0
2026-02-08 13:52:23,931 [ERROR] AppliInfo:139 - Unknown STM32CubeMX version: 6.14.0
2026-02-08 13:52:23,931 [ERROR] AppliInfo:139 - Unknown STM32CubeMX version: 6.14.0
2026-02-08 13:52:23,931 [ERROR] AppliInfo:139 - Unknown STM32CubeMX version: 6.14.0
2026-02-08 13:52:23,932 [ERROR] AppliInfo:139 - Unknown STM32CubeMX version: 6.14.0
2026-02-08 13:52:23,932 [ERROR] AppliInfo:139 - Unknown STM32CubeMX version: 6.14.0
2026-02-08 13:52:23,935 [ERROR] AppliInfo:139 - Unknown STM32CubeMX version: 6.14.0
2026-02-08 13:52:23,935 [ERROR] AppliInfo:139 - Unknown STM32CubeMX version: 6.14.0
2026-02-08 13:52:23,935 [ERROR] AppliInfo:139 - Unknown STM32CubeMX version: 6.14.0
2026-02-08 13:52:23,935 [ERROR] AppliInfo:139 - Unknown STM32CubeMX version: 6.14.0
2026-02-08 13:52:23,936 [ERROR] AppliInfo:139 - Unknown STM32CubeMX version: 6.14.0
2026-02-08 13:52:23,936 [ERROR] AppliInfo:139 - Unknown STM32CubeMX version: 6.14.0
2026-02-08 13:52:23,936 [ERROR] AppliInfo:139 - Unknown STM32CubeMX version: 6.14.0
2026-02-08 13:52:23,936 [ERROR] AppliInfo:139 - Unknown STM32CubeMX version: 6.16.0
2026-02-08 13:52:23,937 [ERROR] AppliInfo:139 - Unknown STM32CubeMX version: 6.14.0
2026-02-08 13:52:23,937 [ERROR] AppliInfo:139 - Unknown STM32CubeMX version: 6.14.0
2026-02-08 13:52:23,937 [ERROR] AppliInfo:139 - Unknown STM32CubeMX version: 6.14.0
2026-02-08 13:52:23,937 [ERROR] AppliInfo:139 - Unknown STM32CubeMX version: 6.14.0
2026-02-08 13:52:23,938 [ERROR] AppliInfo:139 - Unknown STM32CubeMX version: 6.14.0
2026-02-08 13:52:23,938 [ERROR] AppliInfo:139 - Unknown STM32CubeMX version: 6.14.0
2026-02-08 13:52:23,938 [ERROR] AppliInfo:139 - Unknown STM32CubeMX version: 6.14.0
2026-02-08 13:52:23,938 [ERROR] AppliInfo:139 - Unknown STM32CubeMX version: 6.14.0
2026-02-08 13:52:23,939 [ERROR] AppliInfo:139 - Unknown STM32CubeMX version: 6.14.0
2026-02-08 13:52:23,939 [ERROR] AppliInfo:139 - Unknown STM32CubeMX version: 6.14.0
2026-02-08 13:52:23,939 [ERROR] AppliInfo:139 - Unknown STM32CubeMX version: 6.14.0
2026-02-08 13:52:23,939 [ERROR] AppliInfo:139 - Unknown STM32CubeMX version: 6.16.0
2026-02-08 13:52:23,940 [ERROR] AppliInfo:139 - Unknown STM32CubeMX version: 6.14.0
2026-02-08 13:52:23,940 [ERROR] AppliInfo:139 - Unknown STM32CubeMX version: 6.14.0
2026-02-08 13:52:23,940 [ERROR] AppliInfo:139 - Unknown STM32CubeMX version: 6.14.0
2026-02-08 13:52:23,940 [ERROR] AppliInfo:139 - Unknown STM32CubeMX version: 6.14.0
2026-02-08 13:52:23,941 [ERROR] AppliInfo:139 - Unknown STM32CubeMX version: 6.14.0
2026-02-08 13:52:23,941 [ERROR] AppliInfo:139 - Unknown STM32CubeMX version: 6.14.0
2026-02-08 13:52:23,941 [ERROR] AppliInfo:139 - Unknown STM32CubeMX version: 6.14.0
2026-02-08 13:52:23,941 [ERROR] AppliInfo:139 - Unknown STM32CubeMX version: 6.14.0
2026-02-08 13:52:23,942 [ERROR] AppliInfo:139 - Unknown STM32CubeMX version: 6.14.0
2026-02-08 13:52:23,942 [ERROR] AppliInfo:139 - Unknown STM32CubeMX version: 6.14.0
2026-02-08 13:52:23,942 [ERROR] AppliInfo:139 - Unknown STM32CubeMX version: 6.14.0
2026-02-08 13:52:23,942 [ERROR] AppliInfo:139 - Unknown STM32CubeMX version: 6.14.0
2026-02-08 13:52:23,943 [ERROR] AppliInfo:139 - Unknown STM32CubeMX version: 6.14.0
2026-02-08 13:52:23,943 [ERROR] AppliInfo:139 - Unknown STM32CubeMX version: 6.14.0
2026-02-08 13:52:23,943 [ERROR] AppliInfo:139 - Unknown STM32CubeMX version: 6.14.0
2026-02-08 13:52:23,943 [ERROR] AppliInfo:139 - Unknown STM32CubeMX version: 6.14.0
2026-02-08 13:52:23,943 [ERROR] AppliInfo:139 - Unknown STM32CubeMX version: 6.14.0
2026-02-08 13:52:23,944 [ERROR] AppliInfo:139 - Unknown STM32CubeMX version: 6.14.0
2026-02-08 13:52:23,944 [ERROR] AppliInfo:139 - Unknown STM32CubeMX version: 6.14.0
2026-02-08 13:52:23,944 [ERROR] AppliInfo:139 - Unknown STM32CubeMX version: 6.14.0
2026-02-08 13:52:23,945 [ERROR] AppliInfo:139 - Unknown STM32CubeMX version: 6.14.0
2026-02-08 13:52:23,945 [ERROR] AppliInfo:139 - Unknown STM32CubeMX version: 6.14.0
2026-02-08 13:52:23,945 [ERROR] AppliInfo:139 - Unknown STM32CubeMX version: 6.14.0
2026-02-08 13:52:23,945 [ERROR] AppliInfo:139 - Unknown STM32CubeMX version: 6.14.0
2026-02-08 13:52:23,949 [ERROR] AppliInfo:139 - Unknown STM32CubeMX version: 6.14.0
2026-02-08 13:52:23,950 [ERROR] AppliInfo:139 - Unknown STM32CubeMX version: 6.14.0
2026-02-08 13:52:23,950 [ERROR] AppliInfo:139 - Unknown STM32CubeMX version: 6.14.0
2026-02-08 13:52:23,950 [ERROR] AppliInfo:139 - Unknown STM32CubeMX version: 6.14.0
2026-02-08 13:52:23,951 [ERROR] AppliInfo:139 - Unknown STM32CubeMX version: 6.14.0
2026-02-08 13:52:23,951 [ERROR] AppliInfo:139 - Unknown STM32CubeMX version: 6.14.0
2026-02-08 13:52:25,168 [ERROR] AppliInfo:139 - Unknown STM32CubeMX version: 6.14.0
2026-02-08 13:52:25,168 [ERROR] AppliInfo:139 - Unknown STM32CubeMX version: 6.14.0
2026-02-08 13:52:25,169 [ERROR] AppliInfo:139 - Unknown STM32CubeMX version: 6.14.0
2026-02-08 13:52:25,169 [ERROR] AppliInfo:139 - Unknown STM32CubeMX version: 6.14.0
2026-02-08 13:52:25,169 [ERROR] AppliInfo:139 - Unknown STM32CubeMX version: 6.14.0
2026-02-08 13:52:25,169 [ERROR] AppliInfo:139 - Unknown STM32CubeMX version: 6.14.0
2026-02-08 13:52:25,169 [ERROR] AppliInfo:139 - Unknown STM32CubeMX version: 6.14.0
2026-02-08 13:52:25,169 [ERROR] AppliInfo:139 - Unknown STM32CubeMX version: 6.14.0
2026-02-08 13:52:25,170 [ERROR] AppliInfo:139 - Unknown STM32CubeMX version: 6.14.0
2026-02-08 13:52:25,170 [ERROR] AppliInfo:139 - Unknown STM32CubeMX version: 6.14.0
2026-02-08 13:52:25,170 [ERROR] AppliInfo:139 - Unknown STM32CubeMX version: 6.14.0
2026-02-08 13:52:25,170 [ERROR] AppliInfo:139 - Unknown STM32CubeMX version: 6.14.0
2026-02-08 13:52:25,170 [ERROR] AppliInfo:139 - Unknown STM32CubeMX version: 6.14.0
2026-02-08 13:52:25,170 [ERROR] AppliInfo:139 - Unknown STM32CubeMX version: 6.14.0
2026-02-08 13:52:25,171 [ERROR] AppliInfo:139 - Unknown STM32CubeMX version: 6.14.0
2026-02-08 13:52:25,171 [ERROR] AppliInfo:139 - Unknown STM32CubeMX version: 6.14.0
2026-02-08 13:52:25,171 [ERROR] AppliInfo:139 - Unknown STM32CubeMX version: 6.14.0
2026-02-08 13:52:25,171 [ERROR] AppliInfo:139 - Unknown STM32CubeMX version: 6.14.0
2026-02-08 13:52:25,171 [ERROR] AppliInfo:139 - Unknown STM32CubeMX version: 6.14.0
2026-02-08 13:52:25,172 [ERROR] AppliInfo:139 - Unknown STM32CubeMX version: 6.14.0
2026-02-08 13:52:25,172 [ERROR] AppliInfo:139 - Unknown STM32CubeMX version: 6.14.0
2026-02-08 13:52:25,172 [ERROR] AppliInfo:139 - Unknown STM32CubeMX version: 6.14.0
2026-02-08 13:52:25,172 [ERROR] AppliInfo:139 - Unknown STM32CubeMX version: 6.14.0
2026-02-08 13:52:25,173 [ERROR] AppliInfo:139 - Unknown STM32CubeMX version: 6.14.0
2026-02-08 13:52:25,173 [ERROR] AppliInfo:139 - Unknown STM32CubeMX version: 6.14.0
2026-02-08 13:52:25,173 [ERROR] AppliInfo:139 - Unknown STM32CubeMX version: 6.14.0
2026-02-08 13:52:25,173 [ERROR] AppliInfo:139 - Unknown STM32CubeMX version: 6.14.0
2026-02-08 13:52:25,174 [ERROR] AppliInfo:139 - Unknown STM32CubeMX version: 6.14.0
2026-02-08 13:52:25,174 [ERROR] AppliInfo:139 - Unknown STM32CubeMX version: 6.14.0
2026-02-08 13:52:25,174 [ERROR] AppliInfo:139 - Unknown STM32CubeMX version: 6.14.0
2026-02-08 13:52:25,174 [ERROR] AppliInfo:139 - Unknown STM32CubeMX version: 6.14.0
2026-02-08 13:52:25,174 [ERROR] AppliInfo:139 - Unknown STM32CubeMX version: 6.14.0
2026-02-08 13:52:25,174 [ERROR] AppliInfo:139 - Unknown STM32CubeMX version: 6.14.0
2026-02-08 13:52:25,174 [ERROR] AppliInfo:139 - Unknown STM32CubeMX version: 6.14.0
2026-02-08 13:52:25,175 [ERROR] AppliInfo:139 - Unknown STM32CubeMX version: 6.14.0
2026-02-08 13:52:25,175 [ERROR] AppliInfo:139 - Unknown STM32CubeMX version: 6.14.0
2026-02-08 13:52:25,175 [ERROR] AppliInfo:139 - Unknown STM32CubeMX version: 6.14.0
2026-02-08 13:52:25,175 [ERROR] AppliInfo:139 - Unknown STM32CubeMX version: 6.14.0
2026-02-08 13:52:25,175 [ERROR] AppliInfo:139 - Unknown STM32CubeMX version: 6.14.0
2026-02-08 13:52:25,175 [ERROR] AppliInfo:139 - Unknown STM32CubeMX version: 6.14.0
2026-02-08 13:52:25,176 [ERROR] AppliInfo:139 - Unknown STM32CubeMX version: 6.14.0
2026-02-08 13:52:25,176 [ERROR] AppliInfo:139 - Unknown STM32CubeMX version: 6.14.0
2026-02-08 13:52:25,176 [ERROR] AppliInfo:139 - Unknown STM32CubeMX version: 6.14.0
2026-02-08 13:52:25,176 [ERROR] AppliInfo:139 - Unknown STM32CubeMX version: 6.14.0
2026-02-08 13:52:25,176 [ERROR] AppliInfo:139 - Unknown STM32CubeMX version: 6.14.0
2026-02-08 13:52:25,176 [ERROR] AppliInfo:139 - Unknown STM32CubeMX version: 6.14.0
2026-02-08 13:52:25,177 [ERROR] AppliInfo:139 - Unknown STM32CubeMX version: 6.14.0
2026-02-08 13:52:25,177 [ERROR] AppliInfo:139 - Unknown STM32CubeMX version: 6.14.0
2026-02-08 13:52:25,177 [ERROR] AppliInfo:139 - Unknown STM32CubeMX version: 6.14.0
2026-02-08 13:52:25,180 [ERROR] AppliInfo:139 - Unknown STM32CubeMX version: 6.14.0
2026-02-08 13:52:25,181 [ERROR] AppliInfo:139 - Unknown STM32CubeMX version: 6.14.0
2026-02-08 13:52:25,181 [ERROR] AppliInfo:139 - Unknown STM32CubeMX version: 6.14.0
2026-02-08 13:52:25,181 [ERROR] AppliInfo:139 - Unknown STM32CubeMX version: 6.14.0
2026-02-08 13:52:25,182 [ERROR] AppliInfo:139 - Unknown STM32CubeMX version: 6.14.0
2026-02-08 13:52:25,182 [ERROR] AppliInfo:139 - Unknown STM32CubeMX version: 6.14.0
2026-02-08 13:52:25,182 [ERROR] AppliInfo:139 - Unknown STM32CubeMX version: 6.14.0
2026-02-08 13:52:25,182 [ERROR] AppliInfo:139 - Unknown STM32CubeMX version: 6.14.0
2026-02-08 13:52:25,182 [ERROR] AppliInfo:139 - Unknown STM32CubeMX version: 6.14.0
2026-02-08 13:52:25,183 [ERROR] AppliInfo:139 - Unknown STM32CubeMX version: 6.14.0
2026-02-08 13:52:25,183 [ERROR] AppliInfo:139 - Unknown STM32CubeMX version: 6.14.0
2026-02-08 13:52:25,183 [ERROR] AppliInfo:139 - Unknown STM32CubeMX version: 6.14.0
2026-02-08 13:52:25,183 [ERROR] AppliInfo:139 - Unknown STM32CubeMX version: 6.14.0
2026-02-08 13:52:25,184 [ERROR] AppliInfo:139 - Unknown STM32CubeMX version: 6.14.0
2026-02-08 13:52:25,184 [ERROR] AppliInfo:139 - Unknown STM32CubeMX version: 6.14.0
2026-02-08 13:52:25,184 [ERROR] AppliInfo:139 - Unknown STM32CubeMX version: 6.14.0
2026-02-08 13:52:25,184 [ERROR] AppliInfo:139 - Unknown STM32CubeMX version: 6.16.0
2026-02-08 13:52:25,184 [ERROR] AppliInfo:139 - Unknown STM32CubeMX version: 6.16.0
2026-02-08 13:52:25,185 [ERROR] AppliInfo:139 - Unknown STM32CubeMX version: 6.16.0
2026-02-08 13:52:25,185 [ERROR] AppliInfo:139 - Unknown STM32CubeMX version: 6.16.0
2026-02-08 13:52:25,185 [ERROR] AppliInfo:139 - Unknown STM32CubeMX version: 6.14.0
2026-02-08 13:52:25,185 [ERROR] AppliInfo:139 - Unknown STM32CubeMX version: 6.14.0
2026-02-08 13:52:25,186 [ERROR] AppliInfo:139 - Unknown STM32CubeMX version: 6.14.0
2026-02-08 13:52:25,186 [ERROR] AppliInfo:139 - Unknown STM32CubeMX version: 6.16.0
2026-02-08 13:52:25,186 [ERROR] AppliInfo:139 - Unknown STM32CubeMX version: 6.16.0
2026-02-08 13:52:25,186 [ERROR] AppliInfo:139 - Unknown STM32CubeMX version: 6.16.0
2026-02-08 13:52:25,186 [ERROR] AppliInfo:139 - Unknown STM32CubeMX version: 6.16.0
2026-02-08 13:52:25,187 [ERROR] AppliInfo:139 - Unknown STM32CubeMX version: 6.16.0
2026-02-08 13:52:25,187 [ERROR] AppliInfo:139 - Unknown STM32CubeMX version: 6.14.0
2026-02-08 13:52:25,187 [ERROR] AppliInfo:139 - Unknown STM32CubeMX version: 6.14.0
2026-02-08 13:52:25,188 [ERROR] AppliInfo:139 - Unknown STM32CubeMX version: 6.14.0
2026-02-08 13:52:25,188 [ERROR] AppliInfo:139 - Unknown STM32CubeMX version: 6.14.0
2026-02-08 13:52:25,188 [ERROR] AppliInfo:139 - Unknown STM32CubeMX version: 6.16.0
2026-02-08 13:52:25,188 [ERROR] AppliInfo:139 - Unknown STM32CubeMX version: 6.14.0
2026-02-08 13:52:25,188 [ERROR] AppliInfo:139 - Unknown STM32CubeMX version: 6.15.0
2026-02-08 13:52:25,189 [ERROR] AppliInfo:139 - Unknown STM32CubeMX version: 6.14.0
2026-02-08 13:52:25,189 [ERROR] AppliInfo:139 - Unknown STM32CubeMX version: 6.14.0
2026-02-08 13:52:25,192 [ERROR] AppliInfo:139 - Unknown STM32CubeMX version: 6.14.0
2026-02-08 13:52:25,192 [ERROR] AppliInfo:139 - Unknown STM32CubeMX version: 6.14.0
2026-02-08 13:52:25,192 [ERROR] AppliInfo:139 - Unknown STM32CubeMX version: 6.14.0
2026-02-08 13:52:25,193 [ERROR] AppliInfo:139 - Unknown STM32CubeMX version: 6.15.0
2026-02-08 13:52:25,193 [ERROR] AppliInfo:139 - Unknown STM32CubeMX version: 6.15.0
2026-02-08 13:52:25,193 [ERROR] AppliInfo:139 - Unknown STM32CubeMX version: 6.15.0
2026-02-08 13:52:25,193 [ERROR] AppliInfo:139 - Unknown STM32CubeMX version: 6.15.0
2026-02-08 13:52:25,193 [ERROR] AppliInfo:139 - Unknown STM32CubeMX version: 6.16.0
2026-02-08 13:52:25,194 [ERROR] AppliInfo:139 - Unknown STM32CubeMX version: 6.16.0
2026-02-08 13:52:25,194 [ERROR] AppliInfo:139 - Unknown STM32CubeMX version: 6.16.0
2026-02-08 13:52:25,194 [ERROR] AppliInfo:139 - Unknown STM32CubeMX version: 6.16.0
2026-02-08 13:52:25,194 [ERROR] AppliInfo:139 - Unknown STM32CubeMX version: 6.16.0
2026-02-08 13:52:25,195 [ERROR] AppliInfo:139 - Unknown STM32CubeMX version: 6.16.0
2026-02-08 13:52:25,195 [ERROR] AppliInfo:139 - Unknown STM32CubeMX version: 6.16.0
2026-02-08 13:52:25,195 [ERROR] AppliInfo:139 - Unknown STM32CubeMX version: 6.16.0
2026-02-08 13:52:25,196 [ERROR] AppliInfo:139 - Unknown STM32CubeMX version: 6.16.0
2026-02-08 13:52:25,196 [ERROR] AppliInfo:139 - Unknown STM32CubeMX version: 6.16.0
2026-02-08 13:52:25,196 [ERROR] AppliInfo:139 - Unknown STM32CubeMX version: 6.16.0
2026-02-08 13:52:25,196 [ERROR] AppliInfo:139 - Unknown STM32CubeMX version: 6.16.0
2026-02-08 13:52:25,196 [ERROR] AppliInfo:139 - Unknown STM32CubeMX version: 6.16.0
2026-02-08 13:52:25,197 [ERROR] AppliInfo:139 - Unknown STM32CubeMX version: 6.16.0
2026-02-08 13:52:25,197 [ERROR] AppliInfo:139 - Unknown STM32CubeMX version: 6.16.0
2026-02-08 13:52:25,197 [ERROR] AppliInfo:139 - Unknown STM32CubeMX version: 6.16.0
2026-02-08 13:52:25,197 [ERROR] AppliInfo:139 - Unknown STM32CubeMX version: 6.16.0
2026-02-08 13:52:25,197 [ERROR] AppliInfo:139 - Unknown STM32CubeMX version: 6.16.0
2026-02-08 13:52:25,198 [ERROR] AppliInfo:139 - Unknown STM32CubeMX version: 6.16.0
2026-02-08 13:52:25,198 [ERROR] AppliInfo:139 - Unknown STM32CubeMX version: 6.16.0
2026-02-08 13:52:25,198 [ERROR] AppliInfo:139 - Unknown STM32CubeMX version: 6.16.0
2026-02-08 13:52:25,198 [ERROR] AppliInfo:139 - Unknown STM32CubeMX version: 6.16.0
2026-02-08 13:52:25,199 [ERROR] AppliInfo:139 - Unknown STM32CubeMX version: 6.16.0
2026-02-08 13:52:25,199 [ERROR] AppliInfo:139 - Unknown STM32CubeMX version: 6.16.0
2026-02-08 13:52:25,199 [ERROR] AppliInfo:139 - Unknown STM32CubeMX version: 6.16.0
2026-02-08 13:52:25,199 [ERROR] AppliInfo:139 - Unknown STM32CubeMX version: 6.16.0
2026-02-08 13:52:25,200 [ERROR] AppliInfo:139 - Unknown STM32CubeMX version: 6.16.0
2026-02-08 13:52:25,200 [ERROR] AppliInfo:139 - Unknown STM32CubeMX version: 6.16.0
2026-02-08 13:52:25,200 [ERROR] AppliInfo:139 - Unknown STM32CubeMX version: 6.16.0
2026-02-08 13:52:25,200 [ERROR] AppliInfo:139 - Unknown STM32CubeMX version: 6.14.0
2026-02-08 13:52:25,201 [ERROR] AppliInfo:139 - Unknown STM32CubeMX version: 6.14.0
2026-02-08 13:52:25,204 [ERROR] AppliInfo:139 - Unknown STM32CubeMX version: 6.14.0
2026-02-08 13:52:25,204 [ERROR] AppliInfo:139 - Unknown STM32CubeMX version: 6.16.0
2026-02-08 13:52:25,204 [ERROR] AppliInfo:139 - Unknown STM32CubeMX version: 6.14.0
2026-02-08 13:52:25,205 [ERROR] AppliInfo:139 - Unknown STM32CubeMX version: 6.14.0
2026-02-08 13:52:25,205 [ERROR] AppliInfo:139 - Unknown STM32CubeMX version: 6.14.0
2026-02-08 13:52:26,418 [ERROR] AppliInfo:139 - Unknown STM32CubeMX version: 6.15.0
2026-02-08 13:52:26,418 [ERROR] AppliInfo:139 - Unknown STM32CubeMX version: 6.15.0
2026-02-08 13:52:26,419 [ERROR] AppliInfo:139 - Unknown STM32CubeMX version: 6.15.0
2026-02-08 13:52:26,419 [ERROR] AppliInfo:139 - Unknown STM32CubeMX version: 6.15.0
2026-02-08 13:52:26,419 [ERROR] AppliInfo:139 - Unknown STM32CubeMX version: 6.14.0
2026-02-08 13:52:26,419 [ERROR] AppliInfo:139 - Unknown STM32CubeMX version: 6.16.0
2026-02-08 13:52:26,420 [ERROR] AppliInfo:139 - Unknown STM32CubeMX version: 6.16.0
2026-02-08 13:52:26,420 [ERROR] AppliInfo:139 - Unknown STM32CubeMX version: 6.16.0
2026-02-08 13:52:26,420 [ERROR] AppliInfo:139 - Unknown STM32CubeMX version: 6.16.0
2026-02-08 13:52:26,420 [ERROR] AppliInfo:139 - Unknown STM32CubeMX version: 6.16.0
2026-02-08 13:52:26,420 [ERROR] AppliInfo:139 - Unknown STM32CubeMX version: 6.16.0
2026-02-08 13:52:26,420 [ERROR] AppliInfo:139 - Unknown STM32CubeMX version: 6.16.0
2026-02-08 13:52:26,421 [ERROR] AppliInfo:139 - Unknown STM32CubeMX version: 6.16.0
2026-02-08 13:52:26,421 [ERROR] AppliInfo:139 - Unknown STM32CubeMX version: 6.16.0
2026-02-08 13:52:26,421 [ERROR] AppliInfo:139 - Unknown STM32CubeMX version: 6.16.0
2026-02-08 13:52:26,421 [ERROR] AppliInfo:139 - Unknown STM32CubeMX version: 6.16.0
2026-02-08 13:52:26,421 [ERROR] AppliInfo:139 - Unknown STM32CubeMX version: 6.16.0
2026-02-08 13:52:26,422 [ERROR] AppliInfo:139 - Unknown STM32CubeMX version: 6.16.0
2026-02-08 13:52:26,422 [ERROR] AppliInfo:139 - Unknown STM32CubeMX version: 6.16.0
2026-02-08 13:52:26,422 [ERROR] AppliInfo:139 - Unknown STM32CubeMX version: 6.16.0
2026-02-08 13:52:26,422 [ERROR] AppliInfo:139 - Unknown STM32CubeMX version: 6.14.0
2026-02-08 13:52:26,422 [ERROR] AppliInfo:139 - Unknown STM32CubeMX version: 6.16.0
2026-02-08 13:52:26,422 [ERROR] AppliInfo:139 - Unknown STM32CubeMX version: 6.16.0
2026-02-08 13:52:26,423 [ERROR] AppliInfo:139 - Unknown STM32CubeMX version: 6.16.0
2026-02-08 13:52:26,423 [ERROR] AppliInfo:139 - Unknown STM32CubeMX version: 6.16.0
2026-02-08 13:52:26,423 [ERROR] AppliInfo:139 - Unknown STM32CubeMX version: 6.16.0
2026-02-08 13:52:26,424 [ERROR] AppliInfo:139 - Unknown STM32CubeMX version: 6.16.0
2026-02-08 13:52:26,424 [ERROR] AppliInfo:139 - Unknown STM32CubeMX version: 6.14.0
2026-02-08 13:52:26,424 [ERROR] AppliInfo:139 - Unknown STM32CubeMX version: 6.14.0
2026-02-08 13:52:26,424 [ERROR] AppliInfo:139 - Unknown STM32CubeMX version: 6.14.0
2026-02-08 13:52:26,424 [ERROR] AppliInfo:139 - Unknown STM32CubeMX version: 6.16.0
2026-02-08 13:52:26,425 [ERROR] AppliInfo:139 - Unknown STM32CubeMX version: 6.15.0
2026-02-08 13:52:26,425 [ERROR] AppliInfo:139 - Unknown STM32CubeMX version: 6.16.0
2026-02-08 13:52:26,425 [ERROR] AppliInfo:139 - Unknown STM32CubeMX version: 6.16.0
2026-02-08 13:52:26,425 [ERROR] AppliInfo:139 - Unknown STM32CubeMX version: 6.16.0
2026-02-08 13:52:26,425 [ERROR] AppliInfo:139 - Unknown STM32CubeMX version: 6.16.0
2026-02-08 13:52:26,426 [ERROR] AppliInfo:139 - Unknown STM32CubeMX version: 6.16.0
2026-02-08 13:52:26,426 [ERROR] AppliInfo:139 - Unknown STM32CubeMX version: 6.15.0
2026-02-08 13:52:26,426 [ERROR] AppliInfo:139 - Unknown STM32CubeMX version: 6.16.0
2026-02-08 13:52:26,429 [ERROR] AppliInfo:139 - Unknown STM32CubeMX version: 6.16.0
2026-02-08 13:52:26,429 [ERROR] AppliInfo:139 - Unknown STM32CubeMX version: 6.16.0
2026-02-08 13:52:26,429 [ERROR] AppliInfo:139 - Unknown STM32CubeMX version: 6.16.0
2026-02-08 13:52:26,430 [ERROR] AppliInfo:139 - Unknown STM32CubeMX version: 6.15.0
2026-02-08 13:52:26,430 [ERROR] AppliInfo:139 - Unknown STM32CubeMX version: 6.16.0
2026-02-08 13:52:26,430 [ERROR] AppliInfo:139 - Unknown STM32CubeMX version: 6.16.0
2026-02-08 13:52:26,430 [ERROR] AppliInfo:139 - Unknown STM32CubeMX version: 6.15.0
2026-02-08 13:52:26,430 [ERROR] AppliInfo:139 - Unknown STM32CubeMX version: 6.16.0
2026-02-08 13:52:26,431 [ERROR] AppliInfo:139 - Unknown STM32CubeMX version: 6.15.0
2026-02-08 13:52:26,431 [ERROR] AppliInfo:139 - Unknown STM32CubeMX version: 6.16.0
2026-02-08 13:52:26,431 [ERROR] AppliInfo:139 - Unknown STM32CubeMX version: 6.16.0
2026-02-08 13:52:26,431 [ERROR] AppliInfo:139 - Unknown STM32CubeMX version: 6.16.0
2026-02-08 13:52:26,432 [ERROR] AppliInfo:139 - Unknown STM32CubeMX version: 6.16.0
2026-02-08 13:52:26,432 [ERROR] AppliInfo:139 - Unknown STM32CubeMX version: 6.16.0
2026-02-08 13:52:26,432 [ERROR] AppliInfo:139 - Unknown STM32CubeMX version: 6.15.0
2026-02-08 13:52:26,432 [ERROR] AppliInfo:139 - Unknown STM32CubeMX version: 6.15.0
2026-02-08 13:52:26,433 [ERROR] AppliInfo:139 - Unknown STM32CubeMX version: 6.16.0
2026-02-08 13:52:26,433 [ERROR] AppliInfo:139 - Unknown STM32CubeMX version: 6.16.0
2026-02-08 13:52:26,434 [ERROR] AppliInfo:139 - Unknown STM32CubeMX version: 6.16.0
2026-02-08 13:52:26,434 [ERROR] AppliInfo:139 - Unknown STM32CubeMX version: 6.16.0
2026-02-08 13:52:26,434 [ERROR] AppliInfo:139 - Unknown STM32CubeMX version: 6.16.0
2026-02-08 13:52:26,434 [ERROR] AppliInfo:139 - Unknown STM32CubeMX version: 6.16.0
2026-02-08 13:52:26,435 [ERROR] AppliInfo:139 - Unknown STM32CubeMX version: 6.16.0
2026-02-08 13:52:26,435 [ERROR] AppliInfo:139 - Unknown STM32CubeMX version: 6.16.0
2026-02-08 13:52:26,435 [ERROR] AppliInfo:139 - Unknown STM32CubeMX version: 6.16.0
2026-02-08 13:52:26,435 [ERROR] AppliInfo:139 - Unknown STM32CubeMX version: 6.16.0
2026-02-08 13:52:26,436 [ERROR] AppliInfo:139 - Unknown STM32CubeMX version: 6.16.0
2026-02-08 13:52:26,436 [ERROR] AppliInfo:139 - Unknown STM32CubeMX version: 6.16.0
2026-02-08 13:52:26,439 [ERROR] AppliInfo:139 - Unknown STM32CubeMX version: 6.16.0
2026-02-08 13:52:26,439 [ERROR] AppliInfo:139 - Unknown STM32CubeMX version: 6.16.0
2026-02-08 13:52:26,439 [ERROR] AppliInfo:139 - Unknown STM32CubeMX version: 6.16.0
2026-02-08 13:52:26,440 [ERROR] AppliInfo:139 - Unknown STM32CubeMX version: 6.16.0
2026-02-08 13:52:26,440 [ERROR] AppliInfo:139 - Unknown STM32CubeMX version: 6.16.0
2026-02-08 13:52:26,440 [ERROR] AppliInfo:139 - Unknown STM32CubeMX version: 6.16.0
2026-02-08 13:52:26,441 [ERROR] AppliInfo:139 - Unknown STM32CubeMX version: 6.14.0
2026-02-08 13:52:26,441 [ERROR] AppliInfo:139 - Unknown STM32CubeMX version: 6.14.0
2026-02-08 13:52:26,441 [ERROR] AppliInfo:139 - Unknown STM32CubeMX version: 6.14.0
2026-02-08 13:52:26,441 [ERROR] AppliInfo:139 - Unknown STM32CubeMX version: 6.14.0
2026-02-08 13:52:26,441 [ERROR] AppliInfo:139 - Unknown STM32CubeMX version: 6.14.0
2026-02-08 13:52:26,441 [ERROR] AppliInfo:139 - Unknown STM32CubeMX version: 6.14.0
2026-02-08 13:52:26,442 [ERROR] AppliInfo:139 - Unknown STM32CubeMX version: 6.14.0
2026-02-08 13:52:26,442 [ERROR] AppliInfo:139 - Unknown STM32CubeMX version: 6.14.0
2026-02-08 13:52:26,442 [ERROR] AppliInfo:139 - Unknown STM32CubeMX version: 6.14.0
2026-02-08 13:52:26,442 [ERROR] AppliInfo:139 - Unknown STM32CubeMX version: 6.14.0
2026-02-08 13:52:26,443 [ERROR] AppliInfo:139 - Unknown STM32CubeMX version: 6.14.0
2026-02-08 13:52:26,443 [ERROR] AppliInfo:139 - Unknown STM32CubeMX version: 6.14.0
2026-02-08 13:52:26,443 [ERROR] AppliInfo:139 - Unknown STM32CubeMX version: 6.14.0
2026-02-08 13:52:26,443 [ERROR] AppliInfo:139 - Unknown STM32CubeMX version: 6.14.0
2026-02-08 13:52:26,443 [ERROR] AppliInfo:139 - Unknown STM32CubeMX version: 6.14.0
2026-02-08 13:52:26,443 [ERROR] AppliInfo:139 - Unknown STM32CubeMX version: 6.14.0
2026-02-08 13:52:26,444 [ERROR] AppliInfo:139 - Unknown STM32CubeMX version: 6.14.0
2026-02-08 13:52:26,444 [ERROR] AppliInfo:139 - Unknown STM32CubeMX version: 6.14.0
2026-02-08 13:52:26,444 [ERROR] AppliInfo:139 - Unknown STM32CubeMX version: 6.14.0
2026-02-08 13:52:26,444 [ERROR] AppliInfo:139 - Unknown STM32CubeMX version: 6.14.0
2026-02-08 13:52:26,444 [ERROR] AppliInfo:139 - Unknown STM32CubeMX version: 6.14.0
2026-02-08 13:52:26,445 [ERROR] AppliInfo:139 - Unknown STM32CubeMX version: 6.14.0
2026-02-08 13:52:26,445 [ERROR] AppliInfo:139 - Unknown STM32CubeMX version: 6.16.0
2026-02-08 13:52:26,445 [ERROR] AppliInfo:139 - Unknown STM32CubeMX version: 6.16.0
2026-02-08 13:52:26,445 [ERROR] AppliInfo:139 - Unknown STM32CubeMX version: 6.16.0
2026-02-08 13:52:26,447 [ERROR] AppliInfo:139 - Unknown STM32CubeMX version: 6.16.0
2026-02-08 13:52:26,448 [ERROR] AppliInfo:139 - Unknown STM32CubeMX version: 6.16.0
2026-02-08 13:52:26,448 [ERROR] AppliInfo:139 - Unknown STM32CubeMX version: 6.16.0
2026-02-08 13:52:26,448 [ERROR] AppliInfo:139 - Unknown STM32CubeMX version: 6.16.0
2026-02-08 13:52:26,448 [ERROR] AppliInfo:139 - Unknown STM32CubeMX version: 6.16.0
2026-02-08 13:52:26,448 [ERROR] AppliInfo:139 - Unknown STM32CubeMX version: 6.16.0
2026-02-08 13:52:26,449 [ERROR] AppliInfo:139 - Unknown STM32CubeMX version: 6.16.0
2026-02-08 13:52:26,457 [ERROR] AppliInfo:139 - Unknown STM32CubeMX version: 6.16.0
2026-02-08 13:52:26,460 [ERROR] AppliInfo:139 - Unknown STM32CubeMX version: 6.16.0
2026-02-08 13:52:26,461 [ERROR] AppliInfo:139 - Unknown STM32CubeMX version: 6.16.0
2026-02-08 13:52:26,461 [ERROR] AppliInfo:139 - Unknown STM32CubeMX version: 6.16.0
2026-02-08 13:52:26,461 [ERROR] AppliInfo:139 - Unknown STM32CubeMX version: 6.16.0
2026-02-08 13:52:26,461 [ERROR] AppliInfo:139 - Unknown STM32CubeMX version: 6.16.0
2026-02-08 13:52:27,680 [ERROR] AppliInfo:139 - Unknown STM32CubeMX version: 6.16.0
2026-02-08 13:52:27,681 [ERROR] AppliInfo:139 - Unknown STM32CubeMX version: 6.16.0
2026-02-08 13:52:27,681 [ERROR] AppliInfo:139 - Unknown STM32CubeMX version: 6.16.0
2026-02-08 13:52:27,681 [ERROR] AppliInfo:139 - Unknown STM32CubeMX version: 6.16.0
2026-02-08 13:52:27,681 [ERROR] AppliInfo:139 - Unknown STM32CubeMX version: 6.16.0
2026-02-08 13:52:27,681 [ERROR] AppliInfo:139 - Unknown STM32CubeMX version: 6.16.0
2026-02-08 13:52:27,681 [ERROR] AppliInfo:139 - Unknown STM32CubeMX version: 6.16.0
2026-02-08 13:52:27,682 [ERROR] AppliInfo:139 - Unknown STM32CubeMX version: 6.16.0
2026-02-08 13:52:27,682 [ERROR] AppliInfo:139 - Unknown STM32CubeMX version: 6.14.0
2026-02-08 13:52:27,682 [ERROR] AppliInfo:139 - Unknown STM32CubeMX version: 6.14.0
2026-02-08 13:52:27,682 [ERROR] AppliInfo:139 - Unknown STM32CubeMX version: 6.14.0
2026-02-08 13:52:27,682 [ERROR] AppliInfo:139 - Unknown STM32CubeMX version: 6.14.0
2026-02-08 13:52:27,682 [ERROR] AppliInfo:139 - Unknown STM32CubeMX version: 6.14.0
2026-02-08 13:52:27,682 [ERROR] AppliInfo:139 - Unknown STM32CubeMX version: 6.14.0
2026-02-08 13:52:27,683 [ERROR] AppliInfo:139 - Unknown STM32CubeMX version: 6.16.0
2026-02-08 13:52:27,683 [ERROR] AppliInfo:139 - Unknown STM32CubeMX version: 6.14.0
2026-02-08 13:52:27,683 [ERROR] AppliInfo:139 - Unknown STM32CubeMX version: 6.14.0
2026-02-08 13:52:27,683 [ERROR] AppliInfo:139 - Unknown STM32CubeMX version: 6.14.0
2026-02-08 13:52:27,683 [ERROR] AppliInfo:139 - Unknown STM32CubeMX version: 6.16.0
2026-02-08 13:52:27,683 [ERROR] AppliInfo:139 - Unknown STM32CubeMX version: 6.16.0
2026-02-08 13:52:27,684 [ERROR] AppliInfo:139 - Unknown STM32CubeMX version: 6.16.0
2026-02-08 13:52:27,684 [ERROR] AppliInfo:139 - Unknown STM32CubeMX version: 6.16.0
2026-02-08 13:52:27,684 [ERROR] AppliInfo:139 - Unknown STM32CubeMX version: 6.16.0
2026-02-08 13:52:27,684 [ERROR] AppliInfo:139 - Unknown STM32CubeMX version: 6.16.0
2026-02-08 13:52:27,685 [ERROR] AppliInfo:139 - Unknown STM32CubeMX version: 6.14.0
2026-02-08 13:52:27,685 [ERROR] AppliInfo:139 - Unknown STM32CubeMX version: 6.16.0
2026-02-08 13:52:27,685 [ERROR] AppliInfo:139 - Unknown STM32CubeMX version: 6.16.0
2026-02-08 13:52:27,685 [ERROR] AppliInfo:139 - Unknown STM32CubeMX version: 6.14.0
2026-02-08 13:52:27,685 [ERROR] AppliInfo:139 - Unknown STM32CubeMX version: 6.15.0
2026-02-08 13:52:27,688 [ERROR] AppliInfo:139 - Unknown STM32CubeMX version: 6.15.0
2026-02-08 13:52:27,688 [ERROR] AppliInfo:139 - Unknown STM32CubeMX version: 6.15.0
2026-02-08 13:52:27,688 [ERROR] AppliInfo:139 - Unknown STM32CubeMX version: 6.15.0
2026-02-08 13:52:27,688 [ERROR] AppliInfo:139 - Unknown STM32CubeMX version: 6.15.0
2026-02-08 13:52:27,689 [ERROR] AppliInfo:139 - Unknown STM32CubeMX version: 6.16.0
2026-02-08 13:52:27,689 [ERROR] AppliInfo:139 - Unknown STM32CubeMX version: 6.16.0
2026-02-08 13:52:27,689 [ERROR] AppliInfo:139 - Unknown STM32CubeMX version: 6.16.0
2026-02-08 13:52:27,689 [ERROR] AppliInfo:139 - Unknown STM32CubeMX version: 6.16.0
2026-02-08 13:52:27,691 [ERROR] AppliInfo:139 - Unknown STM32CubeMX version: 6.16.0
2026-02-08 13:52:27,691 [ERROR] AppliInfo:139 - Unknown STM32CubeMX version: 6.16.0
2026-02-08 13:52:27,691 [ERROR] AppliInfo:139 - Unknown STM32CubeMX version: 6.16.0
2026-02-08 13:52:27,691 [ERROR] AppliInfo:139 - Unknown STM32CubeMX version: 6.16.0
2026-02-08 13:52:27,691 [ERROR] AppliInfo:139 - Unknown STM32CubeMX version: 6.16.0
2026-02-08 13:52:27,691 [ERROR] AppliInfo:139 - Unknown STM32CubeMX version: 6.16.0
2026-02-08 13:52:27,691 [ERROR] AppliInfo:139 - Unknown STM32CubeMX version: 6.16.0
2026-02-08 13:52:27,691 [ERROR] AppliInfo:139 - Unknown STM32CubeMX version: 6.16.0
2026-02-08 13:52:27,692 [ERROR] AppliInfo:139 - Unknown STM32CubeMX version: 6.16.0
2026-02-08 13:52:27,692 [ERROR] AppliInfo:139 - Unknown STM32CubeMX version: 6.16.0
2026-02-08 13:52:27,692 [ERROR] AppliInfo:139 - Unknown STM32CubeMX version: 6.16.0
2026-02-08 13:52:27,692 [ERROR] AppliInfo:139 - Unknown STM32CubeMX version: 6.16.0
2026-02-08 13:52:27,692 [ERROR] AppliInfo:139 - Unknown STM32CubeMX version: 6.16.0
2026-02-08 13:52:27,692 [ERROR] AppliInfo:139 - Unknown STM32CubeMX version: 6.16.0
2026-02-08 13:52:27,693 [ERROR] AppliInfo:139 - Unknown STM32CubeMX version: 6.16.0
2026-02-08 13:52:27,693 [ERROR] AppliInfo:139 - Unknown STM32CubeMX version: 6.16.0
2026-02-08 13:52:27,696 [ERROR] AppliInfo:139 - Unknown STM32CubeMX version: 6.16.0
2026-02-08 13:52:27,696 [ERROR] AppliInfo:139 - Unknown STM32CubeMX version: 6.16.0
2026-02-08 13:52:27,696 [ERROR] AppliInfo:139 - Unknown STM32CubeMX version: 6.16.0
2026-02-08 13:52:30,191 [ERROR] AppliInfo:139 - Unknown STM32CubeMX version: 6.16.0
2026-02-08 13:52:30,192 [ERROR] AppliInfo:139 - Unknown STM32CubeMX version: 6.16.0
2026-02-08 13:52:30,192 [ERROR] AppliInfo:139 - Unknown STM32CubeMX version: 6.16.0
2026-02-08 13:52:30,192 [ERROR] AppliInfo:139 - Unknown STM32CubeMX version: 6.16.0
2026-02-08 13:52:30,193 [ERROR] AppliInfo:139 - Unknown STM32CubeMX version: 6.16.0
2026-02-08 13:52:31,440 [ERROR] AppliInfo:139 - Unknown STM32CubeMX version: 6.16.0
2026-02-08 13:52:31,440 [ERROR] AppliInfo:139 - Unknown STM32CubeMX version: 6.16.0
2026-02-08 13:52:31,441 [ERROR] AppliInfo:139 - Unknown STM32CubeMX version: 6.16.0
2026-02-08 13:52:31,441 [ERROR] AppliInfo:139 - Unknown STM32CubeMX version: 6.16.0
2026-02-08 13:52:31,441 [ERROR] AppliInfo:139 - Unknown STM32CubeMX version: 6.16.0
2026-02-08 13:52:31,441 [ERROR] AppliInfo:139 - Unknown STM32CubeMX version: 6.16.0
2026-02-08 13:52:31,441 [ERROR] AppliInfo:139 - Unknown STM32CubeMX version: 6.16.0
2026-02-08 13:52:31,441 [ERROR] AppliInfo:139 - Unknown STM32CubeMX version: 6.16.0
2026-02-08 13:52:31,441 [ERROR] AppliInfo:139 - Unknown STM32CubeMX version: 6.16.0
2026-02-08 13:52:31,441 [ERROR] AppliInfo:139 - Unknown STM32CubeMX version: 6.16.0
2026-02-08 13:52:31,442 [ERROR] AppliInfo:139 - Unknown STM32CubeMX version: 6.16.0
2026-02-08 13:52:31,442 [ERROR] AppliInfo:139 - Unknown STM32CubeMX version: 6.16.0
2026-02-08 13:52:31,445 [ERROR] AppliInfo:139 - Unknown STM32CubeMX version: 6.16.0
2026-02-08 13:52:31,445 [ERROR] AppliInfo:139 - Unknown STM32CubeMX version: 6.16.0
2026-02-08 13:52:41,369 [ERROR] AppliInfo:139 - Unknown STM32CubeMX version: 6.16.0
2026-02-08 13:52:41,370 [ERROR] AppliInfo:139 - Unknown STM32CubeMX version: 6.16.0
2026-02-08 13:52:41,370 [ERROR] AppliInfo:139 - Unknown STM32CubeMX version: 6.16.0
2026-02-08 13:52:41,370 [ERROR] AppliInfo:139 - Unknown STM32CubeMX version: 6.16.0
2026-02-08 13:52:41,370 [ERROR] AppliInfo:139 - Unknown STM32CubeMX version: 6.16.0
2026-02-08 13:52:42,635 [ERROR] AppliInfo:139 - Unknown STM32CubeMX version: 6.16.0
2026-02-08 13:52:42,635 [ERROR] AppliInfo:139 - Unknown STM32CubeMX version: 6.16.0
2026-02-08 13:52:42,635 [ERROR] AppliInfo:139 - Unknown STM32CubeMX version: 6.16.0
2026-02-08 13:52:42,636 [ERROR] AppliInfo:139 - Unknown STM32CubeMX version: 6.16.0
2026-02-08 13:52:42,636 [ERROR] AppliInfo:139 - Unknown STM32CubeMX version: 6.16.0
2026-02-08 13:52:42,638 [ERROR] AppliInfo:139 - Unknown STM32CubeMX version: 6.16.0
2026-02-08 13:52:42,639 [ERROR] AppliInfo:139 - Unknown STM32CubeMX version: 6.16.0
2026-02-08 13:52:42,639 [ERROR] AppliInfo:139 - Unknown STM32CubeMX version: 6.16.0
2026-02-08 13:52:42,639 [ERROR] AppliInfo:139 - Unknown STM32CubeMX version: 6.16.0
2026-02-08 13:52:42,640 [ERROR] AppliInfo:139 - Unknown STM32CubeMX version: 6.16.0
2026-02-08 13:52:43,879 [ERROR] AppliInfo:139 - Unknown STM32CubeMX version: 6.16.0
2026-02-08 13:52:43,879 [ERROR] AppliInfo:139 - Unknown STM32CubeMX version: 6.16.0
2026-02-08 13:52:43,879 [ERROR] AppliInfo:139 - Unknown STM32CubeMX version: 6.16.0
2026-02-08 13:52:43,880 [ERROR] AppliInfo:139 - Unknown STM32CubeMX version: 6.16.0
2026-02-08 13:52:45,145 [ERROR] AppliInfo:139 - Unknown STM32CubeMX version: 6.15.0
2026-02-08 13:52:45,145 [ERROR] AppliInfo:139 - Unknown STM32CubeMX version: 6.15.0
2026-02-08 13:52:45,145 [ERROR] AppliInfo:139 - Unknown STM32CubeMX version: 6.15.0
2026-02-08 13:52:45,145 [ERROR] AppliInfo:139 - Unknown STM32CubeMX version: 6.15.0
2026-02-08 13:52:45,146 [ERROR] AppliInfo:139 - Unknown STM32CubeMX version: 6.15.0
2026-02-08 13:52:45,146 [ERROR] AppliInfo:139 - Unknown STM32CubeMX version: 6.15.0
2026-02-08 13:52:46,363 [ERROR] AppliInfo:139 - Unknown STM32CubeMX version: 6.15.0
2026-02-08 13:52:46,363 [ERROR] AppliInfo:139 - Unknown STM32CubeMX version: 6.16.0
2026-02-08 13:52:46,363 [ERROR] AppliInfo:139 - Unknown STM32CubeMX version: 6.16.0
2026-02-08 13:52:47,599 [ERROR] AppliInfo:139 - Unknown STM32CubeMX version: 6.13.0
2026-02-08 13:52:48,811 [ERROR] AppliInfo:139 - Unknown STM32CubeMX version: 6.13.0
2026-02-08 13:52:48,811 [ERROR] AppliInfo:139 - Unknown STM32CubeMX version: 6.13.0
2026-02-08 13:52:48,812 [ERROR] AppliInfo:139 - Unknown STM32CubeMX version: 6.13.0
2026-02-08 13:52:48,812 [ERROR] AppliInfo:139 - Unknown STM32CubeMX version: 6.13.0
2026-02-08 13:52:48,812 [ERROR] AppliInfo:139 - Unknown STM32CubeMX version: 6.13.0
2026-02-08 13:52:48,812 [ERROR] AppliInfo:139 - Unknown STM32CubeMX version: 6.13.0
2026-02-08 13:52:48,815 [ERROR] AppliInfo:139 - Unknown STM32CubeMX version: 6.13.0
2026-02-08 13:52:48,815 [ERROR] AppliInfo:139 - Unknown STM32CubeMX version: 6.13.0
2026-02-08 13:52:48,815 [ERROR] AppliInfo:139 - Unknown STM32CubeMX version: 6.13.0
2026-02-08 13:52:48,815 [ERROR] AppliInfo:139 - Unknown STM32CubeMX version: 6.13.0
2026-02-08 13:52:48,815 [ERROR] AppliInfo:139 - Unknown STM32CubeMX version: 6.13.0
2026-02-08 13:52:48,815 [ERROR] AppliInfo:139 - Unknown STM32CubeMX version: 6.13.0
2026-02-08 13:52:50,072 [ERROR] AppliInfo:139 - Unknown STM32CubeMX version: 6.13.0
2026-02-08 13:52:50,073 [ERROR] AppliInfo:139 - Unknown STM32CubeMX version: 6.13.0
2026-02-08 13:52:50,073 [ERROR] AppliInfo:139 - Unknown STM32CubeMX version: 6.13.0
2026-02-08 13:52:50,073 [ERROR] AppliInfo:139 - Unknown STM32CubeMX version: 6.13.0
2026-02-08 13:52:50,073 [ERROR] AppliInfo:139 - Unknown STM32CubeMX version: 6.13.0
2026-02-08 13:52:50,073 [ERROR] AppliInfo:139 - Unknown STM32CubeMX version: 6.13.0
2026-02-08 13:52:50,076 [ERROR] AppliInfo:139 - Unknown STM32CubeMX version: 6.13.0
2026-02-08 13:52:50,076 [ERROR] AppliInfo:139 - Unknown STM32CubeMX version: 6.13.0
2026-02-08 13:52:50,077 [ERROR] AppliInfo:139 - Unknown STM32CubeMX version: 6.13.0
2026-02-08 13:52:50,077 [ERROR] AppliInfo:139 - Unknown STM32CubeMX version: 6.13.0
2026-02-08 13:52:50,077 [ERROR] AppliInfo:139 - Unknown STM32CubeMX version: 6.13.0
2026-02-08 13:52:51,300 [ERROR] AppliInfo:139 - Unknown STM32CubeMX version: 6.13.0
2026-02-08 13:52:51,300 [ERROR] AppliInfo:139 - Unknown STM32CubeMX version: 6.13.0
2026-02-08 13:52:51,300 [ERROR] AppliInfo:139 - Unknown STM32CubeMX version: 6.15.0
2026-02-08 13:52:51,300 [ERROR] AppliInfo:139 - Unknown STM32CubeMX version: 6.15.0
2026-02-08 13:52:51,300 [ERROR] AppliInfo:139 - Unknown STM32CubeMX version: 6.15.0
2026-02-08 13:52:51,301 [ERROR] AppliInfo:139 - Unknown STM32CubeMX version: 6.15.0
2026-02-08 13:52:51,303 [ERROR] AppliInfo:139 - Unknown STM32CubeMX version: 6.15.0
2026-02-08 13:52:51,303 [ERROR] AppliInfo:139 - Unknown STM32CubeMX version: 6.15.0
2026-02-08 13:52:51,303 [ERROR] AppliInfo:139 - Unknown STM32CubeMX version: 6.15.0
2026-02-08 13:52:51,304 [ERROR] AppliInfo:139 - Unknown STM32CubeMX version: 6.15.0
2026-02-08 13:52:51,304 [ERROR] AppliInfo:139 - Unknown STM32CubeMX version: 6.15.0
2026-02-08 13:52:51,304 [ERROR] AppliInfo:139 - Unknown STM32CubeMX version: 6.15.0
2026-02-08 13:52:52,538 [ERROR] AppliInfo:139 - Unknown STM32CubeMX version: 6.15.0
2026-02-08 13:52:52,538 [ERROR] AppliInfo:139 - Unknown STM32CubeMX version: 6.15.0
2026-02-08 13:52:52,539 [ERROR] AppliInfo:139 - Unknown STM32CubeMX version: 6.15.0
2026-02-08 13:52:52,539 [ERROR] AppliInfo:139 - Unknown STM32CubeMX version: 6.13.0
2026-02-08 13:52:52,539 [ERROR] AppliInfo:139 - Unknown STM32CubeMX version: 6.13.0
2026-02-08 13:52:52,539 [ERROR] AppliInfo:139 - Unknown STM32CubeMX version: 6.13.0
2026-02-08 13:52:53,770 [ERROR] AppliInfo:139 - Unknown STM32CubeMX version: 6.13.0
2026-02-08 13:52:53,770 [ERROR] AppliInfo:139 - Unknown STM32CubeMX version: 6.13.0
2026-02-08 13:52:53,770 [ERROR] AppliInfo:139 - Unknown STM32CubeMX version: 6.13.0
2026-02-08 13:52:53,770 [ERROR] AppliInfo:139 - Unknown STM32CubeMX version: 6.13.0
2026-02-08 13:52:53,770 [ERROR] AppliInfo:139 - Unknown STM32CubeMX version: 6.13.0
2026-02-08 13:52:53,771 [ERROR] AppliInfo:139 - Unknown STM32CubeMX version: 6.13.0
2026-02-08 13:52:55,005 [ERROR] AppliInfo:139 - Unknown STM32CubeMX version: 6.13.0
2026-02-08 13:52:55,006 [ERROR] AppliInfo:139 - Unknown STM32CubeMX version: 6.13.0
2026-02-08 13:52:55,006 [ERROR] AppliInfo:139 - Unknown STM32CubeMX version: 6.13.0
2026-02-08 13:52:55,006 [ERROR] AppliInfo:139 - Unknown STM32CubeMX version: 6.13.0
2026-02-08 13:52:55,006 [ERROR] AppliInfo:139 - Unknown STM32CubeMX version: 6.13.0
2026-02-08 13:52:55,006 [ERROR] AppliInfo:139 - Unknown STM32CubeMX version: 6.13.0
2026-02-08 13:52:56,228 [ERROR] AppliInfo:139 - Unknown STM32CubeMX version: 6.13.0
2026-02-08 13:52:56,228 [ERROR] AppliInfo:139 - Unknown STM32CubeMX version: 6.13.0
2026-02-08 13:52:56,229 [ERROR] AppliInfo:139 - Unknown STM32CubeMX version: 6.13.0
2026-02-08 13:52:56,229 [ERROR] AppliInfo:139 - Unknown STM32CubeMX version: 6.13.0
2026-02-08 13:52:56,229 [ERROR] AppliInfo:139 - Unknown STM32CubeMX version: 6.13.0
2026-02-08 13:52:57,503 [ERROR] AppliInfo:139 - Unknown STM32CubeMX version: 6.13.0
2026-02-08 13:52:57,503 [ERROR] AppliInfo:139 - Unknown STM32CubeMX version: 6.13.0
2026-02-08 13:52:57,503 [ERROR] AppliInfo:139 - Unknown STM32CubeMX version: 6.13.0
2026-02-08 13:52:57,503 [ERROR] AppliInfo:139 - Unknown STM32CubeMX version: 6.13.0
2026-02-08 13:52:57,504 [ERROR] AppliInfo:139 - Unknown STM32CubeMX version: 6.13.0
2026-02-08 13:52:57,504 [ERROR] AppliInfo:139 - Unknown STM32CubeMX version: 6.13.0
2026-02-08 13:52:58,745 [ERROR] AppliInfo:139 - Unknown STM32CubeMX version: 6.13.0
2026-02-08 13:52:58,746 [ERROR] AppliInfo:139 - Unknown STM32CubeMX version: 6.13.0
2026-02-08 13:52:58,746 [ERROR] AppliInfo:139 - Unknown STM32CubeMX version: 6.13.0
2026-02-08 13:52:58,746 [ERROR] AppliInfo:139 - Unknown STM32CubeMX version: 6.13.0
2026-02-08 13:52:58,746 [ERROR] AppliInfo:139 - Unknown STM32CubeMX version: 6.13.0
2026-02-08 13:52:58,746 [ERROR] AppliInfo:139 - Unknown STM32CubeMX version: 6.13.0
2026-02-08 13:53:00,000 [ERROR] AppliInfo:139 - Unknown STM32CubeMX version: 6.13.0
2026-02-08 13:53:00,000 [ERROR] AppliInfo:139 - Unknown STM32CubeMX version: 6.13.0
2026-02-08 13:53:00,000 [ERROR] AppliInfo:139 - Unknown STM32CubeMX version: 6.13.0
2026-02-08 13:53:00,000 [ERROR] AppliInfo:139 - Unknown STM32CubeMX version: 6.13.0
2026-02-08 13:53:00,000 [ERROR] AppliInfo:139 - Unknown STM32CubeMX version: 6.13.0
2026-02-08 13:53:00,426 [ERROR] AppliInfo:139 - Unknown STM32CubeMX version: 6.16.0
2026-02-08 13:53:00,427 [ERROR] AppliInfo:139 - Unknown STM32CubeMX version: 6.15.0
2026-02-08 13:53:00,427 [ERROR] AppliInfo:139 - Unknown STM32CubeMX version: 6.15.0
2026-02-08 13:53:01,277 [ERROR] AppliInfo:139 - Unknown STM32CubeMX version: 6.15.0
2026-02-08 13:53:01,277 [ERROR] AppliInfo:139 - Unknown STM32CubeMX version: 6.15.0
2026-02-08 13:53:01,277 [ERROR] AppliInfo:139 - Unknown STM32CubeMX version: 6.15.0
2026-02-08 13:53:01,277 [ERROR] AppliInfo:139 - Unknown STM32CubeMX version: 6.15.0
2026-02-08 13:53:01,277 [ERROR] AppliInfo:139 - Unknown STM32CubeMX version: 6.15.0
2026-02-08 13:53:02,548 [ERROR] AppliInfo:139 - Unknown STM32CubeMX version: 6.16.0
2026-02-08 13:53:02,548 [ERROR] AppliInfo:139 - Unknown STM32CubeMX version: 6.16.0
2026-02-08 13:53:05,012 [ERROR] AppliInfo:139 - Unknown STM32CubeMX version: 6.13.0
2026-02-08 13:53:05,012 [ERROR] AppliInfo:139 - Unknown STM32CubeMX version: 6.13.0
2026-02-08 13:53:05,013 [ERROR] AppliInfo:139 - Unknown STM32CubeMX version: 6.13.0
2026-02-08 13:53:06,266 [ERROR] AppliInfo:139 - Unknown STM32CubeMX version: 6.13.0
2026-02-08 13:53:06,266 [ERROR] AppliInfo:139 - Unknown STM32CubeMX version: 6.13.0
2026-02-08 13:53:06,266 [ERROR] AppliInfo:139 - Unknown STM32CubeMX version: 6.13.0
2026-02-08 13:53:06,266 [ERROR] AppliInfo:139 - Unknown STM32CubeMX version: 6.13.0
2026-02-08 13:53:07,549 [ERROR] AppliInfo:139 - Unknown STM32CubeMX version: 6.13.0
2026-02-08 13:53:07,550 [ERROR] AppliInfo:139 - Unknown STM32CubeMX version: 6.13.0
2026-02-08 13:53:07,550 [ERROR] AppliInfo:139 - Unknown STM32CubeMX version: 6.13.0
2026-02-08 13:53:08,853 [ERROR] AppliInfo:139 - Unknown STM32CubeMX version: 6.13.0
2026-02-08 13:53:08,854 [ERROR] AppliInfo:139 - Unknown STM32CubeMX version: 6.13.0
2026-02-08 13:53:08,854 [ERROR] AppliInfo:139 - Unknown STM32CubeMX version: 6.13.0
2026-02-08 13:53:08,854 [ERROR] AppliInfo:139 - Unknown STM32CubeMX version: 6.13.0
2026-02-08 13:53:10,180 [ERROR] AppliInfo:139 - Unknown STM32CubeMX version: 6.13.0
2026-02-08 13:53:10,180 [ERROR] AppliInfo:139 - Unknown STM32CubeMX version: 6.13.0
2026-02-08 13:53:10,181 [ERROR] AppliInfo:139 - Unknown STM32CubeMX version: 6.13.0
2026-02-08 13:53:10,181 [ERROR] AppliInfo:139 - Unknown STM32CubeMX version: 6.13.0
2026-02-08 13:53:10,181 [ERROR] AppliInfo:139 - Unknown STM32CubeMX version: 6.13.0
2026-02-08 13:53:10,181 [ERROR] AppliInfo:139 - Unknown STM32CubeMX version: 6.13.0
2026-02-08 13:53:11,515 [ERROR] AppliInfo:139 - Unknown STM32CubeMX version: 6.13.0
2026-02-08 13:53:11,515 [ERROR] AppliInfo:139 - Unknown STM32CubeMX version: 6.13.0
2026-02-08 13:53:11,516 [ERROR] AppliInfo:139 - Unknown STM32CubeMX version: 6.13.0
2026-02-08 13:53:11,516 [ERROR] AppliInfo:139 - Unknown STM32CubeMX version: 6.13.0
2026-02-08 13:53:11,516 [ERROR] AppliInfo:139 - Unknown STM32CubeMX version: 6.13.0
2026-02-08 13:53:12,809 [ERROR] AppliInfo:139 - Unknown STM32CubeMX version: 6.13.0
2026-02-08 13:53:12,809 [ERROR] AppliInfo:139 - Unknown STM32CubeMX version: 6.15.0
2026-02-08 13:53:12,809 [ERROR] AppliInfo:139 - Unknown STM32CubeMX version: 6.15.0
2026-02-08 13:53:12,809 [ERROR] AppliInfo:139 - Unknown STM32CubeMX version: 6.15.0
2026-02-08 13:53:12,809 [ERROR] AppliInfo:139 - Unknown STM32CubeMX version: 6.15.0
2026-02-08 13:53:12,809 [ERROR] AppliInfo:139 - Unknown STM32CubeMX version: 6.15.0
2026-02-08 13:53:14,979 [ERROR] AppliInfo:139 - Unknown STM32CubeMX version: 6.15.0
2026-02-08 13:53:14,979 [ERROR] AppliInfo:139 - Unknown STM32CubeMX version: 6.15.0
2026-02-08 13:53:14,980 [ERROR] AppliInfo:139 - Unknown STM32CubeMX version: 6.15.0
2026-02-08 13:53:14,980 [ERROR] AppliInfo:139 - Unknown STM32CubeMX version: 6.15.0
2026-02-08 13:53:14,980 [ERROR] AppliInfo:139 - Unknown STM32CubeMX version: 6.15.0
2026-02-08 13:53:14,980 [ERROR] AppliInfo:139 - Unknown STM32CubeMX version: 6.15.0
2026-02-08 13:53:14,981 [ERROR] AppliInfo:139 - Unknown STM32CubeMX version: 6.15.0
2026-02-08 13:53:14,981 [ERROR] AppliInfo:139 - Unknown STM32CubeMX version: 6.15.0
2026-02-08 13:53:14,981 [ERROR] AppliInfo:139 - Unknown STM32CubeMX version: 6.13.0
2026-02-08 13:53:14,981 [ERROR] AppliInfo:139 - Unknown STM32CubeMX version: 6.13.0
2026-02-08 13:53:14,981 [ERROR] AppliInfo:139 - Unknown STM32CubeMX version: 6.13.0
2026-02-08 13:53:14,982 [ERROR] AppliInfo:139 - Unknown STM32CubeMX version: 6.13.0
2026-02-08 13:53:14,982 [ERROR] AppliInfo:139 - Unknown STM32CubeMX version: 6.13.0
2026-02-08 13:53:14,985 [ERROR] AppliInfo:139 - Unknown STM32CubeMX version: 6.13.0
2026-02-08 13:53:14,985 [ERROR] AppliInfo:139 - Unknown STM32CubeMX version: 6.13.0
2026-02-08 13:53:14,985 [ERROR] AppliInfo:139 - Unknown STM32CubeMX version: 6.13.0
2026-02-08 13:53:14,986 [ERROR] AppliInfo:139 - Unknown STM32CubeMX version: 6.13.0
2026-02-08 13:53:14,986 [ERROR] AppliInfo:139 - Unknown STM32CubeMX version: 6.13.0
2026-02-08 13:53:14,986 [ERROR] AppliInfo:139 - Unknown STM32CubeMX version: 6.13.0
2026-02-08 13:53:14,986 [ERROR] AppliInfo:139 - Unknown STM32CubeMX version: 6.13.0
2026-02-08 13:53:14,987 [ERROR] AppliInfo:139 - Unknown STM32CubeMX version: 6.13.0
2026-02-08 13:53:14,987 [ERROR] AppliInfo:139 - Unknown STM32CubeMX version: 6.13.0
2026-02-08 13:53:14,987 [ERROR] AppliInfo:139 - Unknown STM32CubeMX version: 6.13.0
2026-02-08 13:53:14,988 [ERROR] AppliInfo:139 - Unknown STM32CubeMX version: 6.13.0
2026-02-08 13:53:14,990 [ERROR] AppliInfo:139 - Unknown STM32CubeMX version: 6.13.0
2026-02-08 13:53:14,991 [ERROR] AppliInfo:139 - Unknown STM32CubeMX version: 6.13.0
2026-02-08 13:53:14,991 [ERROR] AppliInfo:139 - Unknown STM32CubeMX version: 6.13.0
2026-02-08 13:53:14,991 [ERROR] AppliInfo:139 - Unknown STM32CubeMX version: 6.13.0
2026-02-08 13:53:14,991 [ERROR] AppliInfo:139 - Unknown STM32CubeMX version: 6.13.0
2026-02-08 13:53:14,992 [ERROR] AppliInfo:139 - Unknown STM32CubeMX version: 6.13.0
2026-02-08 13:53:14,992 [ERROR] AppliInfo:139 - Unknown STM32CubeMX version: 6.13.0
2026-02-08 13:53:14,992 [ERROR] AppliInfo:139 - Unknown STM32CubeMX version: 6.13.0
2026-02-08 13:53:14,992 [ERROR] AppliInfo:139 - Unknown STM32CubeMX version: 6.13.0
2026-02-08 13:53:14,993 [ERROR] AppliInfo:139 - Unknown STM32CubeMX version: 6.13.0
2026-02-08 13:53:14,993 [ERROR] AppliInfo:139 - Unknown STM32CubeMX version: 6.13.0
2026-02-08 13:53:14,993 [ERROR] AppliInfo:139 - Unknown STM32CubeMX version: 6.13.0
2026-02-08 13:53:14,996 [ERROR] AppliInfo:139 - Unknown STM32CubeMX version: 6.13.0
2026-02-08 13:53:14,996 [ERROR] AppliInfo:139 - Unknown STM32CubeMX version: 6.13.0
2026-02-08 13:53:14,996 [ERROR] AppliInfo:139 - Unknown STM32CubeMX version: 6.13.0
2026-02-08 13:53:14,996 [ERROR] AppliInfo:139 - Unknown STM32CubeMX version: 6.13.0
2026-02-08 13:53:14,997 [ERROR] AppliInfo:139 - Unknown STM32CubeMX version: 6.13.0
2026-02-08 13:53:14,997 [ERROR] AppliInfo:139 - Unknown STM32CubeMX version: 6.13.0
2026-02-08 13:53:14,997 [ERROR] AppliInfo:139 - Unknown STM32CubeMX version: 6.13.0
2026-02-08 13:53:14,997 [ERROR] AppliInfo:139 - Unknown STM32CubeMX version: 6.13.0
2026-02-08 13:53:14,998 [ERROR] AppliInfo:139 - Unknown STM32CubeMX version: 6.13.0
2026-02-08 13:53:14,998 [ERROR] AppliInfo:139 - Unknown STM32CubeMX version: 6.16.0
2026-02-08 13:53:14,998 [ERROR] AppliInfo:139 - Unknown STM32CubeMX version: 6.16.0
2026-02-08 13:53:15,000 [ERROR] AppliInfo:139 - Unknown STM32CubeMX version: 6.16.0
2026-02-08 13:53:15,001 [ERROR] AppliInfo:139 - Unknown STM32CubeMX version: 6.16.0
2026-02-08 13:53:15,001 [ERROR] AppliInfo:139 - Unknown STM32CubeMX version: 6.16.0
2026-02-08 13:53:15,001 [ERROR] AppliInfo:139 - Unknown STM32CubeMX version: 6.16.0
2026-02-08 13:53:15,001 [ERROR] AppliInfo:139 - Unknown STM32CubeMX version: 6.16.0
2026-02-08 13:53:15,002 [ERROR] AppliInfo:139 - Unknown STM32CubeMX version: 6.16.0
2026-02-08 13:53:15,002 [ERROR] AppliInfo:139 - Unknown STM32CubeMX version: 6.16.0
2026-02-08 13:53:15,008 [ERROR] AppliInfo:139 - Unknown STM32CubeMX version: 6.16.0
2026-02-08 13:53:15,008 [ERROR] AppliInfo:139 - Unknown STM32CubeMX version: 6.16.0
2026-02-08 13:53:15,008 [ERROR] AppliInfo:139 - Unknown STM32CubeMX version: 6.16.0
2026-02-08 13:53:15,009 [ERROR] AppliInfo:139 - Unknown STM32CubeMX version: 6.16.0
2026-02-08 13:53:15,009 [ERROR] AppliInfo:139 - Unknown STM32CubeMX version: 6.16.0
2026-02-08 13:53:15,009 [ERROR] AppliInfo:139 - Unknown STM32CubeMX version: 6.16.0
2026-02-08 13:53:15,009 [ERROR] AppliInfo:139 - Unknown STM32CubeMX version: 6.16.0
2026-02-08 13:53:15,010 [ERROR] AppliInfo:139 - Unknown STM32CubeMX version: 6.16.0
2026-02-08 13:53:15,010 [ERROR] AppliInfo:139 - Unknown STM32CubeMX version: 6.16.0
2026-02-08 13:53:15,010 [ERROR] AppliInfo:139 - Unknown STM32CubeMX version: 6.16.0
2026-02-08 13:53:15,014 [ERROR] AppliInfo:139 - Unknown STM32CubeMX version: 6.16.0
2026-02-08 13:53:15,015 [ERROR] AppliInfo:139 - Unknown STM32CubeMX version: 6.16.0
2026-02-08 13:53:15,015 [ERROR] AppliInfo:139 - Unknown STM32CubeMX version: 6.16.0
2026-02-08 13:53:15,015 [ERROR] AppliInfo:139 - Unknown STM32CubeMX version: 6.16.0
2026-02-08 13:53:15,015 [ERROR] AppliInfo:139 - Unknown STM32CubeMX version: 6.16.0
2026-02-08 13:53:15,016 [ERROR] AppliInfo:139 - Unknown STM32CubeMX version: 6.16.0
2026-02-08 13:53:15,016 [ERROR] AppliInfo:139 - Unknown STM32CubeMX version: 6.16.0
2026-02-08 13:53:15,016 [ERROR] AppliInfo:139 - Unknown STM32CubeMX version: 6.16.0
2026-02-08 13:53:15,019 [ERROR] AppliInfo:139 - Unknown STM32CubeMX version: 6.16.0
2026-02-08 13:53:15,020 [ERROR] AppliInfo:139 - Unknown STM32CubeMX version: 6.16.0
2026-02-08 13:53:15,020 [ERROR] AppliInfo:139 - Unknown STM32CubeMX version: 6.16.0
2026-02-08 13:53:15,020 [ERROR] AppliInfo:139 - Unknown STM32CubeMX version: 6.16.0
2026-02-08 13:53:15,021 [ERROR] AppliInfo:139 - Unknown STM32CubeMX version: 6.16.0
2026-02-08 13:53:16,289 [ERROR] AppliInfo:139 - Unknown STM32CubeMX version: 6.16.0
2026-02-08 13:53:16,289 [ERROR] AppliInfo:139 - Unknown STM32CubeMX version: 6.16.0
2026-02-08 13:53:16,290 [ERROR] AppliInfo:139 - Unknown STM32CubeMX version: 6.16.0
2026-02-08 13:53:16,290 [ERROR] AppliInfo:139 - Unknown STM32CubeMX version: 6.16.0
2026-02-08 13:53:16,290 [ERROR] AppliInfo:139 - Unknown STM32CubeMX version: 6.16.0
2026-02-08 13:53:16,290 [ERROR] AppliInfo:139 - Unknown STM32CubeMX version: 6.16.0
2026-02-08 13:53:16,290 [ERROR] AppliInfo:139 - Unknown STM32CubeMX version: 6.16.0
2026-02-08 13:53:16,290 [ERROR] AppliInfo:139 - Unknown STM32CubeMX version: 6.16.0
2026-02-08 13:53:16,291 [ERROR] AppliInfo:139 - Unknown STM32CubeMX version: 6.16.0
2026-02-08 13:53:16,291 [ERROR] AppliInfo:139 - Unknown STM32CubeMX version: 6.16.0
2026-02-08 13:53:16,291 [ERROR] AppliInfo:139 - Unknown STM32CubeMX version: 6.16.0
2026-02-08 13:53:16,291 [ERROR] AppliInfo:139 - Unknown STM32CubeMX version: 6.16.0
2026-02-08 13:53:16,291 [ERROR] AppliInfo:139 - Unknown STM32CubeMX version: 6.16.0
2026-02-08 13:53:16,292 [ERROR] AppliInfo:139 - Unknown STM32CubeMX version: 6.16.0
2026-02-08 13:53:16,292 [ERROR] AppliInfo:139 - Unknown STM32CubeMX version: 6.16.0
2026-02-08 13:53:16,292 [ERROR] AppliInfo:139 - Unknown STM32CubeMX version: 6.16.0
2026-02-08 13:53:16,295 [ERROR] AppliInfo:139 - Unknown STM32CubeMX version: 6.16.0
2026-02-08 13:53:16,295 [ERROR] AppliInfo:139 - Unknown STM32CubeMX version: 6.16.0
2026-02-08 13:53:16,295 [ERROR] AppliInfo:139 - Unknown STM32CubeMX version: 6.16.0
2026-02-08 13:53:16,296 [ERROR] AppliInfo:139 - Unknown STM32CubeMX version: 6.16.0
2026-02-08 13:53:16,296 [ERROR] AppliInfo:139 - Unknown STM32CubeMX version: 6.16.0
2026-02-08 13:53:16,296 [ERROR] AppliInfo:139 - Unknown STM32CubeMX version: 6.16.0
2026-02-08 13:53:16,296 [ERROR] AppliInfo:139 - Unknown STM32CubeMX version: 6.16.0
2026-02-08 13:53:16,297 [ERROR] AppliInfo:139 - Unknown STM32CubeMX version: 6.16.0
2026-02-08 13:53:16,297 [ERROR] AppliInfo:139 - Unknown STM32CubeMX version: 6.16.0
2026-02-08 13:53:16,297 [ERROR] AppliInfo:139 - Unknown STM32CubeMX version: 6.16.0
2026-02-08 13:53:16,297 [ERROR] AppliInfo:139 - Unknown STM32CubeMX version: 6.16.0
2026-02-08 13:53:16,298 [ERROR] AppliInfo:139 - Unknown STM32CubeMX version: 6.16.0
2026-02-08 13:53:16,300 [ERROR] AppliInfo:139 - Unknown STM32CubeMX version: 6.11.0
2026-02-08 13:53:16,300 [ERROR] AppliInfo:139 - Unknown STM32CubeMX version: 6.11.0
2026-02-08 13:53:16,300 [ERROR] AppliInfo:139 - Unknown STM32CubeMX version: 6.11.0
2026-02-08 13:53:16,300 [ERROR] AppliInfo:139 - Unknown STM32CubeMX version: 6.11.0
2026-02-08 13:53:16,300 [ERROR] AppliInfo:139 - Unknown STM32CubeMX version: 6.11.0
2026-02-08 13:53:16,301 [ERROR] AppliInfo:139 - Unknown STM32CubeMX version: 6.11.0
2026-02-08 13:53:16,301 [ERROR] AppliInfo:139 - Unknown STM32CubeMX version: 6.10.0
2026-02-08 13:53:16,301 [ERROR] AppliInfo:139 - Unknown STM32CubeMX version: 6.10.0
2026-02-08 13:53:16,301 [ERROR] AppliInfo:139 - Unknown STM32CubeMX version: 6.10.0
2026-02-08 13:53:16,301 [ERROR] AppliInfo:139 - Unknown STM32CubeMX version: 6.10.0
2026-02-08 13:53:17,671 [ERROR] AppliInfo:139 - Unknown STM32CubeMX version: 6.15.0
2026-02-08 13:53:17,672 [ERROR] AppliInfo:139 - Unknown STM32CubeMX version: 6.15.0
2026-02-08 13:53:17,672 [ERROR] AppliInfo:139 - Unknown STM32CubeMX version: 6.15.0
2026-02-08 13:53:17,672 [ERROR] AppliInfo:139 - Unknown STM32CubeMX version: 6.15.0
2026-02-08 13:53:17,675 [ERROR] AppliInfo:139 - Unknown STM32CubeMX version: 6.15.0
2026-02-08 13:53:17,676 [ERROR] AppliInfo:139 - Unknown STM32CubeMX version: 6.15.0
2026-02-08 13:53:17,676 [ERROR] AppliInfo:139 - Unknown STM32CubeMX version: 6.15.0
2026-02-08 13:53:17,677 [ERROR] AppliInfo:139 - Unknown STM32CubeMX version: 6.15.0
2026-02-08 13:53:17,677 [ERROR] AppliInfo:139 - Unknown STM32CubeMX version: 6.15.0
2026-02-08 13:53:17,677 [ERROR] AppliInfo:139 - Unknown STM32CubeMX version: 6.15.0
2026-02-08 13:53:17,680 [ERROR] AppliInfo:139 - Unknown STM32CubeMX version: 6.15.0
2026-02-08 13:53:17,681 [ERROR] AppliInfo:139 - Unknown STM32CubeMX version: 6.15.0
2026-02-08 13:53:17,681 [ERROR] AppliInfo:139 - Unknown STM32CubeMX version: 6.15.0
2026-02-08 13:53:17,681 [ERROR] AppliInfo:139 - Unknown STM32CubeMX version: 6.15.0
2026-02-08 13:53:17,681 [ERROR] AppliInfo:139 - Unknown STM32CubeMX version: 6.15.0
2026-02-08 13:53:17,682 [ERROR] AppliInfo:139 - Unknown STM32CubeMX version: 6.15.0
2026-02-08 13:53:17,684 [ERROR] AppliInfo:139 - Unknown STM32CubeMX version: 6.15.0
2026-02-08 13:53:17,684 [ERROR] AppliInfo:139 - Unknown STM32CubeMX version: 6.15.0
2026-02-08 13:53:17,684 [ERROR] AppliInfo:139 - Unknown STM32CubeMX version: 6.15.0
2026-02-08 13:53:17,685 [ERROR] AppliInfo:139 - Unknown STM32CubeMX version: 6.15.0
2026-02-08 13:53:17,685 [ERROR] AppliInfo:139 - Unknown STM32CubeMX version: 6.15.0
2026-02-08 13:53:17,685 [ERROR] AppliInfo:139 - Unknown STM32CubeMX version: 6.15.0
2026-02-08 13:53:17,687 [ERROR] AppliInfo:139 - Unknown STM32CubeMX version: 6.15.0
2026-02-08 13:53:17,688 [ERROR] AppliInfo:139 - Unknown STM32CubeMX version: 6.15.0
2026-02-08 13:53:17,688 [ERROR] AppliInfo:139 - Unknown STM32CubeMX version: 6.15.0
2026-02-08 13:53:17,688 [ERROR] AppliInfo:139 - Unknown STM32CubeMX version: 6.15.0
2026-02-08 13:53:17,689 [ERROR] AppliInfo:139 - Unknown STM32CubeMX version: 6.15.0
2026-02-08 13:53:17,691 [ERROR] AppliInfo:139 - Unknown STM32CubeMX version: 6.15.0
2026-02-08 13:53:17,692 [ERROR] AppliInfo:139 - Unknown STM32CubeMX version: 6.15.0
2026-02-08 13:53:17,692 [ERROR] AppliInfo:139 - Unknown STM32CubeMX version: 6.15.0
2026-02-08 13:53:17,693 [ERROR] AppliInfo:139 - Unknown STM32CubeMX version: 6.15.0
2026-02-08 13:53:17,693 [ERROR] AppliInfo:139 - Unknown STM32CubeMX version: 6.15.0
2026-02-08 13:53:17,695 [ERROR] AppliInfo:139 - Unknown STM32CubeMX version: 6.15.0
2026-02-08 13:53:17,696 [ERROR] AppliInfo:139 - Unknown STM32CubeMX version: 6.15.0
2026-02-08 13:53:17,696 [ERROR] AppliInfo:139 - Unknown STM32CubeMX version: 6.15.0
2026-02-08 13:53:17,696 [ERROR] AppliInfo:139 - Unknown STM32CubeMX version: 6.15.0
2026-02-08 13:53:17,697 [ERROR] AppliInfo:139 - Unknown STM32CubeMX version: 6.15.0
2026-02-08 13:53:17,697 [ERROR] AppliInfo:139 - Unknown STM32CubeMX version: 6.15.0
2026-02-08 13:53:17,699 [ERROR] AppliInfo:139 - Unknown STM32CubeMX version: 6.15.0
2026-02-08 13:53:17,700 [ERROR] AppliInfo:139 - Unknown STM32CubeMX version: 6.15.0
2026-02-08 13:53:17,700 [ERROR] AppliInfo:139 - Unknown STM32CubeMX version: 6.15.0
2026-02-08 13:53:17,700 [ERROR] AppliInfo:139 - Unknown STM32CubeMX version: 6.15.0
2026-02-08 13:53:17,700 [ERROR] AppliInfo:139 - Unknown STM32CubeMX version: 6.15.0
2026-02-08 13:53:17,700 [ERROR] AppliInfo:139 - Unknown STM32CubeMX version: 6.14.0
2026-02-08 13:53:17,703 [ERROR] AppliInfo:139 - Unknown STM32CubeMX version: 6.14.0
2026-02-08 13:53:17,703 [ERROR] AppliInfo:139 - Unknown STM32CubeMX version: 6.14.0
2026-02-08 13:53:17,703 [ERROR] AppliInfo:139 - Unknown STM32CubeMX version: 6.14.0
2026-02-08 13:53:17,704 [ERROR] AppliInfo:139 - Unknown STM32CubeMX version: 6.14.0
2026-02-08 13:53:17,704 [ERROR] AppliInfo:139 - Unknown STM32CubeMX version: 6.14.0
2026-02-08 13:53:17,704 [ERROR] AppliInfo:139 - Unknown STM32CubeMX version: 6.14.0
2026-02-08 13:53:19,043 [ERROR] AppliInfo:139 - Unknown STM32CubeMX version: 6.14.0
2026-02-08 13:53:19,043 [ERROR] AppliInfo:139 - Unknown STM32CubeMX version: 6.14.0
2026-02-08 13:53:19,044 [ERROR] AppliInfo:139 - Unknown STM32CubeMX version: 6.14.0
2026-02-08 13:53:19,044 [ERROR] AppliInfo:139 - Unknown STM32CubeMX version: 6.14.0
2026-02-08 13:53:19,044 [ERROR] AppliInfo:139 - Unknown STM32CubeMX version: 6.14.0
2026-02-08 13:53:19,044 [ERROR] AppliInfo:139 - Unknown STM32CubeMX version: 6.14.0
2026-02-08 13:53:19,044 [ERROR] AppliInfo:139 - Unknown STM32CubeMX version: 6.14.0
2026-02-08 13:53:19,044 [ERROR] AppliInfo:139 - Unknown STM32CubeMX version: 6.14.0
2026-02-08 13:53:19,045 [ERROR] AppliInfo:139 - Unknown STM32CubeMX version: 6.14.0
2026-02-08 13:53:19,047 [ERROR] AppliInfo:139 - Unknown STM32CubeMX version: 6.14.0
2026-02-08 13:53:19,047 [ERROR] AppliInfo:139 - Unknown STM32CubeMX version: 6.14.0
2026-02-08 13:53:19,048 [ERROR] AppliInfo:139 - Unknown STM32CubeMX version: 6.14.0
2026-02-08 13:53:19,048 [ERROR] AppliInfo:139 - Unknown STM32CubeMX version: 6.14.0
2026-02-08 13:53:19,048 [ERROR] AppliInfo:139 - Unknown STM32CubeMX version: 6.14.0
2026-02-08 13:53:19,048 [ERROR] AppliInfo:139 - Unknown STM32CubeMX version: 6.14.0
2026-02-08 13:53:19,051 [ERROR] AppliInfo:139 - Unknown STM32CubeMX version: 6.14.0
2026-02-08 13:53:19,051 [ERROR] AppliInfo:139 - Unknown STM32CubeMX version: 6.14.0
2026-02-08 13:53:19,051 [ERROR] AppliInfo:139 - Unknown STM32CubeMX version: 6.14.0
2026-02-08 13:53:19,052 [ERROR] AppliInfo:139 - Unknown STM32CubeMX version: 6.14.0
2026-02-08 13:53:20,346 [ERROR] AppliInfo:139 - Unknown STM32CubeMX version: 6.14.0
2026-02-08 13:53:20,346 [ERROR] AppliInfo:139 - Unknown STM32CubeMX version: 6.14.0
2026-02-08 13:53:20,346 [ERROR] AppliInfo:139 - Unknown STM32CubeMX version: 6.14.0
2026-02-08 13:53:20,346 [ERROR] AppliInfo:139 - Unknown STM32CubeMX version: 6.14.0
2026-02-08 13:53:20,350 [ERROR] AppliInfo:139 - Unknown STM32CubeMX version: 6.14.1
2026-02-08 13:53:20,350 [ERROR] AppliInfo:139 - Unknown STM32CubeMX version: 6.14.1
2026-02-08 13:53:20,781 [ERROR] AppliInfo:139 - Unknown STM32CubeMX version: 6.14.1
2026-02-08 13:53:20,783 [ERROR] AppliInfo:139 - Unknown STM32CubeMX version: 6.14.1
2026-02-08 13:53:20,783 [ERROR] AppliInfo:139 - Unknown STM32CubeMX version: 6.14.1
2026-02-08 13:53:20,784 [ERROR] AppliInfo:139 - Unknown STM32CubeMX version: 6.14.1
2026-02-08 13:53:20,784 [ERROR] AppliInfo:139 - Unknown STM32CubeMX version: 6.14.1
2026-02-08 13:53:21,644 [ERROR] AppliInfo:139 - Unknown STM32CubeMX version: 6.14.1
2026-02-08 13:53:21,644 [ERROR] AppliInfo:139 - Unknown STM32CubeMX version: 6.14.1
2026-02-08 13:53:21,645 [ERROR] AppliInfo:139 - Unknown STM32CubeMX version: 6.14.1
2026-02-08 13:53:21,645 [ERROR] AppliInfo:139 - Unknown STM32CubeMX version: 6.14.1
2026-02-08 13:53:21,645 [ERROR] AppliInfo:139 - Unknown STM32CubeMX version: 6.14.1
2026-02-08 13:53:21,645 [ERROR] AppliInfo:139 - Unknown STM32CubeMX version: 6.14.1
2026-02-08 13:53:22,958 [ERROR] AppliInfo:139 - Unknown STM32CubeMX version: 6.14.1
2026-02-08 13:53:22,958 [ERROR] AppliInfo:139 - Unknown STM32CubeMX version: 6.14.1
2026-02-08 13:53:22,958 [ERROR] AppliInfo:139 - Unknown STM32CubeMX version: 6.14.1
2026-02-08 13:53:22,959 [ERROR] AppliInfo:139 - Unknown STM32CubeMX version: 6.14.1
2026-02-08 13:53:22,959 [ERROR] AppliInfo:139 - Unknown STM32CubeMX version: 6.14.1
2026-02-08 13:53:24,343 [ERROR] AppliInfo:139 - Unknown STM32CubeMX version: 6.14.1
2026-02-08 13:53:24,344 [ERROR] AppliInfo:139 - Unknown STM32CubeMX version: 6.14.1
2026-02-08 13:53:24,344 [ERROR] AppliInfo:139 - Unknown STM32CubeMX version: 6.14.1
2026-02-08 13:53:24,344 [ERROR] AppliInfo:139 - Unknown STM32CubeMX version: 6.14.1
2026-02-08 13:53:25,662 [ERROR] AppliInfo:139 - Unknown STM32CubeMX version: 6.14.1
2026-02-08 13:53:25,663 [ERROR] AppliInfo:139 - Unknown STM32CubeMX version: 6.14.1
2026-02-08 13:53:25,663 [ERROR] AppliInfo:139 - Unknown STM32CubeMX version: 6.14.1
2026-02-08 13:53:25,663 [ERROR] AppliInfo:139 - Unknown STM32CubeMX version: 6.14.1
2026-02-08 13:53:25,663 [ERROR] AppliInfo:139 - Unknown STM32CubeMX version: 6.14.1
2026-02-08 13:53:25,663 [ERROR] AppliInfo:139 - Unknown STM32CubeMX version: 6.14.1
2026-02-08 13:53:25,667 [ERROR] AppliInfo:139 - Unknown STM32CubeMX version: 6.14.1
2026-02-08 13:53:25,667 [ERROR] AppliInfo:139 - Unknown STM32CubeMX version: 6.14.1
2026-02-08 13:53:25,668 [ERROR] AppliInfo:139 - Unknown STM32CubeMX version: 6.14.1
2026-02-08 13:53:25,668 [ERROR] AppliInfo:139 - Unknown STM32CubeMX version: 6.14.1
2026-02-08 13:53:26,909 [ERROR] AppliInfo:139 - Unknown STM32CubeMX version: 6.14.1
2026-02-08 13:53:26,910 [ERROR] AppliInfo:139 - Unknown STM32CubeMX version: 6.14.1
2026-02-08 13:53:26,910 [ERROR] AppliInfo:139 - Unknown STM32CubeMX version: 6.14.1
2026-02-08 13:53:26,910 [ERROR] AppliInfo:139 - Unknown STM32CubeMX version: 6.14.1
2026-02-08 13:53:28,160 [ERROR] AppliInfo:139 - Unknown STM32CubeMX version: 6.15.0
2026-02-08 13:53:28,161 [ERROR] AppliInfo:139 - Unknown STM32CubeMX version: 6.15.0
2026-02-08 13:53:28,161 [ERROR] AppliInfo:139 - Unknown STM32CubeMX version: 6.15.0
2026-02-08 13:53:28,161 [ERROR] AppliInfo:139 - Unknown STM32CubeMX version: 6.15.0
2026-02-08 13:53:28,161 [ERROR] AppliInfo:139 - Unknown STM32CubeMX version: 6.15.0
2026-02-08 13:53:28,161 [ERROR] AppliInfo:139 - Unknown STM32CubeMX version: 6.15.0
2026-02-08 13:53:28,164 [ERROR] AppliInfo:139 - Unknown STM32CubeMX version: 6.15.0
2026-02-08 13:53:28,164 [ERROR] AppliInfo:139 - Unknown STM32CubeMX version: 6.15.0
2026-02-08 13:53:28,165 [ERROR] AppliInfo:139 - Unknown STM32CubeMX version: 6.15.0
2026-02-08 13:53:28,165 [ERROR] AppliInfo:139 - Unknown STM32CubeMX version: 6.15.0
2026-02-08 13:53:29,423 [ERROR] AppliInfo:139 - Unknown STM32CubeMX version: 6.15.0
2026-02-08 13:53:29,423 [ERROR] AppliInfo:139 - Unknown STM32CubeMX version: 6.15.0
2026-02-08 13:53:29,423 [ERROR] AppliInfo:139 - Unknown STM32CubeMX version: 6.15.0
2026-02-08 13:53:29,424 [ERROR] AppliInfo:139 - Unknown STM32CubeMX version: 6.15.0
2026-02-08 13:53:29,424 [ERROR] AppliInfo:139 - Unknown STM32CubeMX version: 6.15.0
2026-02-08 13:53:29,424 [ERROR] AppliInfo:139 - Unknown STM32CubeMX version: 6.15.0
2026-02-08 13:53:29,427 [ERROR] AppliInfo:139 - Unknown STM32CubeMX version: 6.15.0
2026-02-08 13:53:29,427 [ERROR] AppliInfo:139 - Unknown STM32CubeMX version: 6.15.0
2026-02-08 13:53:29,427 [ERROR] AppliInfo:139 - Unknown STM32CubeMX version: 6.15.0
2026-02-08 13:53:29,428 [ERROR] AppliInfo:139 - Unknown STM32CubeMX version: 6.15.0
2026-02-08 13:53:29,428 [ERROR] AppliInfo:139 - Unknown STM32CubeMX version: 6.15.0
2026-02-08 13:53:29,428 [ERROR] AppliInfo:139 - Unknown STM32CubeMX version: 6.15.0
2026-02-08 13:53:30,694 [ERROR] AppliInfo:139 - Unknown STM32CubeMX version: 6.15.0
2026-02-08 13:53:30,695 [ERROR] AppliInfo:139 - Unknown STM32CubeMX version: 6.15.0
2026-02-08 13:53:30,695 [ERROR] AppliInfo:139 - Unknown STM32CubeMX version: 6.15.0
2026-02-08 13:53:30,695 [ERROR] AppliInfo:139 - Unknown STM32CubeMX version: 6.15.0
2026-02-08 13:53:30,695 [ERROR] AppliInfo:139 - Unknown STM32CubeMX version: 6.15.0
2026-02-08 13:53:30,698 [ERROR] AppliInfo:139 - Unknown STM32CubeMX version: 6.15.0
2026-02-08 13:53:30,699 [ERROR] AppliInfo:139 - Unknown STM32CubeMX version: 6.15.0
2026-02-08 13:53:30,699 [ERROR] AppliInfo:139 - Unknown STM32CubeMX version: 6.15.0
2026-02-08 13:53:30,699 [ERROR] AppliInfo:139 - Unknown STM32CubeMX version: 6.15.0
2026-02-08 13:53:30,700 [ERROR] AppliInfo:139 - Unknown STM32CubeMX version: 6.15.0
2026-02-08 13:53:30,700 [ERROR] AppliInfo:139 - Unknown STM32CubeMX version: 6.15.0
2026-02-08 13:53:32,048 [ERROR] AppliInfo:139 - Unknown STM32CubeMX version: 6.15.0
2026-02-08 13:53:32,048 [ERROR] AppliInfo:139 - Unknown STM32CubeMX version: 6.15.0
2026-02-08 13:53:32,049 [ERROR] AppliInfo:139 - Unknown STM32CubeMX version: 6.15.0
2026-02-08 13:53:32,049 [ERROR] AppliInfo:139 - Unknown STM32CubeMX version: 6.15.0
2026-02-08 13:53:32,049 [ERROR] AppliInfo:139 - Unknown STM32CubeMX version: 6.15.0
2026-02-08 13:53:33,300 [ERROR] AppliInfo:139 - Unknown STM32CubeMX version: 6.15.0
2026-02-08 13:53:33,300 [ERROR] AppliInfo:139 - Unknown STM32CubeMX version: 6.15.0
2026-02-08 13:53:33,301 [ERROR] AppliInfo:139 - Unknown STM32CubeMX version: 6.15.0
2026-02-08 13:53:33,301 [ERROR] AppliInfo:139 - Unknown STM32CubeMX version: 6.15.0
2026-02-08 13:53:33,301 [ERROR] AppliInfo:139 - Unknown STM32CubeMX version: 6.15.0
2026-02-08 13:53:34,595 [ERROR] AppliInfo:139 - Unknown STM32CubeMX version: 6.15.0
2026-02-08 13:53:34,595 [ERROR] AppliInfo:139 - Unknown STM32CubeMX version: 6.15.0
2026-02-08 13:53:34,595 [ERROR] AppliInfo:139 - Unknown STM32CubeMX version: 6.15.0
2026-02-08 13:53:34,595 [ERROR] AppliInfo:139 - Unknown STM32CubeMX version: 6.15.0
2026-02-08 13:53:34,595 [ERROR] AppliInfo:139 - Unknown STM32CubeMX version: 6.15.0
2026-02-08 13:53:34,596 [ERROR] AppliInfo:139 - Unknown STM32CubeMX version: 6.15.0
2026-02-08 13:53:35,904 [ERROR] AppliInfo:139 - Unknown STM32CubeMX version: 6.15.0
2026-02-08 13:53:35,904 [ERROR] AppliInfo:139 - Unknown STM32CubeMX version: 6.15.0
2026-02-08 13:53:35,905 [ERROR] AppliInfo:139 - Unknown STM32CubeMX version: 6.15.0
2026-02-08 13:53:35,905 [ERROR] AppliInfo:139 - Unknown STM32CubeMX version: 6.15.0
2026-02-08 13:53:35,905 [ERROR] AppliInfo:139 - Unknown STM32CubeMX version: 6.15.0
2026-02-08 13:53:35,905 [ERROR] AppliInfo:139 - Unknown STM32CubeMX version: 6.15.0
2026-02-08 13:53:37,166 [ERROR] AppliInfo:139 - Unknown STM32CubeMX version: 6.15.0
2026-02-08 13:53:37,167 [ERROR] AppliInfo:139 - Unknown STM32CubeMX version: 6.15.0
2026-02-08 13:53:37,167 [ERROR] AppliInfo:139 - Unknown STM32CubeMX version: 6.15.0
2026-02-08 13:53:37,167 [ERROR] AppliInfo:139 - Unknown STM32CubeMX version: 6.15.0
2026-02-08 13:53:37,167 [ERROR] AppliInfo:139 - Unknown STM32CubeMX version: 6.15.0
2026-02-08 13:53:38,450 [ERROR] AppliInfo:139 - Unknown STM32CubeMX version: 6.15.0
2026-02-08 13:53:38,451 [ERROR] AppliInfo:139 - Unknown STM32CubeMX version: 6.15.0
2026-02-08 13:53:38,451 [ERROR] AppliInfo:139 - Unknown STM32CubeMX version: 6.15.0
2026-02-08 13:53:38,451 [ERROR] AppliInfo:139 - Unknown STM32CubeMX version: 6.15.0
2026-02-08 13:53:38,451 [ERROR] AppliInfo:139 - Unknown STM32CubeMX version: 6.15.0
2026-02-08 13:53:38,451 [ERROR] AppliInfo:139 - Unknown STM32CubeMX version: 6.15.0
2026-02-08 13:53:39,733 [ERROR] AppliInfo:139 - Unknown STM32CubeMX version: 6.15.0
2026-02-08 13:53:39,733 [ERROR] AppliInfo:139 - Unknown STM32CubeMX version: 6.15.0
2026-02-08 13:53:39,734 [ERROR] AppliInfo:139 - Unknown STM32CubeMX version: 6.15.0
2026-02-08 13:53:39,734 [ERROR] AppliInfo:139 - Unknown STM32CubeMX version: 6.15.0
2026-02-08 13:53:39,734 [ERROR] AppliInfo:139 - Unknown STM32CubeMX version: 6.15.0
2026-02-08 13:53:41,069 [ERROR] AppliInfo:139 - Unknown STM32CubeMX version: 6.15.0
2026-02-08 13:53:41,070 [ERROR] AppliInfo:139 - Unknown STM32CubeMX version: 6.15.0
2026-02-08 13:53:41,070 [ERROR] AppliInfo:139 - Unknown STM32CubeMX version: 6.15.0
2026-02-08 13:53:41,070 [ERROR] AppliInfo:139 - Unknown STM32CubeMX version: 6.15.0
2026-02-08 13:53:41,071 [ERROR] AppliInfo:139 - Unknown STM32CubeMX version: 6.15.0
2026-02-08 13:53:41,071 [ERROR] AppliInfo:139 - Unknown STM32CubeMX version: 6.15.0
2026-02-08 13:53:42,334 [ERROR] AppliInfo:139 - Unknown STM32CubeMX version: 6.15.0
2026-02-08 13:53:42,335 [ERROR] AppliInfo:139 - Unknown STM32CubeMX version: 6.15.0
2026-02-08 13:53:42,335 [ERROR] AppliInfo:139 - Unknown STM32CubeMX version: 6.15.0
2026-02-08 13:53:42,335 [ERROR] AppliInfo:139 - Unknown STM32CubeMX version: 6.15.0
2026-02-08 13:53:42,335 [ERROR] AppliInfo:139 - Unknown STM32CubeMX version: 6.15.0
2026-02-08 13:53:42,335 [ERROR] AppliInfo:139 - Unknown STM32CubeMX version: 6.15.0
2026-02-08 13:53:43,588 [ERROR] AppliInfo:139 - Unknown STM32CubeMX version: 6.15.0
2026-02-08 13:53:43,589 [ERROR] AppliInfo:139 - Unknown STM32CubeMX version: 6.15.0
2026-02-08 13:53:43,589 [ERROR] AppliInfo:139 - Unknown STM32CubeMX version: 6.15.0
2026-02-08 13:53:43,589 [ERROR] AppliInfo:139 - Unknown STM32CubeMX version: 6.15.0
2026-02-08 13:53:43,589 [ERROR] AppliInfo:139 - Unknown STM32CubeMX version: 6.15.0
2026-02-08 13:53:43,589 [ERROR] AppliInfo:139 - Unknown STM32CubeMX version: 6.15.0
2026-02-08 13:53:44,898 [ERROR] AppliInfo:139 - Unknown STM32CubeMX version: 6.15.0
2026-02-08 13:53:44,898 [ERROR] AppliInfo:139 - Unknown STM32CubeMX version: 6.15.0
2026-02-08 13:53:44,898 [ERROR] AppliInfo:139 - Unknown STM32CubeMX version: 6.15.0
2026-02-08 13:53:44,898 [ERROR] AppliInfo:139 - Unknown STM32CubeMX version: 6.15.0
2026-02-08 13:53:44,899 [ERROR] AppliInfo:139 - Unknown STM32CubeMX version: 6.15.0
2026-02-08 13:53:46,203 [ERROR] AppliInfo:139 - Unknown STM32CubeMX version: 6.15.0
2026-02-08 13:53:46,203 [ERROR] AppliInfo:139 - Unknown STM32CubeMX version: 6.15.0
2026-02-08 13:53:46,203 [ERROR] AppliInfo:139 - Unknown STM32CubeMX version: 6.15.0
2026-02-08 13:53:46,203 [ERROR] AppliInfo:139 - Unknown STM32CubeMX version: 6.15.0
2026-02-08 13:53:46,203 [ERROR] AppliInfo:139 - Unknown STM32CubeMX version: 6.15.0
2026-02-08 13:53:47,465 [ERROR] AppliInfo:139 - Unknown STM32CubeMX version: 6.15.0
2026-02-08 13:53:47,466 [ERROR] AppliInfo:139 - Unknown STM32CubeMX version: 6.15.0
2026-02-08 13:53:47,466 [ERROR] AppliInfo:139 - Unknown STM32CubeMX version: 6.15.0
2026-02-08 13:53:47,467 [ERROR] AppliInfo:139 - Unknown STM32CubeMX version: 6.15.0
2026-02-08 13:53:47,467 [ERROR] AppliInfo:139 - Unknown STM32CubeMX version: 6.15.0
2026-02-08 13:53:47,467 [ERROR] AppliInfo:139 - Unknown STM32CubeMX version: 6.15.0
2026-02-08 13:53:49,114 [ERROR] AppliInfo:139 - Unknown STM32CubeMX version: 6.15.0
2026-02-08 13:53:49,114 [ERROR] AppliInfo:139 - Unknown STM32CubeMX version: 6.15.0
2026-02-08 13:53:49,115 [ERROR] AppliInfo:139 - Unknown STM32CubeMX version: 6.15.0
2026-02-08 13:53:49,115 [ERROR] AppliInfo:139 - Unknown STM32CubeMX version: 6.15.0
2026-02-08 13:53:49,115 [ERROR] AppliInfo:139 - Unknown STM32CubeMX version: 6.15.0
2026-02-08 13:53:49,115 [ERROR] AppliInfo:139 - Unknown STM32CubeMX version: 6.15.0
2026-02-08 13:53:51,519 [ERROR] AppliInfo:139 - Unknown STM32CubeMX version: 6.15.0
2026-02-08 13:53:51,520 [ERROR] AppliInfo:139 - Unknown STM32CubeMX version: 6.15.0
2026-02-08 13:53:51,520 [ERROR] AppliInfo:139 - Unknown STM32CubeMX version: 6.15.0
2026-02-08 13:53:51,521 [ERROR] AppliInfo:139 - Unknown STM32CubeMX version: 6.15.0
2026-02-08 13:53:51,521 [ERROR] AppliInfo:139 - Unknown STM32CubeMX version: 6.15.0
2026-02-08 13:53:53,462 [ERROR] AppliInfo:139 - Unknown STM32CubeMX version: 6.15.0
2026-02-08 13:53:53,462 [ERROR] AppliInfo:139 - Unknown STM32CubeMX version: 6.15.0
2026-02-08 13:53:53,463 [ERROR] AppliInfo:139 - Unknown STM32CubeMX version: 6.15.0
2026-02-08 13:53:53,463 [ERROR] AppliInfo:139 - Unknown STM32CubeMX version: 6.15.0
2026-02-08 13:53:53,463 [ERROR] AppliInfo:139 - Unknown STM32CubeMX version: 6.15.0
2026-02-08 13:53:53,463 [ERROR] AppliInfo:139 - Unknown STM32CubeMX version: 6.15.0
2026-02-08 13:53:54,788 [ERROR] AppliInfo:139 - Unknown STM32CubeMX version: 6.15.0
2026-02-08 13:53:54,788 [ERROR] AppliInfo:139 - Unknown STM32CubeMX version: 6.15.0
2026-02-08 13:53:54,788 [ERROR] AppliInfo:139 - Unknown STM32CubeMX version: 6.15.0
2026-02-08 13:53:54,789 [ERROR] AppliInfo:139 - Unknown STM32CubeMX version: 6.15.0
2026-02-08 13:53:54,789 [ERROR] AppliInfo:139 - Unknown STM32CubeMX version: 6.15.0
2026-02-08 13:53:56,454 [ERROR] AppliInfo:139 - Unknown STM32CubeMX version: 6.15.0
2026-02-08 13:53:56,455 [ERROR] AppliInfo:139 - Unknown STM32CubeMX version: 6.15.0
2026-02-08 13:53:56,455 [ERROR] AppliInfo:139 - Unknown STM32CubeMX version: 6.15.0
2026-02-08 13:53:56,455 [ERROR] AppliInfo:139 - Unknown STM32CubeMX version: 6.15.0
2026-02-08 13:53:56,455 [ERROR] AppliInfo:139 - Unknown STM32CubeMX version: 6.15.0
2026-02-08 13:53:58,395 [ERROR] AppliInfo:139 - Unknown STM32CubeMX version: 6.15.0
2026-02-08 13:53:58,396 [ERROR] AppliInfo:139 - Unknown STM32CubeMX version: 6.15.0
2026-02-08 13:53:58,396 [ERROR] AppliInfo:139 - Unknown STM32CubeMX version: 6.15.0
2026-02-08 13:53:58,396 [ERROR] AppliInfo:139 - Unknown STM32CubeMX version: 6.15.0
2026-02-08 13:53:58,396 [ERROR] AppliInfo:139 - Unknown STM32CubeMX version: 6.15.0
2026-02-08 13:53:58,396 [ERROR] AppliInfo:139 - Unknown STM32CubeMX version: 6.15.0
2026-02-08 13:53:59,656 [ERROR] AppliInfo:139 - Unknown STM32CubeMX version: 6.15.0
2026-02-08 13:53:59,657 [ERROR] AppliInfo:139 - Unknown STM32CubeMX version: 6.15.0
2026-02-08 13:53:59,657 [ERROR] AppliInfo:139 - Unknown STM32CubeMX version: 6.15.0
2026-02-08 13:53:59,657 [ERROR] AppliInfo:139 - Unknown STM32CubeMX version: 6.15.0
2026-02-08 13:53:59,657 [ERROR] AppliInfo:139 - Unknown STM32CubeMX version: 6.15.0
2026-02-08 13:53:59,657 [ERROR] AppliInfo:139 - Unknown STM32CubeMX version: 6.15.0
2026-02-08 13:54:02,098 [ERROR] AppliInfo:139 - Unknown STM32CubeMX version: 6.15.0
2026-02-08 13:54:02,098 [ERROR] AppliInfo:139 - Unknown STM32CubeMX version: 6.15.0
2026-02-08 13:54:02,099 [ERROR] AppliInfo:139 - Unknown STM32CubeMX version: 6.15.0
2026-02-08 13:54:02,099 [ERROR] AppliInfo:139 - Unknown STM32CubeMX version: 6.15.0
2026-02-08 13:54:02,099 [ERROR] AppliInfo:139 - Unknown STM32CubeMX version: 6.15.0
2026-02-08 13:54:02,099 [ERROR] AppliInfo:139 - Unknown STM32CubeMX version: 6.15.0
2026-02-08 13:54:04,420 [ERROR] AppliInfo:139 - Unknown STM32CubeMX version: 6.15.0
2026-02-08 13:54:04,421 [ERROR] AppliInfo:139 - Unknown STM32CubeMX version: 6.15.0
2026-02-08 13:54:04,421 [ERROR] AppliInfo:139 - Unknown STM32CubeMX version: 6.15.0
2026-02-08 13:54:04,421 [ERROR] AppliInfo:139 - Unknown STM32CubeMX version: 6.15.0
2026-02-08 13:54:04,421 [ERROR] AppliInfo:139 - Unknown STM32CubeMX version: 6.15.0
2026-02-08 13:54:08,537 [ERROR] AppliInfo:139 - Unknown STM32CubeMX version: 6.15.0
2026-02-08 13:54:08,537 [ERROR] AppliInfo:139 - Unknown STM32CubeMX version: 6.15.0
2026-02-08 13:54:08,538 [ERROR] AppliInfo:139 - Unknown STM32CubeMX version: 6.15.0
2026-02-08 13:54:08,538 [ERROR] AppliInfo:139 - Unknown STM32CubeMX version: 6.15.0
2026-02-08 13:54:08,538 [ERROR] AppliInfo:139 - Unknown STM32CubeMX version: 6.15.0
2026-02-08 13:54:10,927 [ERROR] AppliInfo:139 - Unknown STM32CubeMX version: 6.15.0
2026-02-08 13:54:46,062 [ERROR] LogOutputStream:75 - [STDERR_REDIRECT] Exception in thread "D3D Screen Updater" java.lang.OutOfMemoryErrorException in thread "JNA Cleaner" Exception in thread "Active Thread: Equinox Container: c5d16977-4208-4e42-9212-44e355182367" Exception in thread "AWT-EventQueue-0" java.lang.OutOfMemoryError: Java heap space
2026-02-08 13:54:46,063 [ERROR] LogOutputStream:75 - [STDERR_REDIRECT] Exception in thread "Thread-13" java.lang.OutOfMemoryError: Java heap space
2026-02-08 13:54:55,296 [ERROR] LogOutputStream:75 - [STDERR_REDIRECT] 	at java.desjava.lang.OutOfMemoryError: Java heap space
2026-02-08 13:54:55,297 [ERROR] LogOutputStream:75 - [STDERR_REDIRECT] java.lang.OutOfMemoryError: Java heap space
2026-02-08 13:54:55,297 [ERROR] LogOutputStream:75 - [STDERR_REDIRECT] java.lang.OutOfMemoryError: Java heap space
2026-02-08 13:54:55,299 [ERROR] LogOutputStream:75 - [STDERR_REDIRECT] Exception in thread "Serial Ports Filter" java.lang.OutOfMemoryError: Java heap space
2026-02-08 14:05:15,122 [INFO] Activator:176 - 


2026-02-08 14:05:15,137 [INFO] Activator:177 - !SESSION log4j initialized
2026-02-08 14:05:26,441 [INFO] LogOutputStream:77 - [STDOUT_REDIRECT] 
2026-02-08 14:05:29,680 [INFO] ApplicationProperties:184 - Using Application install path: D:\ST\STM32CubeIDE_1.9.0\STM32CubeIDE\plugins\com.st.stm32cube.common.mx_6.9.0.202307051724
2026-02-08 14:05:29,743 [INFO] DbMcusXml:78 - Set database path to: D:\ST\STM32CubeIDE_1.9.0\STM32CubeIDE\plugins\com.st.stm32cube.common.mx_6.9.0.202307051724\\db\/mcu/
2026-02-08 14:05:29,743 [INFO] ApiDb:274 - Set plugin database path to: D:\ST\STM32CubeIDE_1.9.0\STM32CubeIDE\plugins\com.st.stm32cube.common.mx_6.9.0.202307051724\\db\/plugins/boardmanager/
2026-02-08 14:05:29,743 [WARN] ApiDb:259 - Overriding images path with different value:  => D:\ST\STM32CubeIDE_1.9.0\STM32CubeIDE\plugins\com.st.stm32cube.common.mx_6.9.0.202307051724\\db\/plugins/mcufinder/images/
2026-02-08 14:05:29,763 [INFO] ApiDb:250 - Set database path to: C:\Users\soumy\.stmcufinder\plugins\mcufinder//mcu/
2026-02-08 14:05:29,764 [INFO] DbMcusAds:125 - Set database path to: C:\Users\soumy\.stmcufinder\plugins\mcufinder//mcu/
2026-02-08 14:05:29,765 [INFO] CrossReferenceDbSqlite:203 - Set database path to: C:\Users\soumy\.stmcufinder\plugins\mcufinder//mcu/cs/
2026-02-08 14:05:29,885 [INFO] RulesReader:64 - Compatibility file has been processed (293 Rules)
2026-02-08 14:05:30,100 [INFO] DbMcusXml:78 - Set database path to: D:\ST\STM32CubeIDE_1.9.0\STM32CubeIDE\plugins\com.st.stm32cube.common.mx_6.9.0.202307051724\\db\/mcu/
2026-02-08 14:05:30,100 [INFO] ApiDb:274 - Set plugin database path to: D:\ST\STM32CubeIDE_1.9.0\STM32CubeIDE\plugins\com.st.stm32cube.common.mx_6.9.0.202307051724\\db\/plugins/boardmanager/
2026-02-08 14:05:30,100 [INFO] ApiDb:261 - Set plugin images path to: D:\ST\STM32CubeIDE_1.9.0\STM32CubeIDE\plugins\com.st.stm32cube.common.mx_6.9.0.202307051724\\db\/plugins/mcufinder/images/
2026-02-08 14:05:30,100 [WARN] DbFile:41 - Overriding database path with different value: C:\Users\soumy\.stmcufinder\plugins\mcufinder/ => C:\Users\soumy\.stmcufinder\plugins\mcufinder
2026-02-08 14:05:30,100 [INFO] ApiDb:250 - Set database path to: C:\Users\soumy\.stmcufinder\plugins\mcufinder//mcu/
2026-02-08 14:05:30,100 [WARN] DbFile:41 - Overriding database path with different value: C:\Users\soumy\.stmcufinder\plugins\mcufinder/ => C:\Users\soumy\.stmcufinder\plugins\mcufinder
2026-02-08 14:05:30,100 [INFO] DbMcusAds:125 - Set database path to: C:\Users\soumy\.stmcufinder\plugins\mcufinder//mcu/
2026-02-08 14:05:30,101 [WARN] DbFile:41 - Overriding database path with different value: C:\Users\soumy\.stmcufinder\plugins\mcufinder/ => C:\Users\soumy\.stmcufinder\plugins\mcufinder
2026-02-08 14:05:30,101 [WARN] DbFile:41 - Overriding database path with different value: C:\Users\soumy\.stmcufinder\plugins\mcufinder/ => C:\Users\soumy\.stmcufinder\plugins\mcufinder
2026-02-08 14:05:30,101 [INFO] CrossReferenceDbSqlite:203 - Set database path to: C:\Users\soumy\.stmcufinder\plugins\mcufinder//mcu/cs/
2026-02-08 14:05:30,387 [INFO] MainPanel:262 - HeapMemory: 268435456
2026-02-08 14:05:30,789 [INFO] DbMcusXml:78 - Set database path to: D:\ST\STM32CubeIDE_1.9.0\STM32CubeIDE\plugins\com.st.stm32cube.common.mx_6.9.0.202307051724\\db\/mcu/
2026-02-08 14:05:30,789 [INFO] ApiDb:274 - Set plugin database path to: D:\ST\STM32CubeIDE_1.9.0\STM32CubeIDE\plugins\com.st.stm32cube.common.mx_6.9.0.202307051724\\db\/plugins/boardmanager/
2026-02-08 14:05:30,789 [INFO] ApiDb:261 - Set plugin images path to: D:\ST\STM32CubeIDE_1.9.0\STM32CubeIDE\plugins\com.st.stm32cube.common.mx_6.9.0.202307051724\\db\/plugins/mcufinder/images/
2026-02-08 14:05:30,790 [WARN] DbFile:41 - Overriding database path with different value: C:\Users\soumy\.stmcufinder\plugins\mcufinder/ => C:\Users\soumy\.stmcufinder\plugins\mcufinder
2026-02-08 14:05:30,790 [INFO] ApiDb:250 - Set database path to: C:\Users\soumy\.stmcufinder\plugins\mcufinder//mcu/
2026-02-08 14:05:30,790 [WARN] DbFile:41 - Overriding database path with different value: C:\Users\soumy\.stmcufinder\plugins\mcufinder/ => C:\Users\soumy\.stmcufinder\plugins\mcufinder
2026-02-08 14:05:30,790 [INFO] DbMcusAds:125 - Set database path to: C:\Users\soumy\.stmcufinder\plugins\mcufinder//mcu/
2026-02-08 14:05:30,790 [WARN] DbFile:41 - Overriding database path with different value: C:\Users\soumy\.stmcufinder\plugins\mcufinder/ => C:\Users\soumy\.stmcufinder\plugins\mcufinder
2026-02-08 14:05:30,790 [WARN] DbFile:41 - Overriding database path with different value: C:\Users\soumy\.stmcufinder\plugins\mcufinder/ => C:\Users\soumy\.stmcufinder\plugins\mcufinder
2026-02-08 14:05:30,791 [INFO] CrossReferenceDbSqlite:203 - Set database path to: C:\Users\soumy\.stmcufinder\plugins\mcufinder//mcu/cs/
2026-02-08 14:05:30,819 [INFO] ApplicationProperties:184 - Using Application install path: D:\ST\STM32CubeIDE_1.9.0\STM32CubeIDE\plugins\com.st.stm32cube.common.mx_6.9.0.202307051724
2026-02-08 14:05:30,820 [INFO] PluginManage:196 - Search for loadable plugins [exclusion list=, ]
2026-02-08 14:05:30,822 [INFO] PluginManage:310 - Check plugin analytics
2026-02-08 14:05:31,066 [INFO] AnalyticsPlugin:253 - Accepted Software Licenses: STM32CubeMX.6.15.0
2026-02-08 14:05:31,067 [INFO] AnalyticsPlugin:255 - Accepted CMSIS Pack Licenses: 
2026-02-08 14:05:31,067 [INFO] AnalyticsPlugin:257 - Accepted Firmware Licenses: FW.F4.1.28.0,FW.H5.1.5.0,FW.F4.1.27.0
2026-02-08 14:05:31,071 [INFO] PluginManage:359 - Loaded plugin analytics (category:tool,tabindex:-1)
2026-02-08 14:05:31,071 [INFO] PluginManage:310 - Check plugin cadmodel
2026-02-08 14:05:31,148 [INFO] CADModel:105 - Init CAD model plugin
2026-02-08 14:05:31,148 [INFO] PluginManage:359 - Loaded plugin cadmodel (category:power,tabindex:5)
2026-02-08 14:05:31,148 [INFO] PluginManage:310 - Check plugin clock
2026-02-08 14:05:31,193 [INFO] PluginManage:359 - Loaded plugin clock (category:base,tabindex:2)
2026-02-08 14:05:31,193 [INFO] PluginManage:310 - Check plugin ddr
2026-02-08 14:05:31,213 [INFO] PluginManage:359 - Loaded plugin ddr (category:tool,tabindex:6)
2026-02-08 14:05:31,213 [INFO] PluginManage:310 - Check plugin filemanager
2026-02-08 14:05:31,598 [INFO] PluginManage:359 - Loaded plugin filemanager (category:base,tabindex:10)
2026-02-08 14:05:31,598 [INFO] PluginManage:310 - Check plugin ipmanager
2026-02-08 14:05:31,624 [INFO] PluginManage:359 - Loaded plugin ipmanager (category:base,tabindex:5)
2026-02-08 14:05:31,625 [INFO] PluginManage:310 - Check plugin lpbam
2026-02-08 14:05:31,648 [INFO] PluginManage:359 - Loaded plugin lpbam (category:base,tabindex:0)
2026-02-08 14:05:31,648 [INFO] PluginManage:310 - Check plugin memorymap
2026-02-08 14:05:31,709 [INFO] PluginManage:359 - Loaded plugin memorymap (category:base,tabindex:4)
2026-02-08 14:05:31,709 [INFO] PluginManage:310 - Check plugin pinoutandconfiguration
2026-02-08 14:05:31,753 [INFO] PluginManage:359 - Loaded plugin pinoutandconfiguration (category:base,tabindex:1)
2026-02-08 14:05:31,753 [INFO] PluginManage:310 - Check plugin pinoutconfig
2026-02-08 14:05:31,984 [WARN] SupportedApi:132 - Cannot load RTOS API schema: s4s-elt-must-match.1: The content of 'definitions' must match (annotation?, (simpleType | complexType)?, (unique | key | keyref)*)). A problem was found starting at: attribute.
2026-02-08 14:05:32,164 [INFO] PluginManage:359 - Loaded plugin pinoutconfig (category:base,tabindex:0)
2026-02-08 14:05:32,164 [INFO] PluginManage:310 - Check plugin power
2026-02-08 14:05:32,201 [INFO] PluginManage:359 - Loaded plugin power (category:power,tabindex:4)
2026-02-08 14:05:32,202 [INFO] PluginManage:310 - Check plugin projectmanager
2026-02-08 14:05:32,248 [INFO] PluginManage:359 - Loaded plugin projectmanager (category:projectmanager,tabindex:3)
2026-02-08 14:05:32,248 [INFO] PluginManage:310 - Check plugin thirdparty
2026-02-08 14:05:32,517 [INFO] PluginManage:359 - Loaded plugin thirdparty (category:base,tabindex:-1)
2026-02-08 14:05:32,517 [INFO] PluginManage:310 - Check plugin tools
2026-02-08 14:05:32,517 [WARN] IntegrityCheckThread:84 - waiting for thirdparty lock release [integrity check]
2026-02-08 14:05:32,518 [INFO] IntegrityCheckThread:86 - entering critical section [integrity check]
2026-02-08 14:05:32,518 [INFO] ThirdPartyUpdaterWithRetryManager:70 - Updater plugin not ready yet. [1/15]
2026-02-08 14:05:32,535 [INFO] PluginManage:359 - Loaded plugin tools (category:base,tabindex:7)
2026-02-08 14:05:32,535 [INFO] PluginManage:310 - Check plugin tutovideos
2026-02-08 14:05:32,772 [INFO] PluginManage:359 - Loaded plugin tutovideos (category:base,tabindex:-1)
2026-02-08 14:05:32,773 [INFO] PluginManage:310 - Check plugin updater
2026-02-08 14:05:32,799 [INFO] PluginManage:359 - Loaded plugin updater (category:base,tabindex:12)
2026-02-08 14:05:32,799 [INFO] PluginManage:310 - Check plugin userauth
2026-02-08 14:05:32,828 [INFO] UserAuth:113 - Init User Auth plugin
2026-02-08 14:05:32,828 [INFO] PluginManage:359 - Loaded plugin userauth (category:base,tabindex:14)
2026-02-08 14:05:32,828 [INFO] PluginManage:283 - PluginManage : Loaded plugins [17]
2026-02-08 14:05:33,503 [INFO] PinOutPanel:1499 - setPackage(No Configuration,No Configuration)
2026-02-08 14:05:33,676 [INFO] CADModel:165 - CPN selected for project level
2026-02-08 14:05:33,676 [INFO] CADModel:114 - Register for checkConnection events
2026-02-08 14:05:33,719 [INFO] IPUIPlugin:80 - create IPUIPlugin
2026-02-08 14:05:33,719 [INFO] PluginManager:220 - loadIPPluginJar : add adc
2026-02-08 14:05:33,741 [INFO] IPUIPlugin:80 - create IPUIPlugin
2026-02-08 14:05:33,741 [INFO] PluginManager:220 - loadIPPluginJar : add aes
2026-02-08 14:05:33,753 [INFO] IPUIPlugin:80 - create IPUIPlugin
2026-02-08 14:05:33,753 [INFO] PluginManager:220 - loadIPPluginJar : add can
2026-02-08 14:05:33,772 [INFO] IPUIPlugin:80 - create IPUIPlugin
2026-02-08 14:05:33,772 [INFO] PluginManager:220 - loadIPPluginJar : add comp
2026-02-08 14:05:33,787 [INFO] IPUIPlugin:80 - create IPUIPlugin
2026-02-08 14:05:33,787 [INFO] PluginManager:220 - loadIPPluginJar : add cryp
2026-02-08 14:05:33,790 [INFO] IPUIPlugin:80 - create IPUIPlugin
2026-02-08 14:05:33,790 [INFO] PluginManager:220 - loadIPPluginJar : add dfsdm
2026-02-08 14:05:33,808 [INFO] IPUIPlugin:80 - create IPUIPlugin
2026-02-08 14:05:33,826 [INFO] PluginManager:220 - loadIPPluginJar : add dma
2026-02-08 14:05:33,828 [INFO] IPUIPlugin:80 - create IPUIPlugin
2026-02-08 14:05:33,828 [INFO] PluginManager:220 - loadIPPluginJar : add dma3
2026-02-08 14:05:33,844 [INFO] IPUIPlugin:80 - create IPUIPlugin
2026-02-08 14:05:33,844 [INFO] PluginManager:220 - loadIPPluginJar : add fatfs
2026-02-08 14:05:33,857 [INFO] IPUIPlugin:80 - create IPUIPlugin
2026-02-08 14:05:33,857 [INFO] PluginManager:220 - loadIPPluginJar : add fmc
2026-02-08 14:05:33,884 [INFO] IPUIPlugin:80 - create IPUIPlugin
2026-02-08 14:05:33,885 [INFO] PluginManager:220 - loadIPPluginJar : add freertos
2026-02-08 14:05:33,903 [INFO] IPUIPlugin:80 - create IPUIPlugin
2026-02-08 14:05:33,903 [INFO] PluginManager:220 - loadIPPluginJar : add genericplugin
2026-02-08 14:05:33,906 [INFO] IPUIPlugin:80 - create IPUIPlugin
2026-02-08 14:05:33,906 [INFO] PluginManager:220 - loadIPPluginJar : add gfxmmu
2026-02-08 14:05:33,916 [INFO] IPUIPlugin:80 - create IPUIPlugin
2026-02-08 14:05:33,916 [INFO] PluginManager:220 - loadIPPluginJar : add gic
2026-02-08 14:05:33,929 [INFO] IPUIPlugin:80 - create IPUIPlugin
2026-02-08 14:05:33,929 [INFO] PluginManager:220 - loadIPPluginJar : add gpio
2026-02-08 14:05:33,948 [INFO] IPUIPlugin:80 - create IPUIPlugin
2026-02-08 14:05:33,948 [INFO] PluginManager:220 - loadIPPluginJar : add gtzc
2026-02-08 14:05:33,951 [INFO] IPUIPlugin:80 - create IPUIPlugin
2026-02-08 14:05:33,951 [INFO] PluginManager:220 - loadIPPluginJar : add hash
2026-02-08 14:05:33,958 [INFO] IPUIPlugin:80 - create IPUIPlugin
2026-02-08 14:05:33,958 [INFO] PluginManager:220 - loadIPPluginJar : add i2c
2026-02-08 14:05:33,970 [INFO] IPUIPlugin:80 - create IPUIPlugin
2026-02-08 14:05:33,970 [INFO] PluginManager:220 - loadIPPluginJar : add i2s
2026-02-08 14:05:33,987 [INFO] IPUIPlugin:80 - create IPUIPlugin
2026-02-08 14:05:33,987 [INFO] PluginManager:220 - loadIPPluginJar : add i3c
2026-02-08 14:05:34,009 [INFO] IPUIPlugin:80 - create IPUIPlugin
2026-02-08 14:05:34,009 [INFO] PluginManager:220 - loadIPPluginJar : add ipddr
2026-02-08 14:05:34,039 [INFO] IPUIPlugin:80 - create IPUIPlugin
2026-02-08 14:05:34,039 [INFO] PluginManager:220 - loadIPPluginJar : add linkedlist
2026-02-08 14:05:34,056 [INFO] IPUIPlugin:80 - create IPUIPlugin
2026-02-08 14:05:34,056 [INFO] PluginManager:220 - loadIPPluginJar : add lorawan
2026-02-08 14:05:34,057 [INFO] IPUIPlugin:80 - create IPUIPlugin
2026-02-08 14:05:34,057 [INFO] PluginManager:220 - loadIPPluginJar : add ltdc
2026-02-08 14:05:34,075 [INFO] IPUIPlugin:80 - create IPUIPlugin
2026-02-08 14:05:34,075 [INFO] PluginManager:220 - loadIPPluginJar : add mdma
2026-02-08 14:05:34,091 [INFO] IPUIPlugin:80 - create IPUIPlugin
2026-02-08 14:05:34,091 [INFO] PluginManager:220 - loadIPPluginJar : add nvic
2026-02-08 14:05:34,108 [INFO] IPUIPlugin:80 - create IPUIPlugin
2026-02-08 14:05:34,108 [INFO] PluginManager:220 - loadIPPluginJar : add opamp
2026-02-08 14:05:34,111 [INFO] IPUIPlugin:80 - create IPUIPlugin
2026-02-08 14:05:34,111 [INFO] PluginManager:220 - loadIPPluginJar : add openamp
2026-02-08 14:05:34,127 [INFO] IPUIPlugin:80 - create IPUIPlugin
2026-02-08 14:05:34,127 [INFO] PluginManager:220 - loadIPPluginJar : add pdm2pcm
2026-02-08 14:05:34,146 [INFO] IPUIPlugin:80 - create IPUIPlugin
2026-02-08 14:05:34,147 [INFO] PluginManager:220 - loadIPPluginJar : add plateformsettings
2026-02-08 14:05:34,159 [INFO] IPUIPlugin:80 - create IPUIPlugin
2026-02-08 14:05:34,159 [INFO] PluginManager:220 - loadIPPluginJar : add quadspi
2026-02-08 14:05:34,186 [INFO] IPUIPlugin:80 - create IPUIPlugin
2026-02-08 14:05:34,186 [INFO] PluginManager:220 - loadIPPluginJar : add resmgrutility
2026-02-08 14:05:34,198 [INFO] IPUIPlugin:80 - create IPUIPlugin
2026-02-08 14:05:34,198 [INFO] PluginManager:220 - loadIPPluginJar : add sai
2026-02-08 14:05:34,208 [INFO] IPUIPlugin:80 - create IPUIPlugin
2026-02-08 14:05:34,209 [INFO] PluginManager:220 - loadIPPluginJar : add spi
2026-02-08 14:05:34,239 [INFO] IPUIPlugin:80 - create IPUIPlugin
2026-02-08 14:05:34,239 [INFO] PluginManager:220 - loadIPPluginJar : add stm32_wpan
2026-02-08 14:05:34,254 [INFO] IPUIPlugin:80 - create IPUIPlugin
2026-02-08 14:05:34,254 [INFO] PluginManager:220 - loadIPPluginJar : add tim
2026-02-08 14:05:34,270 [INFO] IPUIPlugin:80 - create IPUIPlugin
2026-02-08 14:05:34,270 [INFO] PluginManager:220 - loadIPPluginJar : add touchsensing
2026-02-08 14:05:34,272 [INFO] IPUIPlugin:80 - create IPUIPlugin
2026-02-08 14:05:34,272 [INFO] PluginManager:220 - loadIPPluginJar : add tracer_emb
2026-02-08 14:05:34,274 [INFO] IPUIPlugin:80 - create IPUIPlugin
2026-02-08 14:05:34,274 [INFO] PluginManager:220 - loadIPPluginJar : add ts
2026-02-08 14:05:34,276 [INFO] IPUIPlugin:80 - create IPUIPlugin
2026-02-08 14:05:34,276 [INFO] PluginManager:220 - loadIPPluginJar : add tsc
2026-02-08 14:05:34,277 [INFO] IPUIPlugin:80 - create IPUIPlugin
2026-02-08 14:05:34,277 [INFO] PluginManager:220 - loadIPPluginJar : add ucpd
2026-02-08 14:05:34,279 [INFO] IPUIPlugin:80 - create IPUIPlugin
2026-02-08 14:05:34,280 [INFO] PluginManager:220 - loadIPPluginJar : add usart
2026-02-08 14:05:34,282 [INFO] IPUIPlugin:80 - create IPUIPlugin
2026-02-08 14:05:34,282 [INFO] PluginManager:220 - loadIPPluginJar : add usbx
2026-02-08 14:05:34,426 [INFO] CADModel:165 - CPN selected for project level
2026-02-08 14:05:34,426 [INFO] CADModel:114 - Register for checkConnection events
2026-02-08 14:05:34,426 [FATAL] Updater:308 - Updater called before beeing initialized
2026-02-08 14:05:34,426 [ERROR] CADModel:125 - Updater not yet initialized, retry later 
2026-02-08 14:05:35,005 [INFO] CADModel:165 - CPN selected for project level
2026-02-08 14:05:35,005 [INFO] CADModel:114 - Register for checkConnection events
2026-02-08 14:05:35,005 [FATAL] Updater:308 - Updater called before beeing initialized
2026-02-08 14:05:35,005 [ERROR] CADModel:125 - Updater not yet initialized, retry later 
2026-02-08 14:05:35,020 [FATAL] Updater:308 - Updater called before beeing initialized
2026-02-08 14:05:35,187 [FATAL] Updater:308 - Updater called before beeing initialized
2026-02-08 14:05:35,207 [INFO] DbMcusAds:53 - JSON generation date=Thu Jan 08 21:27:51 IST 2026 (1767887871456)
2026-02-08 14:05:35,207 [FATAL] Updater:308 - Updater called before beeing initialized
2026-02-08 14:05:35,291 [WARN] DetailPanel:346 - Failed to get advertising image, set to default
2026-02-08 14:05:35,384 [FATAL] Updater:308 - Updater called before beeing initialized
2026-02-08 14:05:35,386 [FATAL] Updater:308 - Updater called before beeing initialized
2026-02-08 14:05:35,386 [FATAL] Updater:308 - Updater called before beeing initialized
2026-02-08 14:05:35,386 [WARN] DetailPanel:346 - Failed to get advertising image, set to default
2026-02-08 14:05:35,387 [FATAL] Updater:308 - Updater called before beeing initialized
2026-02-08 14:05:35,438 [ERROR] Updater:1120 - MainUpdater not yet initialized. External WinMGr cannot be set.
2026-02-08 14:05:35,449 [INFO] Updater:1056 - Updater Version found : 6.9.0
2026-02-08 14:05:35,487 [INFO] ApplicationProperties:184 - Using Application install path: D:\ST\STM32CubeIDE_1.9.0\STM32CubeIDE\plugins\com.st.stm32cube.common.mx_6.9.0.202307051724
2026-02-08 14:05:35,519 [INFO] ThirdPartyUpdaterWithRetryManager:70 - Updater plugin not ready yet. [2/15]
2026-02-08 14:05:35,656 [INFO] MainUpdater:2868 - connection check result : 10
2026-02-08 14:05:35,657 [INFO] MainUpdater:285 - Updater Check For Update Now.
2026-02-08 14:05:35,657 [INFO] MicroXplorer:498 - Change Database Version : DB.6.0.90
2026-02-08 14:05:35,696 [INFO] McuFinderGlobals:63 - Set McuFinder mode to 2 (CubeIDE integrated)
2026-02-08 14:05:35,833 [INFO] CheckServerUpdateThread:120 - End of CheckServer Thread
2026-02-08 14:05:38,743 [WARN] PackLoader:240 - Cannot read IP mode file for STMicroelectronics.FP-SNS-MOTENVWB1.1.4.0
2026-02-08 14:05:38,750 [WARN] PackLoader:240 - Cannot read IP mode file for STMicroelectronics.FP-ATR-ASTRA1.2.0.2
2026-02-08 14:05:38,756 [WARN] PackLoader:240 - Cannot read IP mode file for STMicroelectronics.X-CUBE-SMBUS.2.1.0
2026-02-08 14:05:38,759 [ERROR] Engine:466 - C:\Users\soumy\.stm32cubemx\thirdparties\pdsc\STMicroelectronics.X-CUBE-ST60.1.0.0.pdsc: PDSC version is not supported
2026-02-08 14:05:38,788 [WARN] PackLoader:240 - Cannot read IP mode file for STMicroelectronics.X-CUBE-AZRTOS-F7.1.1.0
2026-02-08 14:05:38,796 [ERROR] Engine:466 - C:\Users\soumy\.stm32cubemx\thirdparties\pdsc\STMicroelectronics.FP-SNS-MOTENV1.5.1.0.pdsc: PDSC version is not supported
2026-02-08 14:05:38,801 [ERROR] Engine:466 - C:\Users\soumy\.stm32cubemx\thirdparties\pdsc\WES.I-CUBE-Cesium.1.4.0.pdsc: PDSC version is not supported
2026-02-08 14:05:38,809 [ERROR] Engine:466 - C:\Users\soumy\.stm32cubemx\thirdparties\pdsc\Infineon.AIROC-Wi-Fi-Bluetooth-STM32.1.7.1.pdsc: PDSC version is not supported
2026-02-08 14:05:38,845 [WARN] PackLoader:240 - Cannot read IP mode file for STMicroelectronics.X-CUBE-AZRTOS-H7.3.4.0
2026-02-08 14:05:38,860 [WARN] PackLoader:240 - Cannot read IP mode file for STMicroelectronics.X-CUBE-DISPLAY.3.0.0
2026-02-08 14:05:38,875 [WARN] PackLoader:240 - Cannot read IP mode file for STMicroelectronics.X-CUBE-NFC10.1.0.0
2026-02-08 14:05:38,879 [ERROR] Engine:466 - C:\Users\soumy\.stm32cubemx\thirdparties\pdsc\STMicroelectronics.X-CUBE-ST60.1.1.0.pdsc: PDSC version is not supported
2026-02-08 14:05:38,883 [WARN] PackLoader:240 - Cannot read IP mode file for emotas.I-CUBE-CANOPEN.1.3.0
2026-02-08 14:05:38,889 [WARN] PackLoader:240 - Cannot read IP mode file for STMicroelectronics.X-CUBE-GNSS1.7.1.0
2026-02-08 14:05:38,895 [ERROR] Engine:466 - C:\Users\soumy\.stm32cubemx\thirdparties\pdsc\STMicroelectronics.FP-SNS-STBOX1.2.1.0.pdsc: PDSC version is not supported
2026-02-08 14:05:38,899 [WARN] PackLoader:240 - Cannot read IP mode file for STMicroelectronics.FP-SNS-SMARTAG2.1.2.0
2026-02-08 14:05:38,901 [ERROR] Engine:466 - C:\Users\soumy\.stm32cubemx\thirdparties\pdsc\STMicroelectronics.FP-SNS-FLIGHT1.5.1.0.pdsc: PDSC version is not supported
2026-02-08 14:05:38,907 [INFO] LogOutputStream:77 - [STDOUT_REDIRECT] 1 : Invalid condition id : UX_CORESTACK_Condition cause : null
2026-02-08 14:05:38,908 [INFO] LogOutputStream:77 - [STDOUT_REDIRECT] 1 : Invalid condition id : UX_CORESTACK_Condition cause : null
2026-02-08 14:05:38,909 [INFO] LogOutputStream:77 - [STDOUT_REDIRECT] 1 : Invalid condition id : UX_CORESTACK_Condition cause : null
2026-02-08 14:05:38,910 [INFO] LogOutputStream:77 - [STDOUT_REDIRECT] 1 : Invalid condition id : UX_CORESTACK_Condition cause : null
2026-02-08 14:05:38,911 [INFO] LogOutputStream:77 - [STDOUT_REDIRECT] 1 : Invalid condition id : UX_CORESTACK_Condition cause : null
2026-02-08 14:05:38,921 [WARN] PackLoader:240 - Cannot read IP mode file for STMicroelectronics.X-CUBE-AZRTOS-WL.2.0.0
2026-02-08 14:05:38,928 [WARN] PackLoader:240 - Cannot read IP mode file for STMicroelectronics.FP-SNS-MOTENV1.5.0.0
2026-02-08 14:05:38,954 [WARN] PackLoader:240 - Cannot read IP mode file for STMicroelectronics.X-CUBE-AZRTOS-H7RS.1.2.0
2026-02-08 14:05:38,964 [WARN] PackLoader:240 - Cannot read IP mode file for STMicroelectronics.X-CUBE-BLE2.3.3.0
2026-02-08 14:05:38,968 [ERROR] Engine:466 - C:\Users\soumy\.stm32cubemx\thirdparties\pdsc\Avnet-IOTCONNECT.X-CUBE-iotc-st67-sdk.1.0.0.pdsc: PDSC version is not supported
2026-02-08 14:05:38,975 [WARN] PackLoader:240 - Cannot read IP mode file for STMicroelectronics.X-CUBE-NFC9.1.0.0
2026-02-08 14:05:38,981 [WARN] PackLoader:240 - Cannot read IP mode file for wolfSSL.I-CUBE-wolfSSL.5.8.2
2026-02-08 14:05:38,986 [WARN] PackLoader:240 - Cannot read IP mode file for STMicroelectronics.X-CUBE-BLE1.7.1.0
2026-02-08 14:05:38,990 [WARN] PackLoader:240 - Cannot read IP mode file for wolfSSL.I-CUBE-wolfMQTT.1.19.2
2026-02-08 14:05:38,993 [ERROR] Engine:466 - C:\Users\soumy\.stm32cubemx\thirdparties\pdsc\STMicroelectronics.X-CUBE-FREERTOS.1.4.0.pdsc: PDSC version is not supported
2026-02-08 14:05:38,997 [WARN] PackLoader:240 - Cannot read IP mode file for STMicroelectronics.X-CUBE-EEPRMA1.5.2.0
2026-02-08 14:05:39,001 [ERROR] Engine:466 - C:\Users\soumy\.stm32cubemx\thirdparties\pdsc\STMicroelectronics.X-CUBE-ST67W61.1.1.0.pdsc: PDSC version is not supported
2026-02-08 14:05:39,048 [WARN] PackLoader:240 - Cannot read IP mode file for STMicroelectronics.X-CUBE-MEMS1.12.0.0
2026-02-08 14:05:39,134 [WARN] PackLoader:240 - Cannot read IP mode file for STMicroelectronics.X-CUBE-AZRTOS-G0.1.1.0
2026-02-08 14:05:39,143 [WARN] PackLoader:240 - Cannot read IP mode file for STMicroelectronics.X-CUBE-SAFEA1.1.2.2
2026-02-08 14:05:39,151 [WARN] PackLoader:240 - Cannot read IP mode file for STMicroelectronics.X-CUBE-NFC4.3.0.0
2026-02-08 14:05:39,155 [ERROR] Engine:466 - C:\Users\soumy\.stm32cubemx\thirdparties\pdsc\EmbeddedOffice.I-CUBE-FS-RTOS.1.0.1.pdsc: PDSC version is not supported
2026-02-08 14:05:39,161 [WARN] PackLoader:240 - Cannot read IP mode file for STMicroelectronics.X-CUBE-WB05N.2.0.0
2026-02-08 14:05:39,167 [WARN] PackLoader:240 - Cannot read IP mode file for wolfSSL.I-CUBE-wolfTPM.3.8.0
2026-02-08 14:05:39,169 [ERROR] Engine:466 - C:\Users\soumy\.stm32cubemx\thirdparties\pdsc\STMicroelectronics.X-CUBE-TCPP.4.2.0.pdsc: PDSC version is not supported
2026-02-08 14:05:39,172 [ERROR] Engine:466 - C:\Users\soumy\.stm32cubemx\thirdparties\pdsc\RealThread.X-CUBE-RT-Thread_Nano.4.1.1.pdsc: PDSC version is not supported
2026-02-08 14:05:39,176 [WARN] PackLoader:240 - Cannot read IP mode file for STMicroelectronics.FP-ATR-SIGFOX1.3.2.0
2026-02-08 14:05:39,183 [WARN] PackLoader:240 - Cannot read IP mode file for ITTIA_DB.I-CUBE-ITTIADB.8.9.0
2026-02-08 14:05:39,192 [WARN] PackLoader:240 - Cannot read IP mode file for STMicroelectronics.X-CUBE-NFC6.3.2.0
2026-02-08 14:05:39,198 [ERROR] Engine:466 - C:\Users\soumy\.stm32cubemx\thirdparties\pdsc\STMicroelectronics.X-CUBE-ST67W61.1.0.0.pdsc: PDSC version is not supported
2026-02-08 14:05:39,203 [WARN] PackLoader:240 - Cannot read IP mode file for STMicroelectronics.X-CUBE-AI.10.2.0
2026-02-08 14:05:39,250 [WARN] PackLoader:240 - Cannot read IP mode file for SEGGER.I-CUBE-embOS.1.3.1
2026-02-08 14:05:39,298 [WARN] PackLoader:240 - Cannot read IP mode file for STMicroelectronics.X-CUBE-ALGOBUILD.1.4.0
2026-02-08 14:05:39,329 [WARN] PackLoader:240 - Cannot read IP mode file for STMicroelectronics.X-CUBE-MEMS1.11.3.0
2026-02-08 14:05:39,463 [WARN] PackLoader:240 - Cannot read IP mode file for STMicroelectronics.X-CUBE-PM33A1.1.0.0
2026-02-08 14:05:39,474 [WARN] PackLoader:240 - Cannot read IP mode file for STMicroelectronics.X-CUBE-AZRTOS-F4.1.1.0
2026-02-08 14:05:39,477 [ERROR] Engine:466 - C:\Users\soumy\.stm32cubemx\thirdparties\pdsc\Avnet-IotConnect.X-CUBE-IoTC-DA16k-PMOD.1.0.0.pdsc: PDSC version is not supported
2026-02-08 14:05:39,480 [WARN] PackLoader:240 - Cannot read IP mode file for STMicroelectronics.X-CUBE-ISPU.2.1.0
2026-02-08 14:05:39,485 [ERROR] Engine:466 - C:\Users\soumy\.stm32cubemx\thirdparties\pdsc\STMicroelectronics.X-CUBE-IPS.3.2.0.pdsc: PDSC version is not supported
2026-02-08 14:05:39,489 [WARN] PackLoader:240 - Cannot read IP mode file for STMicroelectronics.X-CUBE-NFC12.1.0.0
2026-02-08 14:05:39,504 [WARN] PackLoader:240 - Cannot read IP mode file for STMicroelectronics.X-CUBE-AZRTOS-L5.2.0.0
2026-02-08 14:05:39,512 [WARN] PackLoader:240 - Cannot read IP mode file for STMicroelectronics.X-CUBE-NFC6.3.1.0
2026-02-08 14:05:39,518 [WARN] PackLoader:240 - Cannot read IP mode file for STMicroelectronics.X-CUBE-FREERTOS.1.3.1
2026-02-08 14:05:39,540 [WARN] PackLoader:240 - Cannot read IP mode file for STMicroelectronics.X-CUBE-TOUCHGFX.4.26.0
2026-02-08 14:05:39,543 [ERROR] Engine:466 - C:\Users\soumy\.stm32cubemx\thirdparties\pdsc\STMicroelectronics.FP-SNS-STAIOTCFT.1.0.0.pdsc: PDSC version is not supported
2026-02-08 14:05:39,545 [ERROR] Engine:466 - C:\Users\soumy\.stm32cubemx\thirdparties\pdsc\STMicroelectronics.X-CUBE-DPower.1.3.0.pdsc: PDSC version is not supported
2026-02-08 14:05:39,567 [WARN] ConditionMgr:438 - getConditionDescription Invalid condition id : LAN8742 Phy interface Condition cause : null
2026-02-08 14:05:39,568 [WARN] PackLoader:240 - Cannot read IP mode file for STMicroelectronics.X-CUBE-AZRTOS-L4.2.0.0
2026-02-08 14:05:39,570 [WARN] ConditionMgr:1039 - genDependencies : Invalid condition id : LAN8742 Phy interface Condition cause : null
2026-02-08 14:05:39,570 [WARN] ConditionMgr:1039 - genDependencies : Invalid condition id : LAN8742 Phy interface Condition cause : null
2026-02-08 14:05:39,571 [WARN] ConditionMgr:1039 - genDependencies : Invalid condition id : LAN8742 Phy interface Condition cause : null
2026-02-08 14:05:39,580 [WARN] PackLoader:240 - Cannot read IP mode file for STMicroelectronics.X-CUBE-SFXS2LP1.4.0.0
2026-02-08 14:05:39,587 [ERROR] Engine:466 - C:\Users\soumy\.stm32cubemx\thirdparties\pdsc\STMicroelectronics.X-CUBE-ST67W61.1.2.0.pdsc: PDSC version is not supported
2026-02-08 14:05:39,591 [ERROR] Engine:466 - C:\Users\soumy\.stm32cubemx\thirdparties\pdsc\STMicroelectronics.X-CUBE-BLEMGR.4.1.0.pdsc: PDSC version is not supported
2026-02-08 14:05:39,600 [WARN] ConditionMgr:438 - getConditionDescription Invalid condition id : UX DEVICE CLASS RTOS Condition cause : null
2026-02-08 14:05:39,600 [WARN] ConditionMgr:438 - getConditionDescription Invalid condition id : UX DEVICE CLASS RTOS Condition cause : null
2026-02-08 14:05:39,603 [WARN] PackLoader:240 - Cannot read IP mode file for STMicroelectronics.X-CUBE-AZRTOS-WB.2.0.0
2026-02-08 14:05:39,605 [WARN] ConditionMgr:1039 - genDependencies : Invalid condition id : UX DEVICE CLASS RTOS Condition cause : null
2026-02-08 14:05:39,605 [WARN] ConditionMgr:1039 - genDependencies : Invalid condition id : UX DEVICE CLASS RTOS Condition cause : null
2026-02-08 14:05:39,605 [WARN] ConditionMgr:1039 - genDependencies : Invalid condition id : UX DEVICE CLASS RTOS Condition cause : null
2026-02-08 14:05:39,605 [WARN] ConditionMgr:1039 - genDependencies : Invalid condition id : UX DEVICE CLASS RTOS Condition cause : null
2026-02-08 14:05:39,605 [WARN] ConditionMgr:1039 - genDependencies : Invalid condition id : UX DEVICE CLASS RTOS Condition cause : null
2026-02-08 14:05:39,611 [WARN] PackLoader:240 - Cannot read IP mode file for STMicroelectronics.X-CUBE-GNSS1.7.0.1
2026-02-08 14:05:39,615 [WARN] PackLoader:240 - Cannot read IP mode file for STMicroelectronics.X-CUBE-TOUCHGFX.4.25.0
2026-02-08 14:05:39,618 [ERROR] Engine:466 - C:\Users\soumy\.stm32cubemx\thirdparties\pdsc\quantropi.X-CUBE-qispace-sdk-base.2.1.0.pdsc: PDSC version is not supported
2026-02-08 14:05:39,626 [WARN] PackLoader:240 - Cannot read IP mode file for STMicroelectronics.X-CUBE-STSE01.2.0.0
2026-02-08 14:05:39,638 [WARN] PackLoader:240 - Cannot read IP mode file for STMicroelectronics.X-CUBE-SUBG2.5.0.0
2026-02-08 14:05:39,661 [WARN] PackLoader:240 - Cannot read IP mode file for STMicroelectronics.X-CUBE-AZRTOS-H7RS.1.1.0
2026-02-08 14:05:39,669 [WARN] PackLoader:240 - Cannot read IP mode file for Cesanta.I-CUBE-Mongoose.7.13.0
2026-02-08 14:05:39,694 [WARN] PackLoader:240 - Cannot read IP mode file for STMicroelectronics.X-CUBE-AZRTOS-G4.2.0.0
2026-02-08 14:05:39,701 [WARN] PackLoader:240 - Cannot read IP mode file for wolfSSL.I-CUBE-wolfSSH.1.4.20
2026-02-08 14:05:39,707 [WARN] PackLoader:240 - Cannot read IP mode file for STMicroelectronics.X-CUBE-NFC7.2.0.0
2026-02-08 14:05:39,714 [ERROR] Engine:466 - C:\Users\soumy\.stm32cubemx\thirdparties\pdsc\STMicroelectronics.X-CUBE-IPS.3.1.0.pdsc: PDSC version is not supported
2026-02-08 14:05:39,719 [WARN] PackLoader:240 - Cannot read IP mode file for STMicroelectronics.X-CUBE-ALS.1.0.2
2026-02-08 14:05:39,727 [WARN] PackLoader:240 - Cannot read IP mode file for STMicroelectronics.X-CUBE-STSE01.1.0.0
2026-02-08 14:05:39,735 [ERROR] Engine:466 - C:\Users\soumy\.stm32cubemx\thirdparties\pdsc\STMicroelectronics.X-CUBE-TOF1.3.4.3.pdsc: PDSC version is not supported
2026-02-08 14:05:39,736 [INFO] ThirdParty:978 - Integrity check success = true
2026-02-08 14:05:39,736 [INFO] IntegrityCheckThread:100 - exiting critical section [integrity check]
2026-02-08 14:05:39,736 [INFO] IntegrityCheckThread:103 - End integrity checks thread
2026-02-08 14:05:39,897 [INFO] McuFinderGlobals:63 - Set McuFinder mode to 2 (CubeIDE integrated)
2026-02-08 14:05:39,950 [INFO] MainUpdater:2868 - connection check result : 10
2026-02-08 14:05:41,109 [INFO] ApiDb:581 - Connected to CubeFinder SQLite database (C:\Users\soumy\.stmcufinder\plugins\mcufinder\mcu\cube-finder-db.db)
2026-02-08 14:05:41,204 [INFO] ApiDb:668 - CubeFinder database Data Model version=2.1
2026-02-08 14:05:41,204 [INFO] ApiDb:669 - CubeFinder database Configuration version=3.0.39
2026-02-08 14:05:41,204 [INFO] ApiDb:670 - CubeFinder database generation date=2025-12-22 (1766407740)
2026-02-08 14:05:41,204 [INFO] ApiDb:671 - CubeFinder database FW Pack versions=[FP-ATR-ASTRA1_V2.0.0, FP-SNS-FLIGHT1_V5.1.0, FP-SNS-MOTENV1_V5.1.0, FP-SNS-MOTENVWB1_V1.4.0, FP-SNS-SMARTAG2_V1.2.0, FP-SNS-STBOX1_V2.1.0, STM32Cube_FW_C0_V1.4.0, STM32Cube_FW_F4_V1.28.3, STM32Cube_FW_F7_V1.17.4, STM32Cube_FW_G0_V1.6.2, STM32Cube_FW_G4_V1.6.1, STM32Cube_FW_H5_V1.5.1, STM32Cube_FW_H7RS_V1.3.0, STM32Cube_FW_H7_V1.12.1, STM32Cube_FW_L0_V1.12.2, STM32Cube_FW_L4_V1.18.1, STM32Cube_FW_L5_V1.6.0, STM32Cube_FW_N6_V1.3.0, STM32Cube_FW_U0_V1.3.0, STM32Cube_FW_U3_V1.2.1, STM32Cube_FW_U5_V1.8.0, STM32Cube_FW_WB0_V1.4.0, STM32Cube_FW_WBA_V1.8.0, STM32Cube_FW_WB_V1.24.0, STM32Cube_FW_WL3_V1.3.0, STM32Cube_FW_WL_V1.4.0, X-CUBE-ALGOBUILD_V1.4.0, X-CUBE-ALS_V1.0.2, X-CUBE-AZRTOS-F4_V1.1.0, X-CUBE-AZRTOS-F7_V1.1.0, X-CUBE-AZRTOS-G0_V1.1.0, X-CUBE-AZRTOS-G4_V2.0.0, X-CUBE-AZRTOS-H7RS_V1.1.0, X-CUBE-AZRTOS-H7_V3.4.0, X-CUBE-AZRTOS-L4_V2.0.0, X-CUBE-AZRTOS-L5_V2.0.0, X-CUBE-AZRTOS-WB_V2.0.0, X-CUBE-AZRTOS-WL_V2.0.0, X-CUBE-BLE1_V7.1.0, X-CUBE-BLE2_V3.3.0, X-CUBE-BLEMGR_V4.1.0, X-CUBE-EEPRMA1_V5.2.0, X-CUBE-FREERTOS_V1.3.1, X-CUBE-GNSS1_V6.0.0, X-CUBE-MEMS1_V12.0.0, X-CUBE-NFC4_V3.0.0, X-CUBE-NFC7_V2.0.0, X-CUBE-SFXS2LP1_V4.0.0, X-CUBE-ST67W61_V1.1.0, X-CUBE-SUBG2_V5.0.0, X-CUBE-TOF1_V3.4.3]
2026-02-08 14:05:41,284 [INFO] DbBoardsSqlite:226 - include board P-NUCLEO-WB55-NUCLEO as a kit item of type 'Nucleo-64'
2026-02-08 14:05:41,284 [INFO] DbBoardsSqlite:226 - include board P-NUCLEO-WB55-USBDONGLE as a kit item of type 'Nucleo USB Dongle'
2026-02-08 14:05:41,285 [INFO] DbBoardsSqlite:226 - include board STEVAL-IDP005V1 as a kit item of type 'Evaluation Board'
2026-02-08 14:05:41,285 [INFO] DbBoardsSqlite:226 - include board STEVAL-IDP005V2 as a kit item of type 'Evaluation Board'
2026-02-08 14:05:41,411 [INFO] ApiDb:240 - Found 323 in-development CPN: [B-G473E-ZEST1S, B-WB1M-WPAN1, B-WL5M-SUBG1, NUCLEO-C031C6, NUCLEO-H503RB, NUCLEO-H563ZI, NUCLEO-U545RE-Q, NUCLEO-U5A5ZJ-Q, NUCLEO-WBA52CG, STEVAL-PROTEUS1, STEVAL-SMARTAG2, STEVAL-STWINBX1, STM320518-EVAL, STM32C0116-DK, STM32C011D6Y3TR, STM32C011D6Y6TR, STM32C011F4P3, STM32C011F4P6, STM32C011F4U3, STM32C011F4U6TR, STM32C011F6P3, STM32C011F6P6, STM32C011F6U3, STM32C011F6U6TR, STM32C011J4M3, STM32C011J4M6, STM32C011J6M3, STM32C011J6M6, STM32C0316-DK, STM32C031C4T3, STM32C031C4T6, STM32C031C4U3, STM32C031C4U6, STM32C031C6T3, STM32C031C6T6, STM32C031C6U3, STM32C031C6U6, STM32C031F4P3, STM32C031F4P6, STM32C031F6P3, STM32C031F6P6, STM32C031G4U3, STM32C031G4U6, STM32C031G6U3, STM32C031G6U6, STM32C031K4T3, STM32C031K4T6, STM32C031K4U3, STM32C031K4U6, STM32C031K6T3, STM32C031K6T6, STM32C031K6U3, STM32C031K6U6, STM32G071K8TXN, STM32G071K8UXN, STM32G081GBU6N, STM32G081KBT6N, STM32G081KBUXN, STM32G0B1CCT6N, STM32G0B1KCT6, STM32G0B1NEY6TR, STM32G0B1RCT6N, STM32G0C1CCT6, STM32G0C1CCT6N, STM32G0C1CCU6N, STM32G0C1CET6N, STM32G0C1CEU6N, STM32G0C1KCT6, STM32G0C1NEY6TR, STM32G0C1RCI6N, STM32G0C1RCT6N, STM32G0C1REI6N, STM32G0C1RET6N, STM32G0C1VCI6, STM32G0C1VEI6, STM32G471CCT6, STM32G471CCU6, STM32G471CET3, STM32G471CET6, STM32G471CEU3, STM32G471CEU6, STM32G471MCT6, STM32G471MET3, STM32G471MET6, STM32G471MEY6TR, STM32G471QCT6, STM32G471QET3, STM32G471RCT6, STM32G471RET3, STM32G471RET6, STM32G471VCH6, STM32G471VCI6, STM32G471VCT6, STM32G471VEH3, STM32G471VEH6, STM32G471VEI3, STM32G471VEI6, STM32G471VET3, STM32G471VET6, STM32G474CCT6, STM32H503CBT6, STM32H503CBU6, STM32H503EBY6TR, STM32H503KBU6, STM32H503RBT6, STM32H562AGI6, STM32H562AII6, STM32H562IGK6, STM32H562IGT6, STM32H562IIK6, STM32H562IIT6, STM32H562RGT6, STM32H562RGV6, STM32H562RIT6, STM32H562RIV6, STM32H562VGT6, STM32H562VIT6, STM32H562ZGT6, STM32H562ZIT6, STM32H563AGI6, STM32H563AII3Q, STM32H563AII6, STM32H563IGK6, STM32H563IGT6, STM32H563IIK3Q, STM32H563IIK6, STM32H563IIT3Q, STM32H563IIT6, STM32H563MIY3QTR, STM32H563RGT6, STM32H563RGV6, STM32H563RIT6, STM32H563RIV6, STM32H563VGT6, STM32H563VIT3Q, STM32H563VIT6, STM32H563ZGT6, STM32H563ZIT3Q, STM32H563ZIT6, STM32H573AII3Q, STM32H573AII6, STM32H573I-DK, STM32H573IIK3Q, STM32H573IIK6, STM32H573IIT3Q, STM32H573IIT6, STM32H573MIY3QTR, STM32H573RIT6, STM32H573RIV6, STM32H573VIT3Q, STM32H573VIT6, STM32H573ZIT3Q, STM32H573ZIT6, STM32L4R5QGI6STR, STM32MP131AAE3, STM32MP131AAF3, STM32MP131AAG3, STM32MP131CAE3, STM32MP131CAF3, STM32MP131CAG3, STM32MP131DAE7, STM32MP131DAF7, STM32MP131DAG7, STM32MP131FAE7, STM32MP131FAF7, STM32MP131FAG7, STM32MP133AAE3, STM32MP133AAF3, STM32MP133AAG3, STM32MP133CAE3, STM32MP133CAF3, STM32MP133CAG3, STM32MP133DAE7, STM32MP133DAF7, STM32MP133DAG7, STM32MP133FAE7, STM32MP133FAF7, STM32MP133FAG7, STM32MP135AAE3, STM32MP135AAF3, STM32MP135AAG3, STM32MP135CAE3, STM32MP135CAF3, STM32MP135CAG3, STM32MP135DAE7, STM32MP135DAF7, STM32MP135DAG7, STM32MP135F-DK, STM32MP135FAE7, STM32MP135FAF7, STM32MP135FAF7T, STM32MP135FAF7U, STM32MP135FAG7, STM32U535CBT6, STM32U535CBT6Q, STM32U535CBU6, STM32U535CBU6Q, STM32U535CCT6, STM32U535CCT6Q, STM32U535CCU6, STM32U535CCU6Q, STM32U535CET6, STM32U535CET6Q, STM32U535CEU6, STM32U535CEU6Q, STM32U535JEY6QTR, STM32U535NCY6QTR, STM32U535NEY6QTR, STM32U535RBI6, STM32U535RBI6Q, STM32U535RBT6, STM32U535RBT6Q, STM32U535RCI6, STM32U535RCI6Q, STM32U535RCT6, STM32U535RCT6Q, STM32U535REI6, STM32U535REI6Q, STM32U535RET6, STM32U535RET6Q, STM32U535VCI6, STM32U535VCI6Q, STM32U535VCT6, STM32U535VCT6Q, STM32U535VEI6, STM32U535VEI6Q, STM32U535VET6, STM32U535VET6Q, STM32U545CET6, STM32U545CET6Q, STM32U545CEU6, STM32U545CEU6Q, STM32U545JEY6QTR, STM32U545NEY6QTR, STM32U545REI6, STM32U545REI6Q, STM32U545RET6, STM32U545RET6Q, STM32U545VEI6, STM32U545VEI6Q, STM32U545VET6, STM32U545VET6Q, STM32U595AIH6, STM32U595AIH6Q, STM32U595AJH6, STM32U595AJH6Q, STM32U595QII6, STM32U595QII6Q, STM32U595QJI6, STM32U595QJI6Q, STM32U595RIT6, STM32U595RIT6Q, STM32U595RJT6, STM32U595RJT6Q, STM32U595VIT6, STM32U595VIT6Q, STM32U595VJT6, STM32U595VJT6Q, STM32U595ZIT6, STM32U595ZIT6Q, STM32U595ZIY6QTR, STM32U595ZJT6, STM32U595ZJT6Q, STM32U595ZJY6QTR, STM32U599BJY6QTR, STM32U599NIH6Q, STM32U599NJH6Q, STM32U599VIT6Q, STM32U599VJT6, STM32U599VJT6Q, STM32U599ZIT6Q, STM32U599ZIY6QTR, STM32U599ZJT6Q, STM32U599ZJY6QTR, STM32U5A5AJH6, STM32U5A5AJH6Q, STM32U5A5QJI6, STM32U5A5QJI6Q, STM32U5A5RJT6, STM32U5A5RJT6Q, STM32U5A5VJT6, STM32U5A5VJT6Q, STM32U5A5ZJT6, STM32U5A5ZJT6Q, STM32U5A5ZJY6QTR, STM32U5A9BJY6QTR, STM32U5A9J-DK, STM32U5A9NJH6Q, STM32U5A9VJT6Q, STM32U5A9ZJT6Q, STM32U5A9ZJY6QTR, STM32U5F7VIT6, STM32U5F7VIT6Q, STM32U5F7VJT6, STM32U5F7VJT6Q, STM32U5F9BJY6QTR, STM32U5F9NJH6Q, STM32U5F9VIT6Q, STM32U5F9VJT6Q, STM32U5F9ZIJ6QTR, STM32U5F9ZIT6Q, STM32U5F9ZJJ6QTR, STM32U5F9ZJT6Q, STM32U5G7VJT6, STM32U5G7VJT6Q, STM32U5G9BJY6QTR, STM32U5G9J-DK1, STM32U5G9J-DK2, STM32U5G9NJH6Q, STM32U5G9VJT6Q, STM32U5G9ZJJ6QTR, STM32U5G9ZJT6Q, STM32WB1MMCH6, STM32WBA52CEU6, STM32WBA52CEU6T, STM32WBA52CGU6, STM32WBA52CGU6T, STM32WBA52KEU6, STM32WBA52KEU6T, STM32WBA52KGU6, STM32WBA52KGU6T, STM32WL5MOCH6, STM32WL5MOCH6TR]
2026-02-08 14:05:41,413 [INFO] ApiDb:668 - CubeFinder database Data Model version=2.1
2026-02-08 14:05:41,413 [INFO] ApiDb:669 - CubeFinder database Configuration version=3.0.39
2026-02-08 14:05:41,413 [INFO] ApiDb:670 - CubeFinder database generation date=2025-12-22 (1766407740)
2026-02-08 14:05:41,413 [INFO] ApiDb:671 - CubeFinder database FW Pack versions=[FP-ATR-ASTRA1_V2.0.0, FP-SNS-FLIGHT1_V5.1.0, FP-SNS-MOTENV1_V5.1.0, FP-SNS-MOTENVWB1_V1.4.0, FP-SNS-SMARTAG2_V1.2.0, FP-SNS-STBOX1_V2.1.0, STM32Cube_FW_C0_V1.4.0, STM32Cube_FW_F4_V1.28.3, STM32Cube_FW_F7_V1.17.4, STM32Cube_FW_G0_V1.6.2, STM32Cube_FW_G4_V1.6.1, STM32Cube_FW_H5_V1.5.1, STM32Cube_FW_H7RS_V1.3.0, STM32Cube_FW_H7_V1.12.1, STM32Cube_FW_L0_V1.12.2, STM32Cube_FW_L4_V1.18.1, STM32Cube_FW_L5_V1.6.0, STM32Cube_FW_N6_V1.3.0, STM32Cube_FW_U0_V1.3.0, STM32Cube_FW_U3_V1.2.1, STM32Cube_FW_U5_V1.8.0, STM32Cube_FW_WB0_V1.4.0, STM32Cube_FW_WBA_V1.8.0, STM32Cube_FW_WB_V1.24.0, STM32Cube_FW_WL3_V1.3.0, STM32Cube_FW_WL_V1.4.0, X-CUBE-ALGOBUILD_V1.4.0, X-CUBE-ALS_V1.0.2, X-CUBE-AZRTOS-F4_V1.1.0, X-CUBE-AZRTOS-F7_V1.1.0, X-CUBE-AZRTOS-G0_V1.1.0, X-CUBE-AZRTOS-G4_V2.0.0, X-CUBE-AZRTOS-H7RS_V1.1.0, X-CUBE-AZRTOS-H7_V3.4.0, X-CUBE-AZRTOS-L4_V2.0.0, X-CUBE-AZRTOS-L5_V2.0.0, X-CUBE-AZRTOS-WB_V2.0.0, X-CUBE-AZRTOS-WL_V2.0.0, X-CUBE-BLE1_V7.1.0, X-CUBE-BLE2_V3.3.0, X-CUBE-BLEMGR_V4.1.0, X-CUBE-EEPRMA1_V5.2.0, X-CUBE-FREERTOS_V1.3.1, X-CUBE-GNSS1_V6.0.0, X-CUBE-MEMS1_V12.0.0, X-CUBE-NFC4_V3.0.0, X-CUBE-NFC7_V2.0.0, X-CUBE-SFXS2LP1_V4.0.0, X-CUBE-ST67W61_V1.1.0, X-CUBE-SUBG2_V5.0.0, X-CUBE-TOF1_V3.4.3]
2026-02-08 14:05:43,614 [INFO] ApiDb:240 - Found 323 in-development CPN: [B-G473E-ZEST1S, B-WB1M-WPAN1, B-WL5M-SUBG1, NUCLEO-C031C6, NUCLEO-H503RB, NUCLEO-H563ZI, NUCLEO-U545RE-Q, NUCLEO-U5A5ZJ-Q, NUCLEO-WBA52CG, STEVAL-PROTEUS1, STEVAL-SMARTAG2, STEVAL-STWINBX1, STM320518-EVAL, STM32C0116-DK, STM32C011D6Y3TR, STM32C011D6Y6TR, STM32C011F4P3, STM32C011F4P6, STM32C011F4U3, STM32C011F4U6TR, STM32C011F6P3, STM32C011F6P6, STM32C011F6U3, STM32C011F6U6TR, STM32C011J4M3, STM32C011J4M6, STM32C011J6M3, STM32C011J6M6, STM32C0316-DK, STM32C031C4T3, STM32C031C4T6, STM32C031C4U3, STM32C031C4U6, STM32C031C6T3, STM32C031C6T6, STM32C031C6U3, STM32C031C6U6, STM32C031F4P3, STM32C031F4P6, STM32C031F6P3, STM32C031F6P6, STM32C031G4U3, STM32C031G4U6, STM32C031G6U3, STM32C031G6U6, STM32C031K4T3, STM32C031K4T6, STM32C031K4U3, STM32C031K4U6, STM32C031K6T3, STM32C031K6T6, STM32C031K6U3, STM32C031K6U6, STM32G071K8TXN, STM32G071K8UXN, STM32G081GBU6N, STM32G081KBT6N, STM32G081KBUXN, STM32G0B1CCT6N, STM32G0B1KCT6, STM32G0B1NEY6TR, STM32G0B1RCT6N, STM32G0C1CCT6, STM32G0C1CCT6N, STM32G0C1CCU6N, STM32G0C1CET6N, STM32G0C1CEU6N, STM32G0C1KCT6, STM32G0C1NEY6TR, STM32G0C1RCI6N, STM32G0C1RCT6N, STM32G0C1REI6N, STM32G0C1RET6N, STM32G0C1VCI6, STM32G0C1VEI6, STM32G471CCT6, STM32G471CCU6, STM32G471CET3, STM32G471CET6, STM32G471CEU3, STM32G471CEU6, STM32G471MCT6, STM32G471MET3, STM32G471MET6, STM32G471MEY6TR, STM32G471QCT6, STM32G471QET3, STM32G471RCT6, STM32G471RET3, STM32G471RET6, STM32G471VCH6, STM32G471VCI6, STM32G471VCT6, STM32G471VEH3, STM32G471VEH6, STM32G471VEI3, STM32G471VEI6, STM32G471VET3, STM32G471VET6, STM32G474CCT6, STM32H503CBT6, STM32H503CBU6, STM32H503EBY6TR, STM32H503KBU6, STM32H503RBT6, STM32H562AGI6, STM32H562AII6, STM32H562IGK6, STM32H562IGT6, STM32H562IIK6, STM32H562IIT6, STM32H562RGT6, STM32H562RGV6, STM32H562RIT6, STM32H562RIV6, STM32H562VGT6, STM32H562VIT6, STM32H562ZGT6, STM32H562ZIT6, STM32H563AGI6, STM32H563AII3Q, STM32H563AII6, STM32H563IGK6, STM32H563IGT6, STM32H563IIK3Q, STM32H563IIK6, STM32H563IIT3Q, STM32H563IIT6, STM32H563MIY3QTR, STM32H563RGT6, STM32H563RGV6, STM32H563RIT6, STM32H563RIV6, STM32H563VGT6, STM32H563VIT3Q, STM32H563VIT6, STM32H563ZGT6, STM32H563ZIT3Q, STM32H563ZIT6, STM32H573AII3Q, STM32H573AII6, STM32H573I-DK, STM32H573IIK3Q, STM32H573IIK6, STM32H573IIT3Q, STM32H573IIT6, STM32H573MIY3QTR, STM32H573RIT6, STM32H573RIV6, STM32H573VIT3Q, STM32H573VIT6, STM32H573ZIT3Q, STM32H573ZIT6, STM32L4R5QGI6STR, STM32MP131AAE3, STM32MP131AAF3, STM32MP131AAG3, STM32MP131CAE3, STM32MP131CAF3, STM32MP131CAG3, STM32MP131DAE7, STM32MP131DAF7, STM32MP131DAG7, STM32MP131FAE7, STM32MP131FAF7, STM32MP131FAG7, STM32MP133AAE3, STM32MP133AAF3, STM32MP133AAG3, STM32MP133CAE3, STM32MP133CAF3, STM32MP133CAG3, STM32MP133DAE7, STM32MP133DAF7, STM32MP133DAG7, STM32MP133FAE7, STM32MP133FAF7, STM32MP133FAG7, STM32MP135AAE3, STM32MP135AAF3, STM32MP135AAG3, STM32MP135CAE3, STM32MP135CAF3, STM32MP135CAG3, STM32MP135DAE7, STM32MP135DAF7, STM32MP135DAG7, STM32MP135F-DK, STM32MP135FAE7, STM32MP135FAF7, STM32MP135FAF7T, STM32MP135FAF7U, STM32MP135FAG7, STM32U535CBT6, STM32U535CBT6Q, STM32U535CBU6, STM32U535CBU6Q, STM32U535CCT6, STM32U535CCT6Q, STM32U535CCU6, STM32U535CCU6Q, STM32U535CET6, STM32U535CET6Q, STM32U535CEU6, STM32U535CEU6Q, STM32U535JEY6QTR, STM32U535NCY6QTR, STM32U535NEY6QTR, STM32U535RBI6, STM32U535RBI6Q, STM32U535RBT6, STM32U535RBT6Q, STM32U535RCI6, STM32U535RCI6Q, STM32U535RCT6, STM32U535RCT6Q, STM32U535REI6, STM32U535REI6Q, STM32U535RET6, STM32U535RET6Q, STM32U535VCI6, STM32U535VCI6Q, STM32U535VCT6, STM32U535VCT6Q, STM32U535VEI6, STM32U535VEI6Q, STM32U535VET6, STM32U535VET6Q, STM32U545CET6, STM32U545CET6Q, STM32U545CEU6, STM32U545CEU6Q, STM32U545JEY6QTR, STM32U545NEY6QTR, STM32U545REI6, STM32U545REI6Q, STM32U545RET6, STM32U545RET6Q, STM32U545VEI6, STM32U545VEI6Q, STM32U545VET6, STM32U545VET6Q, STM32U595AIH6, STM32U595AIH6Q, STM32U595AJH6, STM32U595AJH6Q, STM32U595QII6, STM32U595QII6Q, STM32U595QJI6, STM32U595QJI6Q, STM32U595RIT6, STM32U595RIT6Q, STM32U595RJT6, STM32U595RJT6Q, STM32U595VIT6, STM32U595VIT6Q, STM32U595VJT6, STM32U595VJT6Q, STM32U595ZIT6, STM32U595ZIT6Q, STM32U595ZIY6QTR, STM32U595ZJT6, STM32U595ZJT6Q, STM32U595ZJY6QTR, STM32U599BJY6QTR, STM32U599NIH6Q, STM32U599NJH6Q, STM32U599VIT6Q, STM32U599VJT6, STM32U599VJT6Q, STM32U599ZIT6Q, STM32U599ZIY6QTR, STM32U599ZJT6Q, STM32U599ZJY6QTR, STM32U5A5AJH6, STM32U5A5AJH6Q, STM32U5A5QJI6, STM32U5A5QJI6Q, STM32U5A5RJT6, STM32U5A5RJT6Q, STM32U5A5VJT6, STM32U5A5VJT6Q, STM32U5A5ZJT6, STM32U5A5ZJT6Q, STM32U5A5ZJY6QTR, STM32U5A9BJY6QTR, STM32U5A9J-DK, STM32U5A9NJH6Q, STM32U5A9VJT6Q, STM32U5A9ZJT6Q, STM32U5A9ZJY6QTR, STM32U5F7VIT6, STM32U5F7VIT6Q, STM32U5F7VJT6, STM32U5F7VJT6Q, STM32U5F9BJY6QTR, STM32U5F9NJH6Q, STM32U5F9VIT6Q, STM32U5F9VJT6Q, STM32U5F9ZIJ6QTR, STM32U5F9ZIT6Q, STM32U5F9ZJJ6QTR, STM32U5F9ZJT6Q, STM32U5G7VJT6, STM32U5G7VJT6Q, STM32U5G9BJY6QTR, STM32U5G9J-DK1, STM32U5G9J-DK2, STM32U5G9NJH6Q, STM32U5G9VJT6Q, STM32U5G9ZJJ6QTR, STM32U5G9ZJT6Q, STM32WB1MMCH6, STM32WBA52CEU6, STM32WBA52CEU6T, STM32WBA52CGU6, STM32WBA52CGU6T, STM32WBA52KEU6, STM32WBA52KEU6T, STM32WBA52KGU6, STM32WBA52KGU6T, STM32WL5MOCH6, STM32WL5MOCH6TR]
2026-02-08 14:05:43,620 [INFO] DbMcus:217 - Found 4801 MCUs, 4801 are supported
2026-02-08 14:05:43,621 [INFO] ApiDb:423 - Load user favorites file C:\Users\soumy/.stm32cubeide/favorites.mcus.txt: 2 item(s)
2026-02-08 14:05:43,621 [INFO] ApiDb:427 - User favorites MCUs=[STM32F103RBT6, STM32F429ZIT6]
2026-02-08 14:05:43,621 [INFO] DbMcus:223 - Set 2 / 2 favorites MCUs
2026-02-08 14:05:44,079 [INFO] BoardInfo:880 - No configuration file found for board B-WBA5M-WPAN
2026-02-08 14:05:44,079 [INFO] DbBoards:157 - Board is not supported: B-WBA5M-WPAN
2026-02-08 14:05:44,081 [INFO] BoardInfo:880 - No configuration file found for board NUCLEO-C051C8
2026-02-08 14:05:44,082 [INFO] DbBoards:157 - Board is not supported: NUCLEO-C051C8
2026-02-08 14:05:44,083 [INFO] BoardInfo:880 - No configuration file found for board NUCLEO-C071RB
2026-02-08 14:05:44,083 [INFO] DbBoards:157 - Board is not supported: NUCLEO-C071RB
2026-02-08 14:05:44,084 [INFO] BoardInfo:880 - No configuration file found for board NUCLEO-C092RC
2026-02-08 14:05:44,084 [INFO] DbBoards:157 - Board is not supported: NUCLEO-C092RC
2026-02-08 14:05:44,127 [INFO] BoardInfo:880 - No configuration file found for board NUCLEO-H533RE
2026-02-08 14:05:44,127 [INFO] DbBoards:157 - Board is not supported: NUCLEO-H533RE
2026-02-08 14:05:44,134 [INFO] BoardInfo:880 - No configuration file found for board NUCLEO-H7S3L8
2026-02-08 14:05:44,134 [INFO] DbBoards:157 - Board is not supported: NUCLEO-H7S3L8
2026-02-08 14:05:44,148 [INFO] BoardInfo:880 - No configuration file found for board NUCLEO-N657X0-Q
2026-02-08 14:05:44,148 [INFO] DbBoards:157 - Board is not supported: NUCLEO-N657X0-Q
2026-02-08 14:05:44,149 [INFO] BoardInfo:880 - No configuration file found for board NUCLEO-U031R8
2026-02-08 14:05:44,149 [INFO] DbBoards:157 - Board is not supported: NUCLEO-U031R8
2026-02-08 14:05:44,151 [INFO] BoardInfo:880 - No configuration file found for board NUCLEO-U083RC
2026-02-08 14:05:44,151 [INFO] DbBoards:157 - Board is not supported: NUCLEO-U083RC
2026-02-08 14:05:44,151 [INFO] BoardInfo:880 - No configuration file found for board NUCLEO-U385RG-Q
2026-02-08 14:05:44,151 [INFO] DbBoards:157 - Board is not supported: NUCLEO-U385RG-Q
2026-02-08 14:05:44,154 [INFO] BoardInfo:880 - No configuration file found for board NUCLEO-WB05KZ
2026-02-08 14:05:44,154 [INFO] DbBoards:157 - Board is not supported: NUCLEO-WB05KZ
2026-02-08 14:05:44,155 [INFO] BoardInfo:880 - No configuration file found for board NUCLEO-WB07CC
2026-02-08 14:05:44,155 [INFO] DbBoards:157 - Board is not supported: NUCLEO-WB07CC
2026-02-08 14:05:44,156 [INFO] BoardInfo:880 - No configuration file found for board NUCLEO-WB09KE
2026-02-08 14:05:44,156 [INFO] DbBoards:157 - Board is not supported: NUCLEO-WB09KE
2026-02-08 14:05:44,165 [INFO] BoardInfo:880 - No configuration file found for board NUCLEO-WBA55CG
2026-02-08 14:05:44,165 [INFO] DbBoards:157 - Board is not supported: NUCLEO-WBA55CG
2026-02-08 14:05:44,166 [INFO] BoardInfo:880 - No configuration file found for board NUCLEO-WBA65RI
2026-02-08 14:05:44,166 [INFO] DbBoards:157 - Board is not supported: NUCLEO-WBA65RI
2026-02-08 14:05:44,167 [INFO] BoardInfo:880 - No configuration file found for board NUCLEO-WL33CC1
2026-02-08 14:05:44,167 [INFO] DbBoards:157 - Board is not supported: NUCLEO-WL33CC1
2026-02-08 14:05:44,168 [INFO] BoardInfo:880 - No configuration file found for board NUCLEO-WL33CC2
2026-02-08 14:05:44,168 [INFO] DbBoards:157 - Board is not supported: NUCLEO-WL33CC2
2026-02-08 14:05:44,171 [INFO] BoardInfo:880 - No configuration file found for board P-NUCLEO-WB55
2026-02-08 14:05:44,171 [INFO] DbBoards:157 - Kit is not supported: P-NUCLEO-WB55
2026-02-08 14:05:44,174 [INFO] BoardInfo:880 - No configuration file found for board STEVAL-BFA001V1B
2026-02-08 14:05:44,174 [INFO] DbBoards:157 - Kit is not supported: STEVAL-BFA001V1B
2026-02-08 14:05:44,175 [INFO] BoardInfo:880 - No configuration file found for board STEVAL-BFA001V2B
2026-02-08 14:05:44,175 [INFO] DbBoards:157 - Kit is not supported: STEVAL-BFA001V2B
2026-02-08 14:05:44,177 [INFO] BoardInfo:880 - No configuration file found for board STEVAL-MKBOXPRO
2026-02-08 14:05:44,177 [INFO] DbBoards:157 - Board is not supported: STEVAL-MKBOXPRO
2026-02-08 14:05:44,226 [INFO] BoardInfo:880 - No configuration file found for board STM32H7S78-DK
2026-02-08 14:05:44,226 [INFO] DbBoards:157 - Board is not supported: STM32H7S78-DK
2026-02-08 14:05:44,242 [INFO] BoardInfo:880 - No configuration file found for board STM32MP257F-DK
2026-02-08 14:05:44,242 [INFO] DbBoards:157 - Board is not supported: STM32MP257F-DK
2026-02-08 14:05:44,243 [INFO] BoardInfo:880 - No configuration file found for board STM32MP257F-EV1
2026-02-08 14:05:44,243 [INFO] DbBoards:157 - Board is not supported: STM32MP257F-EV1
2026-02-08 14:05:44,244 [INFO] BoardInfo:880 - No configuration file found for board STM32N6570-DK
2026-02-08 14:05:44,244 [INFO] DbBoards:157 - Board is not supported: STM32N6570-DK
2026-02-08 14:05:44,245 [INFO] BoardInfo:880 - No configuration file found for board STM32U083C-DK
2026-02-08 14:05:44,245 [INFO] DbBoards:157 - Board is not supported: STM32U083C-DK
2026-02-08 14:05:44,249 [INFO] BoardInfo:880 - No configuration file found for board STM32WBA55G-DK1
2026-02-08 14:05:44,249 [INFO] DbBoards:157 - Board is not supported: STM32WBA55G-DK1
2026-02-08 14:05:44,250 [INFO] BoardInfo:880 - No configuration file found for board STM32WBA65I-DK1
2026-02-08 14:05:44,250 [INFO] DbBoards:157 - Board is not supported: STM32WBA65I-DK1
2026-02-08 14:05:44,250 [INFO] DbBoards:161 - Found 211 boards, 183 are supported
2026-02-08 14:05:44,253 [INFO] ApiDb:423 - Load user favorites file C:\Users\soumy/.stm32cubeide/favorites.boards.txt: 2 item(s)
2026-02-08 14:05:44,253 [INFO] ApiDb:427 - User favorites Boards=[STM32F407G-DISC1, STM32F429I-DISC1]
2026-02-08 14:05:44,253 [INFO] DbBoards:190 - Set 2 / 2 favorites Boards
2026-02-08 14:05:44,253 [INFO] McuFinderGlobals:76 - Set McuFinderConnectedMode to true
2026-02-08 14:05:44,259 [INFO] MultiScanPanel:200 - Auto-refresh data requested => check proxy status ongoing
2026-02-08 14:05:44,280 [INFO] FinderPluginLoader:95 - Searching for filters in installed packs
2026-02-08 14:05:45,664 [INFO] LoadUrlFilesThread:185 - End of LoadServerUrlFiles without Thread
2026-02-08 14:05:45,730 [INFO] DetailPanel:341 - Set advertising image to C:/Users/soumy/STM32Cube/Repository/\en.prom-stm32mp21-0126.png
2026-02-08 14:07:05,615 [INFO] MainUpdater:2868 - connection check result : 10
2026-02-08 14:07:05,615 [INFO] MainUpdater:2868 - connection check result : 10
2026-02-08 14:07:05,670 [INFO] MicroXplorer:468 - Change Database Path : 
2026-02-08 14:07:05,670 [INFO] MicroXplorer:498 - Change Database Version : DB.6.0.90
2026-02-08 14:07:05,688 [WARN] ThirdParty:871 - waiting for thirdparty lock release [close project]
2026-02-08 14:07:05,689 [INFO] ThirdParty:873 - entering critical section [close project]
2026-02-08 14:07:05,689 [INFO] ThirdParty:883 - exiting critical section [close project]
2026-02-08 14:07:05,690 [INFO] PinOutPanel:1499 - setPackage(No Configuration,No Configuration)
2026-02-08 14:07:05,694 [INFO] UtilMem:75 - Begin LoadConfig() Used Memory: 426346520 Bytes (541065216)
2026-02-08 14:07:05,695 [INFO] MicroXplorer:468 - Change Database Path : 
2026-02-08 14:07:05,695 [INFO] MicroXplorer:498 - Change Database Version : DB.6.0.90
2026-02-08 14:07:05,695 [INFO] OpenFileManager:308 - Change cursor
2026-02-08 14:07:05,788 [INFO] Mcu:1946 - Initializing MCU STM32F429ZITx STM32F429ZITx STM32F429ZIT6
2026-02-08 14:07:08,119 [INFO] Context:659 - Trying to add GPIOservice into a context  which must be forbidden
2026-02-08 14:07:08,760 [INFO] ImportTextPane:194 - (OptionalMessage_ERROR) Unable to find key (Mcu.ThirdPartyNb) in loaded IOC file
2026-02-08 14:07:08,760 [INFO] ImportTextPane:194 - (OptionalMessage_ERROR) Unable to find key (Mcu.PinsNb) in loaded IOC file
2026-02-08 14:07:08,760 [INFO] ImportTextPane:194 - (OptionalMessage_ERROR) Unable to find key (Mcu.IPNb) in loaded IOC file
2026-02-08 14:07:08,937 [INFO] RtosManager:555 - Registered RTOS mode: class=CMSIS, group=RTOS, mode=CMSIS_V1, owner=FREERTOS
2026-02-08 14:07:08,937 [INFO] RtosManager:555 - Registered RTOS mode: class=CMSIS, group=RTOS2, mode=CMSIS_V2, owner=FREERTOS
2026-02-08 14:07:08,937 [INFO] RtosManager:555 - Registered RTOS mode: class=RTOS, group=Core, mode=CMSIS_V1, owner=FREERTOS
2026-02-08 14:07:08,937 [INFO] RtosManager:555 - Registered RTOS mode: class=RTOS, group=Core, mode=CMSIS_V2, owner=FREERTOS
2026-02-08 14:07:08,937 [WARN] ModelIntegratedComponent:184 - Missing modes for component STMicroelectronics:FreeRTOS:0.0.1:STMicroelectronics:RTOS:FreeRTOS:Core:::10.2.0:
2026-02-08 14:07:08,948 [WARN] ModelIntegratedComponent:63 - No mode defined for component null
2026-02-08 14:07:08,948 [WARN] ModelIntegratedComponent:63 - No mode defined for component null
2026-02-08 14:07:08,948 [WARN] ModelIntegratedComponent:63 - No mode defined for component null
2026-02-08 14:07:08,948 [WARN] ModelIntegratedComponent:63 - No mode defined for component null
2026-02-08 14:07:08,948 [WARN] ModelIntegratedComponent:63 - No mode defined for component null
2026-02-08 14:07:08,948 [WARN] ModelIntegratedComponent:63 - No mode defined for component null
2026-02-08 14:07:08,948 [WARN] ModelIntegratedComponent:63 - No mode defined for component null
2026-02-08 14:07:08,948 [WARN] ModelIntegratedComponent:63 - No mode defined for component null
2026-02-08 14:07:08,948 [WARN] ModelIntegratedComponent:63 - No mode defined for component null
2026-02-08 14:07:08,949 [WARN] ModelIntegratedComponent:63 - No mode defined for component null
2026-02-08 14:07:08,949 [WARN] ModelIntegratedComponent:63 - No mode defined for component null
2026-02-08 14:07:08,949 [WARN] ModelIntegratedComponent:63 - No mode defined for component null
2026-02-08 14:07:08,949 [WARN] ModelIntegratedComponent:63 - No mode defined for component null
2026-02-08 14:07:08,949 [WARN] ModelIntegratedComponent:63 - No mode defined for component null
2026-02-08 14:07:08,949 [WARN] ModelIntegratedComponent:63 - No mode defined for component null
2026-02-08 14:07:08,949 [WARN] ModelIntegratedComponent:63 - No mode defined for component null
2026-02-08 14:07:08,949 [WARN] ModelIntegratedComponent:63 - No mode defined for component null
2026-02-08 14:07:08,949 [WARN] ModelIntegratedComponent:63 - No mode defined for component null
2026-02-08 14:07:08,949 [WARN] ModelIntegratedComponent:63 - No mode defined for component null
2026-02-08 14:07:08,949 [WARN] ModelIntegratedComponent:63 - No mode defined for component null
2026-02-08 14:07:08,949 [WARN] ModelIntegratedComponent:63 - No mode defined for component null
2026-02-08 14:07:08,949 [WARN] ModelIntegratedComponent:63 - No mode defined for component null
2026-02-08 14:07:08,949 [WARN] ModelIntegratedComponent:63 - No mode defined for component null
2026-02-08 14:07:08,950 [WARN] ModelIntegratedComponent:63 - No mode defined for component null
2026-02-08 14:07:08,950 [WARN] ModelIntegratedComponent:63 - No mode defined for component null
2026-02-08 14:07:08,950 [WARN] ModelIntegratedComponent:63 - No mode defined for component null
2026-02-08 14:07:08,950 [WARN] ModelIntegratedComponent:63 - No mode defined for component null
2026-02-08 14:07:08,950 [WARN] ModelIntegratedComponent:63 - No mode defined for component null
2026-02-08 14:07:08,950 [WARN] ModelIntegratedComponent:63 - No mode defined for component null
2026-02-08 14:07:08,950 [WARN] ModelIntegratedComponent:63 - No mode defined for component null
2026-02-08 14:07:08,950 [WARN] ModelIntegratedComponent:63 - No mode defined for component null
2026-02-08 14:07:08,950 [WARN] ModelIntegratedComponent:63 - No mode defined for component null
2026-02-08 14:07:08,950 [WARN] ModelIntegratedComponent:63 - No mode defined for component null
2026-02-08 14:07:09,034 [INFO] ThirdPartyModel:298 - Start build external matchings
2026-02-08 14:07:09,609 [INFO] ThirdPartyModel:316 - End build external matchings
2026-02-08 14:07:09,968 [INFO] UtilMem:75 - End LoadConfig() Used Memory: 269444152 Bytes (662700032)
2026-02-08 14:07:10,004 [WARN] ThirdParty:833 - waiting for thirdparty lock release [change project]
2026-02-08 14:07:10,004 [INFO] ThirdParty:835 - entering critical section [change project]
2026-02-08 14:07:10,004 [INFO] ThirdParty:1030 - CMSIS Pack Vendor :STMicroelectronics X-CUBE-PM33A1 1.0.0
2026-02-08 14:07:10,004 [INFO] ThirdParty:1030 - CMSIS Pack Vendor :STMicroelectronics USBPD 4.1
2026-02-08 14:07:10,005 [INFO] ThirdParty:1030 - CMSIS Pack Vendor :STMicroelectronics X-CUBE-NFC9 1.0.0
2026-02-08 14:07:10,005 [INFO] ThirdParty:1030 - CMSIS Pack Vendor :STMicroelectronics USB_HOST 2.0.0
2026-02-08 14:07:10,005 [INFO] ThirdParty:1030 - CMSIS Pack Vendor :STMicroelectronics FP-SNS-MOTENVWB1 1.4.0
2026-02-08 14:07:10,005 [INFO] ThirdParty:1030 - CMSIS Pack Vendor :STMicroelectronics X-CUBE-AZRTOS-F4 1.1.0
2026-02-08 14:07:10,005 [INFO] ThirdParty:1030 - CMSIS Pack Vendor :STMicroelectronics LIBJPEG 8.0.0
2026-02-08 14:07:10,005 [INFO] ThirdParty:1030 - CMSIS Pack Vendor :STMicroelectronics FP-ATR-ASTRA1 2.0.2
2026-02-08 14:07:10,005 [INFO] ThirdParty:1030 - CMSIS Pack Vendor :wolfSSL I-CUBE-wolfSSL 5.8.2
2026-02-08 14:07:10,005 [INFO] ThirdParty:1030 - CMSIS Pack Vendor :STMicroelectronics X-CUBE-BLE1 7.1.0
2026-02-08 14:07:10,005 [INFO] ThirdParty:1030 - CMSIS Pack Vendor :STMicroelectronics X-CUBE-SMBUS 2.1.0
2026-02-08 14:07:10,005 [INFO] ThirdParty:1030 - CMSIS Pack Vendor :wolfSSL I-CUBE-wolfMQTT 1.19.2
2026-02-08 14:07:10,005 [INFO] ThirdParty:1030 - CMSIS Pack Vendor :STMicroelectronics USB_DEVICE 3.0.0
2026-02-08 14:07:10,005 [INFO] ThirdParty:1030 - CMSIS Pack Vendor :STMicroelectronics X-CUBE-ISPU 2.1.0
2026-02-08 14:07:10,005 [INFO] ThirdParty:1030 - CMSIS Pack Vendor :STMicroelectronics X-CUBE-EEPRMA1 5.2.0
2026-02-08 14:07:10,005 [INFO] ThirdParty:1030 - CMSIS Pack Vendor :STMicroelectronics X-CUBE-AZRTOS-WB 2.0.0
2026-02-08 14:07:10,005 [INFO] ThirdParty:1030 - CMSIS Pack Vendor :STMicroelectronics X-CUBE-GNSS1 7.0.1
2026-02-08 14:07:10,006 [INFO] ThirdParty:1030 - CMSIS Pack Vendor :STMicroelectronics X-CUBE-NFC12 1.0.0
2026-02-08 14:07:10,006 [INFO] ThirdParty:1030 - CMSIS Pack Vendor :STMicroelectronics X-CUBE-AZRTOS-F7 1.1.0
2026-02-08 14:07:10,006 [INFO] ThirdParty:1030 - CMSIS Pack Vendor :STMicroelectronics X-CUBE-AZRTOS-L5 2.0.0
2026-02-08 14:07:10,006 [INFO] ThirdParty:1030 - CMSIS Pack Vendor :STMicroelectronics X-CUBE-TOUCHGFX 4.25.0
2026-02-08 14:07:10,006 [INFO] ThirdParty:1030 - CMSIS Pack Vendor :STMicroelectronics USB_DEVICE 2.0.0
2026-02-08 14:07:10,006 [INFO] ThirdParty:1030 - CMSIS Pack Vendor :STMicroelectronics X-CUBE-NFC6 3.1.0
2026-02-08 14:07:10,006 [INFO] ThirdParty:1030 - CMSIS Pack Vendor :STMicroelectronics X-CUBE-MEMS1 12.0.0
2026-02-08 14:07:10,006 [INFO] ThirdParty:1030 - CMSIS Pack Vendor :STMicroelectronics X-CUBE-STSE01 2.0.0
2026-02-08 14:07:10,006 [INFO] ThirdParty:1030 - CMSIS Pack Vendor :STMicroelectronics FreeRTOS 0.0.1
2026-02-08 14:07:10,006 [INFO] ThirdParty:1030 - CMSIS Pack Vendor :STMicroelectronics X-CUBE-AZRTOS-G0 1.1.0
2026-02-08 14:07:10,006 [INFO] ThirdParty:1030 - CMSIS Pack Vendor :STMicroelectronics X-CUBE-SAFEA1 1.2.2
2026-02-08 14:07:10,006 [INFO] ThirdParty:1030 - CMSIS Pack Vendor :STMicroelectronics X-CUBE-NFC4 3.0.0
2026-02-08 14:07:10,006 [INFO] ThirdParty:1030 - CMSIS Pack Vendor :STMicroelectronics X-CUBE-SUBG2 5.0.0
2026-02-08 14:07:10,006 [INFO] ThirdParty:1030 - CMSIS Pack Vendor :STMicroelectronics X-CUBE-AZRTOS-H7RS 1.1.0
2026-02-08 14:07:10,006 [INFO] ThirdParty:1030 - CMSIS Pack Vendor :STMicroelectronics STM32_WPAN 1.0.0
2026-02-08 14:07:10,006 [INFO] ThirdParty:1030 - CMSIS Pack Vendor :STMicroelectronics lwIP 2.0.3
2026-02-08 14:07:10,006 [INFO] ThirdParty:1030 - CMSIS Pack Vendor :Cesanta I-CUBE-Mongoose 7.13.0
2026-02-08 14:07:10,006 [INFO] ThirdParty:1030 - CMSIS Pack Vendor :STMicroelectronics USB_HOST 1.0.0
2026-02-08 14:07:10,006 [INFO] ThirdParty:1030 - CMSIS Pack Vendor :STMicroelectronics X-CUBE-AZRTOS-G4 2.0.0
2026-02-08 14:07:10,006 [INFO] ThirdParty:1030 - CMSIS Pack Vendor :STMicroelectronics X-CUBE-WB05N 2.0.0
2026-02-08 14:07:10,006 [INFO] ThirdParty:1030 - CMSIS Pack Vendor :STMicroelectronics PDM2PCM 3.1.0
2026-02-08 14:07:10,006 [INFO] ThirdParty:1030 - CMSIS Pack Vendor :STMicroelectronics PDM2PCM 3.3.0
2026-02-08 14:07:10,006 [INFO] ThirdParty:1030 - CMSIS Pack Vendor :wolfSSL I-CUBE-wolfTPM 3.8.0
2026-02-08 14:07:10,006 [INFO] ThirdParty:1030 - CMSIS Pack Vendor :STMicroelectronics X-CUBE-AZRTOS-H7 3.4.0
2026-02-08 14:07:10,006 [INFO] ThirdParty:1030 - CMSIS Pack Vendor :STMicroelectronics X-CUBE-DISPLAY 3.0.0
2026-02-08 14:07:10,006 [INFO] ThirdParty:1030 - CMSIS Pack Vendor :wolfSSL I-CUBE-wolfSSH 1.4.20
2026-02-08 14:07:10,006 [INFO] ThirdParty:1030 - CMSIS Pack Vendor :STMicroelectronics X-CUBE-NFC7 2.0.0
2026-02-08 14:07:10,007 [INFO] ThirdParty:1030 - CMSIS Pack Vendor :STMicroelectronics FP-ATR-SIGFOX1 3.2.0
2026-02-08 14:07:10,007 [INFO] ThirdParty:1030 - CMSIS Pack Vendor :STMicroelectronics X-CUBE-NFC10 1.0.0
2026-02-08 14:07:10,007 [INFO] ThirdParty:1030 - CMSIS Pack Vendor :STMicroelectronics X-CUBE-FREERTOS 1.3.1
2026-02-08 14:07:10,007 [INFO] ThirdParty:1030 - CMSIS Pack Vendor :STMicroelectronics HAL Drivers 0.0.0
2026-02-08 14:07:10,007 [INFO] ThirdParty:1030 - CMSIS Pack Vendor :STMicroelectronics MBEDTLS 2.16.2
2026-02-08 14:07:10,007 [INFO] ThirdParty:1030 - CMSIS Pack Vendor :STMicroelectronics X-CUBE-ALS 1.0.2
2026-02-08 14:07:10,007 [INFO] ThirdParty:1030 - CMSIS Pack Vendor :emotas I-CUBE-CANOPEN 1.3.0
2026-02-08 14:07:10,007 [INFO] ThirdParty:1030 - CMSIS Pack Vendor :STMicroelectronics MBEDTLS 2.14.1
2026-02-08 14:07:10,007 [INFO] ThirdParty:1030 - CMSIS Pack Vendor :STMicroelectronics X-CUBE-GNSS1 7.1.0
2026-02-08 14:07:10,007 [INFO] ThirdParty:1030 - CMSIS Pack Vendor :ITTIA_DB I-CUBE-ITTIADB 8.9.0
2026-02-08 14:07:10,007 [INFO] ThirdParty:1030 - CMSIS Pack Vendor :STMicroelectronics X-CUBE-TOUCHGFX 4.26.0
2026-02-08 14:07:10,007 [INFO] ThirdParty:1030 - CMSIS Pack Vendor :STMicroelectronics X-CUBE-STSE01 1.0.0
2026-02-08 14:07:10,007 [INFO] ThirdParty:1030 - CMSIS Pack Vendor :STMicroelectronics X-CUBE-NFC6 3.2.0
2026-02-08 14:07:10,007 [INFO] ThirdParty:1030 - CMSIS Pack Vendor :STMicroelectronics X-CUBE-AI 10.2.0
2026-02-08 14:07:10,007 [INFO] ThirdParty:1030 - CMSIS Pack Vendor :STMicroelectronics ThreadX 1.0.0
2026-02-08 14:07:10,007 [INFO] ThirdParty:1030 - CMSIS Pack Vendor :STMicroelectronics FP-SNS-SMARTAG2 1.2.0
2026-02-08 14:07:10,007 [INFO] ThirdParty:1030 - CMSIS Pack Vendor :STMicroelectronics X-CUBE-AZRTOS-WL 2.0.0
2026-02-08 14:07:10,007 [INFO] ThirdParty:1030 - CMSIS Pack Vendor :SEGGER I-CUBE-embOS 1.3.1
2026-02-08 14:07:10,007 [INFO] ThirdParty:1030 - CMSIS Pack Vendor :STMicroelectronics X-CUBE-ALGOBUILD 1.4.0
2026-02-08 14:07:10,007 [INFO] ThirdParty:1030 - CMSIS Pack Vendor :STMicroelectronics X-CUBE-MEMS1 11.3.0
2026-02-08 14:07:10,007 [INFO] ThirdParty:1030 - CMSIS Pack Vendor :STMicroelectronics FP-SNS-MOTENV1 5.0.0
2026-02-08 14:07:10,007 [INFO] ThirdParty:1030 - CMSIS Pack Vendor :STMicroelectronics USB_DEVICE 1.0.0
2026-02-08 14:07:10,007 [INFO] ThirdParty:1030 - CMSIS Pack Vendor :STMicroelectronics X-CUBE-AZRTOS-H7RS 1.2.0
2026-02-08 14:07:10,007 [INFO] ThirdParty:1030 - CMSIS Pack Vendor :STMicroelectronics X-CUBE-AZRTOS-L4 2.0.0
2026-02-08 14:07:10,007 [INFO] ThirdParty:1030 - CMSIS Pack Vendor :STMicroelectronics ThreadX 0.0.2
2026-02-08 14:07:10,007 [INFO] ThirdParty:1030 - CMSIS Pack Vendor :STMicroelectronics lwIP 2.1.2
2026-02-08 14:07:10,007 [INFO] ThirdParty:1030 - CMSIS Pack Vendor :STMicroelectronics X-CUBE-SFXS2LP1 4.0.0
2026-02-08 14:07:10,008 [INFO] ThirdParty:1030 - CMSIS Pack Vendor :STMicroelectronics X-CUBE-BLE2 3.3.0
2026-02-08 14:07:10,008 [INFO] ThirdParty:1030 - CMSIS Pack Vendor :STMicroelectronics PDM2PCM 3.2.0
2026-02-08 14:07:10,008 [INFO] ThirdParty:841 - exiting critical section [change project]
2026-02-08 14:07:10,527 [INFO] PinOutPanel:1499 - setPackage(No Configuration,No Configuration)
2026-02-08 14:07:10,528 [INFO] PinOutPanel:1499 - setPackage(STM32F429ZITx,LQFP144)
2026-02-08 14:07:11,078 [INFO] UtilMem:75 - Before build in PCC Used Memory: 517148032 Bytes (662700032)
2026-02-08 14:07:12,059 [INFO] UtilMem:75 - After build in PCC Used Memory: 252051376 Bytes (662700032)
2026-02-08 14:07:12,100 [INFO] IPUIPlugin:80 - create IPUIPlugin
2026-02-08 14:07:12,100 [INFO] IPUIPlugin:80 - create IPUIPlugin
2026-02-08 14:07:12,101 [INFO] IPUIPlugin:80 - create IPUIPlugin
2026-02-08 14:07:12,101 [INFO] IPUIPlugin:80 - create IPUIPlugin
2026-02-08 14:07:12,101 [INFO] IPUIPlugin:80 - create IPUIPlugin
2026-02-08 14:07:12,101 [INFO] IPUIPlugin:80 - create IPUIPlugin
2026-02-08 14:07:12,102 [INFO] IPUIPlugin:80 - create IPUIPlugin
2026-02-08 14:07:12,102 [INFO] IPUIPlugin:80 - create IPUIPlugin
2026-02-08 14:07:12,103 [INFO] IPUIPlugin:80 - create IPUIPlugin
2026-02-08 14:07:12,103 [INFO] IPUIPlugin:80 - create IPUIPlugin
2026-02-08 14:07:12,103 [INFO] IPUIPlugin:80 - create IPUIPlugin
2026-02-08 14:07:12,103 [INFO] IPUIPlugin:80 - create IPUIPlugin
2026-02-08 14:07:12,103 [INFO] IPUIPlugin:80 - create IPUIPlugin
2026-02-08 14:07:12,104 [INFO] IPUIPlugin:80 - create IPUIPlugin
2026-02-08 14:07:12,104 [INFO] IPUIPlugin:80 - create IPUIPlugin
2026-02-08 14:07:12,104 [INFO] IPUIPlugin:80 - create IPUIPlugin
2026-02-08 14:07:12,104 [INFO] IPUIPlugin:80 - create IPUIPlugin
2026-02-08 14:07:12,104 [INFO] IPUIPlugin:80 - create IPUIPlugin
2026-02-08 14:07:12,104 [INFO] IPUIPlugin:80 - create IPUIPlugin
2026-02-08 14:07:12,105 [INFO] IPUIPlugin:80 - create IPUIPlugin
2026-02-08 14:07:12,105 [INFO] IPUIPlugin:80 - create IPUIPlugin
2026-02-08 14:07:12,105 [INFO] IPUIPlugin:80 - create IPUIPlugin
2026-02-08 14:07:12,106 [INFO] IPUIPlugin:80 - create IPUIPlugin
2026-02-08 14:07:12,106 [INFO] IPUIPlugin:80 - create IPUIPlugin
2026-02-08 14:07:12,106 [INFO] IPUIPlugin:80 - create IPUIPlugin
2026-02-08 14:07:12,107 [INFO] IPUIPlugin:80 - create IPUIPlugin
2026-02-08 14:07:12,107 [INFO] IPUIPlugin:80 - create IPUIPlugin
2026-02-08 14:07:12,107 [INFO] IPUIPlugin:80 - create IPUIPlugin
2026-02-08 14:07:12,108 [INFO] IPUIPlugin:80 - create IPUIPlugin
2026-02-08 14:07:12,108 [INFO] IPUIPlugin:80 - create IPUIPlugin
2026-02-08 14:07:12,109 [INFO] IPUIPlugin:80 - create IPUIPlugin
2026-02-08 14:07:12,109 [INFO] IPUIPlugin:80 - create IPUIPlugin
2026-02-08 14:07:12,109 [INFO] IPUIPlugin:80 - create IPUIPlugin
2026-02-08 14:07:12,110 [INFO] IPUIPlugin:80 - create IPUIPlugin
2026-02-08 14:07:12,110 [INFO] IPUIPlugin:80 - create IPUIPlugin
2026-02-08 14:07:12,110 [INFO] IPUIPlugin:80 - create IPUIPlugin
2026-02-08 14:07:12,111 [INFO] IPUIPlugin:80 - create IPUIPlugin
2026-02-08 14:07:12,111 [INFO] IPUIPlugin:80 - create IPUIPlugin
2026-02-08 14:07:12,112 [INFO] IPUIPlugin:80 - create IPUIPlugin
2026-02-08 14:07:12,112 [INFO] IPUIPlugin:80 - create IPUIPlugin
2026-02-08 14:07:12,113 [INFO] IPUIPlugin:80 - create IPUIPlugin
2026-02-08 14:07:12,113 [INFO] IPUIPlugin:80 - create IPUIPlugin
2026-02-08 14:07:12,113 [INFO] IPUIPlugin:80 - create IPUIPlugin
2026-02-08 14:07:12,114 [INFO] IPUIPlugin:80 - create IPUIPlugin
2026-02-08 14:07:12,114 [INFO] IPUIPlugin:80 - create IPUIPlugin
2026-02-08 14:07:12,115 [INFO] IPUIPlugin:80 - create IPUIPlugin
2026-02-08 14:07:12,115 [INFO] IPUIPlugin:80 - create IPUIPlugin
2026-02-08 14:07:12,116 [INFO] IPUIPlugin:80 - create IPUIPlugin
2026-02-08 14:07:12,116 [INFO] IPUIPlugin:80 - create IPUIPlugin
2026-02-08 14:07:12,116 [INFO] IPUIPlugin:80 - create IPUIPlugin
2026-02-08 14:07:12,117 [INFO] IPUIPlugin:80 - create IPUIPlugin
2026-02-08 14:07:12,117 [INFO] IPUIPlugin:80 - create IPUIPlugin
2026-02-08 14:07:12,118 [INFO] IPUIPlugin:80 - create IPUIPlugin
2026-02-08 14:07:12,118 [INFO] IPUIPlugin:80 - create IPUIPlugin
2026-02-08 14:07:12,119 [INFO] IPUIPlugin:80 - create IPUIPlugin
2026-02-08 14:07:12,119 [INFO] IPUIPlugin:80 - create IPUIPlugin
2026-02-08 14:07:12,120 [INFO] IPUIPlugin:80 - create IPUIPlugin
2026-02-08 14:07:12,120 [INFO] IPUIPlugin:80 - create IPUIPlugin
2026-02-08 14:07:12,121 [INFO] IPUIPlugin:80 - create IPUIPlugin
2026-02-08 14:07:12,121 [INFO] IPUIPlugin:80 - create IPUIPlugin
2026-02-08 14:07:12,122 [INFO] IPUIPlugin:80 - create IPUIPlugin
2026-02-08 14:07:12,123 [INFO] IPUIPlugin:80 - create IPUIPlugin
2026-02-08 14:07:12,123 [INFO] IPUIPlugin:80 - create IPUIPlugin
2026-02-08 14:07:12,124 [INFO] IPUIPlugin:80 - create IPUIPlugin
2026-02-08 14:07:12,124 [INFO] IPUIPlugin:80 - create IPUIPlugin
2026-02-08 14:07:12,125 [INFO] IPUIPlugin:80 - create IPUIPlugin
2026-02-08 14:07:12,285 [INFO] ApiDbMcu:507 - Load IP Config File for PDM2PCM
2026-02-08 14:07:12,557 [INFO] CADModel:165 - CPN selected for project levelSTM32F429ZIT6
2026-02-08 14:07:12,557 [INFO] CADModel:114 - Register for checkConnection events
2026-02-08 14:07:12,604 [INFO] OpenFileManager:328 - Restore cursor
2026-02-08 14:07:13,413 [INFO] UtilMem:75 - End SaveConfig() Used Memory: 435033472 Bytes (662700032)
2026-02-08 14:07:13,485 [INFO] UtilMem:75 - End SaveConfig() Used Memory: 463930064 Bytes (662700032)
2026-02-08 14:07:14,253 [INFO] BlockDiagram:2759 - set Specific Code input for plugin: RCC
2026-02-08 14:07:14,253 [INFO] BlockDiagram:2759 - set Specific Code input for plugin: NVIC
2026-02-08 14:07:14,254 [INFO] CodeGenerator:799 - code generatio: config db path: D:\ST\STM32CubeIDE_1.9.0\STM32CubeIDE\plugins\com.st.stm32cube.common.mx_6.9.0.202307051724\\db\
2026-02-08 14:07:14,508 [INFO] CodeEngine:255 - oldGeneratedFile, D:\Users\soumy\GitHub\Learn_embedded_software_dev\EmbeddedProjects\Embedded_Displays\1_LCD_Test\MXTmpFiles\license.tmp_save
2026-02-08 14:07:15,006 [INFO] CodeEngine:279 - Generated code: D:\Users\soumy\GitHub\Learn_embedded_software_dev\EmbeddedProjects\Embedded_Displays\1_LCD_Test\MXTmpFiles\license.tmp
2026-02-08 14:07:15,040 [INFO] CodeEngine:255 - oldGeneratedFile, D:\Users\soumy\GitHub\Learn_embedded_software_dev\EmbeddedProjects\Embedded_Displays\1_LCD_Test\Core\Src\stm32f4xx_it.c_save
2026-02-08 14:07:15,172 [INFO] CodeEngine:279 - Generated code: D:\Users\soumy\GitHub\Learn_embedded_software_dev\EmbeddedProjects\Embedded_Displays\1_LCD_Test\Core\Src\stm32f4xx_it.c
2026-02-08 14:07:15,175 [INFO] CodeEngine:255 - oldGeneratedFile, D:\Users\soumy\GitHub\Learn_embedded_software_dev\EmbeddedProjects\Embedded_Displays\1_LCD_Test\Core\Inc\stm32f4xx_it.h_save
2026-02-08 14:07:15,250 [INFO] CodeEngine:279 - Generated code: D:\Users\soumy\GitHub\Learn_embedded_software_dev\EmbeddedProjects\Embedded_Displays\1_LCD_Test\Core\Inc\stm32f4xx_it.h
2026-02-08 14:07:15,366 [INFO] CodeEngine:255 - oldGeneratedFile, D:\Users\soumy\GitHub\Learn_embedded_software_dev\EmbeddedProjects\Embedded_Displays\1_LCD_Test\Core\Src\stm32f4xx_hal_msp.c_save
2026-02-08 14:07:15,482 [INFO] CodeEngine:279 - Generated code: D:\Users\soumy\GitHub\Learn_embedded_software_dev\EmbeddedProjects\Embedded_Displays\1_LCD_Test\Core\Src\stm32f4xx_hal_msp.c
2026-02-08 14:07:15,486 [INFO] CodeEngine:255 - oldGeneratedFile, D:\Users\soumy\GitHub\Learn_embedded_software_dev\EmbeddedProjects\Embedded_Displays\1_LCD_Test\MXTmpFiles\system.tmp_save
2026-02-08 14:07:15,567 [INFO] CodeEngine:279 - Generated code: D:\Users\soumy\GitHub\Learn_embedded_software_dev\EmbeddedProjects\Embedded_Displays\1_LCD_Test\MXTmpFiles\system.tmp
2026-02-08 14:07:15,576 [INFO] CodeEngine:311 - oldGeneratedFile, D:\Users\soumy\GitHub\Learn_embedded_software_dev\EmbeddedProjects\Embedded_Displays\1_LCD_Test\Core\Inc\stm32f4xx_hal_conf.h_save
2026-02-08 14:07:15,666 [INFO] CodeEngine:335 - Generated code: D:\Users\soumy\GitHub\Learn_embedded_software_dev\EmbeddedProjects\Embedded_Displays\1_LCD_Test\Core\Inc\stm32f4xx_hal_conf.h
2026-02-08 14:07:15,742 [INFO] CodeEngine:255 - oldGeneratedFile, D:\Users\soumy\GitHub\Learn_embedded_software_dev\EmbeddedProjects\Embedded_Displays\1_LCD_Test\Core\Inc\main.h_save
2026-02-08 14:07:15,832 [INFO] CodeEngine:279 - Generated code: D:\Users\soumy\GitHub\Learn_embedded_software_dev\EmbeddedProjects\Embedded_Displays\1_LCD_Test\Core\Inc\main.h
2026-02-08 14:07:15,836 [INFO] CodeEngine:255 - oldGeneratedFile, D:\Users\soumy\GitHub\Learn_embedded_software_dev\EmbeddedProjects\Embedded_Displays\1_LCD_Test\Core\Src\main.c_save
2026-02-08 14:07:15,952 [INFO] CodeEngine:279 - Generated code: D:\Users\soumy\GitHub\Learn_embedded_software_dev\EmbeddedProjects\Embedded_Displays\1_LCD_Test\Core\Src\main.c
2026-02-08 14:07:16,775 [INFO] ProjectBuilder:3064 - Time for Copy HAL[1] : 311mS.
2026-02-08 14:07:16,782 [INFO] ProjectBuilder:4404 - Project Generator version: 4.1.0
2026-02-08 14:07:17,096 [INFO] ConfigFileManager:1457 - The Die is : DIE419
2026-02-08 14:07:17,142 [INFO] ApiDbMcu:507 - Load IP Config File for FATFS
2026-02-08 14:07:17,175 [INFO] ApiDbMcu:507 - Load IP Config File for FREERTOS
2026-02-08 14:07:17,196 [INFO] ApiDbMcu:507 - Load IP Config File for LIBJPEG
2026-02-08 14:07:17,211 [INFO] ApiDbMcu:507 - Load IP Config File for LWIP
2026-02-08 14:07:17,226 [INFO] ApiDbMcu:507 - Load IP Config File for MBEDTLS
2026-02-08 14:07:17,245 [INFO] ApiDbMcu:507 - Load IP Config File for USB_DEVICE
2026-02-08 14:07:17,260 [INFO] ApiDbMcu:507 - Load IP Config File for USB_HOST
2026-02-08 14:07:18,458 [INFO] LogOutputStream:77 - [STDOUT_REDIRECT] 
2026-02-08 14:07:25,518 [INFO] ProjectBuilder:4626 - Time for Generating toolchain IDE Files: 8736mS.
2026-02-08 14:07:25,519 [INFO] ProjectBuilder:2935 - Time for Copy CMSIS : 0mS.
2026-02-08 14:07:25,520 [INFO] ProjectBuilder:2935 - Time for Copy CMSIS : 0mS.
2026-02-08 14:07:26,737 [INFO] McuFinderGlobals:76 - Set McuFinderConnectedMode to true
2026-02-08 14:07:26,742 [INFO] ApiDb:448 - Save user favorites file C:\Users\soumy/.stm32cubeide/favorites.mcus.txt: 2 item(s)
2026-02-08 14:07:26,743 [INFO] ApiDb:452 - User favorites MCUs=[STM32F103RBT6, STM32F429ZIT6]
2026-02-08 14:40:17,731 [ERROR] LogOutputStream:75 - [STDERR_REDIRECT] SLF4J: Failed to load class "org.slf4j.impl.StaticLoggerBinder".
2026-02-08 14:40:17,732 [ERROR] LogOutputStream:75 - [STDERR_REDIRECT] SLF4J: Defaulting to no-operation (NOP) logger implementation
2026-02-08 14:40:17,734 [ERROR] LogOutputStream:75 - [STDERR_REDIRECT] SLF4J: See http://www.slf4j.org/codes.html#StaticLoggerBinder for further details.
2026-02-08 18:26:32,680 [INFO] Gpio:273 - dependency for GPIO [SPI5, USART1]
2026-02-08 18:26:41,551 [INFO] Gpio:273 - dependency for GPIO [SPI5, USART1]
2026-02-08 18:27:07,511 [INFO] UtilMem:75 - End SaveConfig() Used Memory: 724044888 Bytes (1073741824)
2026-02-08 18:27:11,400 [INFO] UtilMem:75 - End SaveConfig() Used Memory: 833096792 Bytes (1073741824)
2026-02-08 18:27:11,743 [INFO] BlockDiagram:2759 - set Specific Code input for plugin: SPI
2026-02-08 18:27:11,743 [INFO] BlockDiagram:2759 - set Specific Code input for plugin: RCC
2026-02-08 18:27:11,743 [INFO] BlockDiagram:2759 - set Specific Code input for plugin: NVIC
2026-02-08 18:27:11,743 [INFO] BlockDiagram:2759 - set Specific Code input for plugin: USART
2026-02-08 18:27:11,744 [INFO] BlockDiagram:2759 - set Specific Code input for plugin: GPIO
2026-02-08 18:27:11,745 [INFO] CodeGenerator:799 - code generatio: config db path: D:\ST\STM32CubeIDE_1.9.0\STM32CubeIDE\plugins\com.st.stm32cube.common.mx_6.9.0.202307051724\\db\
2026-02-08 18:27:11,931 [INFO] CodeEngine:255 - oldGeneratedFile, D:\Users\soumy\GitHub\Learn_embedded_software_dev\EmbeddedProjects\Embedded_Displays\1_LCD_Test\MXTmpFiles\license.tmp_save
2026-02-08 18:27:12,619 [INFO] CodeEngine:279 - Generated code: D:\Users\soumy\GitHub\Learn_embedded_software_dev\EmbeddedProjects\Embedded_Displays\1_LCD_Test\MXTmpFiles\license.tmp
2026-02-08 18:27:12,778 [INFO] CodeEngine:255 - oldGeneratedFile, D:\Users\soumy\GitHub\Learn_embedded_software_dev\EmbeddedProjects\Embedded_Displays\1_LCD_Test\Core\Src\gpio.c_save
2026-02-08 18:27:12,850 [INFO] CodeEngine:279 - Generated code: D:\Users\soumy\GitHub\Learn_embedded_software_dev\EmbeddedProjects\Embedded_Displays\1_LCD_Test\Core\Src\gpio.c
2026-02-08 18:27:12,873 [INFO] CodeEngine:255 - oldGeneratedFile, D:\Users\soumy\GitHub\Learn_embedded_software_dev\EmbeddedProjects\Embedded_Displays\1_LCD_Test\Core\Inc\gpio.h_save
2026-02-08 18:27:12,937 [INFO] CodeEngine:279 - Generated code: D:\Users\soumy\GitHub\Learn_embedded_software_dev\EmbeddedProjects\Embedded_Displays\1_LCD_Test\Core\Inc\gpio.h
2026-02-08 18:27:13,250 [INFO] CodeEngine:255 - oldGeneratedFile, D:\Users\soumy\GitHub\Learn_embedded_software_dev\EmbeddedProjects\Embedded_Displays\1_LCD_Test\Core\Src\spi.c_save
2026-02-08 18:27:13,364 [INFO] CodeEngine:279 - Generated code: D:\Users\soumy\GitHub\Learn_embedded_software_dev\EmbeddedProjects\Embedded_Displays\1_LCD_Test\Core\Src\spi.c
2026-02-08 18:27:13,383 [INFO] CodeEngine:255 - oldGeneratedFile, D:\Users\soumy\GitHub\Learn_embedded_software_dev\EmbeddedProjects\Embedded_Displays\1_LCD_Test\Core\Inc\spi.h_save
2026-02-08 18:27:13,437 [INFO] CodeEngine:279 - Generated code: D:\Users\soumy\GitHub\Learn_embedded_software_dev\EmbeddedProjects\Embedded_Displays\1_LCD_Test\Core\Inc\spi.h
2026-02-08 18:27:13,444 [INFO] CodeEngine:255 - oldGeneratedFile, D:\Users\soumy\GitHub\Learn_embedded_software_dev\EmbeddedProjects\Embedded_Displays\1_LCD_Test\Core\Src\usart.c_save
2026-02-08 18:27:13,525 [INFO] CodeEngine:279 - Generated code: D:\Users\soumy\GitHub\Learn_embedded_software_dev\EmbeddedProjects\Embedded_Displays\1_LCD_Test\Core\Src\usart.c
2026-02-08 18:27:13,529 [INFO] CodeEngine:255 - oldGeneratedFile, D:\Users\soumy\GitHub\Learn_embedded_software_dev\EmbeddedProjects\Embedded_Displays\1_LCD_Test\Core\Inc\usart.h_save
2026-02-08 18:27:13,577 [INFO] CodeEngine:279 - Generated code: D:\Users\soumy\GitHub\Learn_embedded_software_dev\EmbeddedProjects\Embedded_Displays\1_LCD_Test\Core\Inc\usart.h
2026-02-08 18:27:13,584 [INFO] CodeEngine:255 - oldGeneratedFile, D:\Users\soumy\GitHub\Learn_embedded_software_dev\EmbeddedProjects\Embedded_Displays\1_LCD_Test\Core\Src\stm32f4xx_it.c_save
2026-02-08 18:27:13,781 [INFO] CodeEngine:279 - Generated code: D:\Users\soumy\GitHub\Learn_embedded_software_dev\EmbeddedProjects\Embedded_Displays\1_LCD_Test\Core\Src\stm32f4xx_it.c
2026-02-08 18:27:13,787 [INFO] CodeEngine:255 - oldGeneratedFile, D:\Users\soumy\GitHub\Learn_embedded_software_dev\EmbeddedProjects\Embedded_Displays\1_LCD_Test\Core\Inc\stm32f4xx_it.h_save
2026-02-08 18:27:13,848 [INFO] CodeEngine:279 - Generated code: D:\Users\soumy\GitHub\Learn_embedded_software_dev\EmbeddedProjects\Embedded_Displays\1_LCD_Test\Core\Inc\stm32f4xx_it.h
2026-02-08 18:27:13,867 [INFO] CodeEngine:255 - oldGeneratedFile, D:\Users\soumy\GitHub\Learn_embedded_software_dev\EmbeddedProjects\Embedded_Displays\1_LCD_Test\Core\Src\stm32f4xx_hal_msp.c_save
2026-02-08 18:27:13,969 [INFO] CodeEngine:279 - Generated code: D:\Users\soumy\GitHub\Learn_embedded_software_dev\EmbeddedProjects\Embedded_Displays\1_LCD_Test\Core\Src\stm32f4xx_hal_msp.c
2026-02-08 18:27:13,972 [INFO] CodeEngine:255 - oldGeneratedFile, D:\Users\soumy\GitHub\Learn_embedded_software_dev\EmbeddedProjects\Embedded_Displays\1_LCD_Test\MXTmpFiles\system.tmp_save
2026-02-08 18:27:14,039 [INFO] CodeEngine:279 - Generated code: D:\Users\soumy\GitHub\Learn_embedded_software_dev\EmbeddedProjects\Embedded_Displays\1_LCD_Test\MXTmpFiles\system.tmp
2026-02-08 18:27:14,045 [INFO] CodeEngine:311 - oldGeneratedFile, D:\Users\soumy\GitHub\Learn_embedded_software_dev\EmbeddedProjects\Embedded_Displays\1_LCD_Test\Core\Inc\stm32f4xx_hal_conf.h_save
2026-02-08 18:27:14,117 [INFO] CodeEngine:335 - Generated code: D:\Users\soumy\GitHub\Learn_embedded_software_dev\EmbeddedProjects\Embedded_Displays\1_LCD_Test\Core\Inc\stm32f4xx_hal_conf.h
2026-02-08 18:27:14,142 [INFO] CodeEngine:255 - oldGeneratedFile, D:\Users\soumy\GitHub\Learn_embedded_software_dev\EmbeddedProjects\Embedded_Displays\1_LCD_Test\Core\Inc\main.h_save
2026-02-08 18:27:14,208 [INFO] CodeEngine:279 - Generated code: D:\Users\soumy\GitHub\Learn_embedded_software_dev\EmbeddedProjects\Embedded_Displays\1_LCD_Test\Core\Inc\main.h
2026-02-08 18:27:14,212 [INFO] CodeEngine:255 - oldGeneratedFile, D:\Users\soumy\GitHub\Learn_embedded_software_dev\EmbeddedProjects\Embedded_Displays\1_LCD_Test\Core\Src\main.c_save
2026-02-08 18:27:14,298 [INFO] CodeEngine:279 - Generated code: D:\Users\soumy\GitHub\Learn_embedded_software_dev\EmbeddedProjects\Embedded_Displays\1_LCD_Test\Core\Src\main.c
2026-02-08 18:27:15,532 [INFO] ProjectBuilder:3064 - Time for Copy HAL[1] : 157mS.
2026-02-08 18:27:15,536 [INFO] ProjectBuilder:4404 - Project Generator version: 4.1.0
2026-02-08 18:27:15,899 [INFO] ConfigFileManager:1457 - The Die is : DIE419
2026-02-08 18:27:19,429 [INFO] ProjectBuilder:4626 - Time for Generating toolchain IDE Files: 3893mS.
2026-02-08 18:27:19,430 [INFO] ProjectBuilder:2935 - Time for Copy CMSIS : 0mS.
2026-02-08 18:27:19,432 [INFO] ProjectBuilder:2935 - Time for Copy CMSIS : 0mS.
